{"type":"FeatureCollection","name":"Quezon City Barangays","source":"OpenStreetMap via Overpass API (ODbL)","features":[{"type":"Feature","properties":{"name":"Alicia","osm_id":338208},"geometry":{"type":"Polygon","coordinates":[[[121.0220706,14.6614182],[121.0222352,14.6614194],[121.0223701,14.6613721],[121.0227083,14.6612377],[121.0231662,14.6610335],[121.0236045,14.6608334],[121.0235688,14.6607709],[121.0235259,14.6606713],[121.023487,14.6605559],[121.0234643,14.6603909],[121.0235291,14.6603644],[121.0236985,14.6603053],[121.0239525,14.6602681],[121.0241318,14.6602696],[121.0242409,14.6602931],[121.0244042,14.6603606],[121.0245377,14.6604318],[121.0245985,14.6603426],[121.0247077,14.6602623],[121.0248165,14.6602162],[121.0256022,14.6599944],[121.0257218,14.6598418],[121.0257487,14.6598512],[121.0261534,14.6599918],[121.0263452,14.6600577],[121.026405,14.660341],[121.0264506,14.6605573],[121.0265093,14.6606789],[121.026545,14.6607452],[121.0265766,14.6607917],[121.0266151,14.6608386],[121.026654,14.6608832],[121.0267495,14.6609834],[121.0268917,14.6611287],[121.0269483,14.6611774],[121.0274437,14.6616057],[121.0271343,14.6619573],[121.0268298,14.6623139],[121.0265118,14.6626727],[121.0263588,14.6628226],[121.0262935,14.662711],[121.0262304,14.6626142],[121.0261561,14.6625396],[121.0260698,14.6624672],[121.0259688,14.662382],[121.0258694,14.6623155],[121.0257155,14.6622236],[121.0255934,14.6622046],[121.0254978,14.6622104],[121.0253979,14.6622366],[121.0252791,14.6622983],[121.0251584,14.6623799],[121.02494,14.6625433],[121.0248099,14.662658],[121.024695,14.6627664],[121.0246045,14.6628448],[121.0244935,14.6629226],[121.024364,14.6629962],[121.024226,14.6630349],[121.0241237,14.6630394],[121.023981,14.663017],[121.0238685,14.6629639],[121.0237749,14.6628906],[121.0237183,14.6628323],[121.0236247,14.6627175],[121.0233797,14.6623568],[121.0232917,14.6622443],[121.0232137,14.6621595],[121.023149,14.662094],[121.0230538,14.6620297],[121.0229463,14.661962],[121.0228379,14.661908],[121.0225168,14.6617741],[121.0222126,14.6616791],[121.0220537,14.6616416],[121.0220706,14.6614182]]]}},{"type":"Feature","properties":{"name":"Amihan","osm_id":554739},"geometry":{"type":"Polygon","coordinates":[[[121.0695337,14.6304885],[121.0698562,14.6306394],[121.070245,14.6308288],[121.0705857,14.6309957],[121.0706263,14.6310147],[121.070657,14.631029],[121.0706952,14.6310395],[121.0707713,14.6310784],[121.0697893,14.6331155],[121.0697194,14.6331771],[121.0695585,14.6331453],[121.0694865,14.6331698],[121.0694415,14.6332519],[121.0694365,14.6334121],[121.0692769,14.6335587],[121.0691918,14.6336772],[121.0690288,14.6337655],[121.0687659,14.6339058],[121.0686003,14.6339893],[121.0684265,14.6340136],[121.0680427,14.6340445],[121.0678952,14.6340001],[121.0674443,14.6337619],[121.0670159,14.6336324],[121.066928,14.6338444],[121.0667503,14.6339659],[121.0665856,14.6339495],[121.0664687,14.6338232],[121.0662319,14.6337569],[121.0660918,14.6337336],[121.0658873,14.6336232],[121.0657911,14.6335179],[121.0661586,14.6328746],[121.0665642,14.6323604],[121.0665671,14.6323567],[121.0669106,14.631796],[121.0672539,14.6316216],[121.0675887,14.6314888],[121.0683371,14.629917],[121.0687446,14.6301146],[121.0688527,14.6301671],[121.0689635,14.6302191],[121.0690208,14.6302463],[121.0693317,14.630394],[121.0695337,14.6304885]]]}},{"type":"Feature","properties":{"name":"Apolonio Samson","osm_id":1693440},"geometry":{"type":"Polygon","coordinates":[[[121.0155602,14.6575965],[121.0157199,14.6573876],[121.0157654,14.6573244],[121.0157774,14.6572565],[121.0157543,14.6571875],[121.0157221,14.6571272],[121.0156079,14.6570052],[121.0154554,14.6569143],[121.0153564,14.6568228],[121.0152961,14.6566331],[121.0152049,14.6564891],[121.0150819,14.6562383],[121.0150423,14.6560502],[121.015045,14.6558216],[121.0150403,14.6544959],[121.0148343,14.6543547],[121.0147279,14.6542688],[121.0146292,14.6541473],[121.0145547,14.654032],[121.0144377,14.6537272],[121.0143788,14.6535004],[121.0143194,14.6531609],[121.0138188,14.6504193],[121.0136683,14.64992],[121.0134846,14.6497153],[121.0133663,14.6496131],[121.0132466,14.6495237],[121.0131571,14.6494807],[121.0130672,14.64946],[121.0129193,14.6494316],[121.0127869,14.6493886],[121.0126662,14.6493899],[121.0125415,14.6493847],[121.0124083,14.649333],[121.012217,14.649229],[121.0121807,14.6491823],[121.0121575,14.6491267],[121.0121123,14.6489695],[121.0121012,14.6488308],[121.0121069,14.6487204],[121.0121271,14.6486282],[121.01217,14.648467],[121.0122196,14.6480703],[121.0122881,14.6476753],[121.0123577,14.6472529],[121.0124234,14.6468234],[121.0123966,14.646658],[121.0123403,14.6465094],[121.012288,14.6463628],[121.0121419,14.6460358],[121.0119336,14.6456506],[121.0117744,14.645413],[121.0116291,14.6452056],[121.0114982,14.6450562],[121.0113949,14.6449122],[121.0112447,14.6446851],[121.0111607,14.6445921],[121.0110556,14.6445359],[121.0109346,14.6445061],[121.0107207,14.6444747],[121.0084635,14.6455354],[121.008404,14.6454715],[121.0081601,14.6454922],[121.0070659,14.6453277],[121.0061304,14.645191],[121.006299,14.6453656],[121.0066365,14.6456784],[121.0070684,14.6460829],[121.0071985,14.6461974],[121.0072351,14.6462609],[121.007364,14.6465838],[121.0074404,14.6466892],[121.007421,14.6467719],[121.0073894,14.6468507],[121.0072968,14.6469712],[121.0071813,14.6470849],[121.0071317,14.6471221],[121.0069069,14.6472673],[121.0067502,14.6477031],[121.0066419,14.6479324],[121.006753,14.6481373],[121.0067348,14.6482482],[121.0066392,14.6483452],[121.0065124,14.6484419],[121.0063001,14.6488895],[121.0061276,14.6489031],[121.0058677,14.6487932],[121.0049994,14.6486119],[121.0049056,14.6485963],[121.0048533,14.6486279],[121.0048113,14.6487214],[121.0047314,14.6488993],[121.0046561,14.6492466],[121.0047152,14.6495601],[121.004573,14.6503178],[121.0043545,14.6507997],[121.0039908,14.6514401],[121.00392,14.6515978],[121.0037173,14.6519219],[121.0035621,14.6518324],[121.0034727,14.6519935],[121.0034619,14.6521399],[121.0036648,14.652321],[121.0037705,14.6527091],[121.0038794,14.6529652],[121.004002,14.6535016],[121.004055,14.6539531],[121.0039475,14.654152],[121.0038244,14.6542703],[121.0035299,14.6544083],[121.0031886,14.6549245],[121.0031213,14.6551153],[121.0030116,14.6551603],[121.0029572,14.6551794],[121.0028621,14.6554453],[121.0028447,14.6555627],[121.002848,14.6556262],[121.0028764,14.655709],[121.0030552,14.6558221],[121.0031855,14.6559345],[121.0032713,14.6560852],[121.0033017,14.6561644],[121.0032479,14.6564505],[121.0031557,14.6565389],[121.0030999,14.6565947],[121.003098,14.6566534],[121.0031283,14.6566894],[121.0033907,14.6568305],[121.0036114,14.6569464],[121.00372,14.6570287],[121.0037377,14.6571767],[121.0037376,14.6574195],[121.0036493,14.6576879],[121.0036803,14.6579505],[121.0037303,14.6580421],[121.0038179,14.6582025],[121.0038972,14.6583509],[121.003937,14.6584282],[121.0037848,14.658851],[121.0037613,14.6589164],[121.0038736,14.6592027],[121.0039188,14.659247],[121.0039895,14.6593165],[121.0041091,14.6594339],[121.0043401,14.6596606],[121.0044201,14.6597392],[121.0044246,14.6598729],[121.0044547,14.6607622],[121.0044964,14.6607967],[121.0045301,14.6608246],[121.0045944,14.6608778],[121.0046671,14.660938],[121.0047314,14.6609912],[121.0046907,14.6611797],[121.0048193,14.6614083],[121.0047081,14.6615329],[121.0047215,14.6615938],[121.0047317,14.6616402],[121.004739,14.6616731],[121.0047628,14.6616795],[121.0047916,14.6616873],[121.004835,14.661699],[121.0048697,14.6617084],[121.0049361,14.6617819],[121.0049783,14.6618594],[121.0049739,14.6619497],[121.0049568,14.6622962],[121.0047951,14.6624558],[121.0048545,14.6625394],[121.0050136,14.6626979],[121.0050345,14.6627584],[121.005124,14.6628641],[121.0051364,14.6629724],[121.0051934,14.6632212],[121.0051607,14.6632864],[121.0052205,14.6633135],[121.0051955,14.663373],[121.0052245,14.6634538],[121.0052229,14.6635404],[121.0052558,14.6638283],[121.0054824,14.6641276],[121.005921,14.6637901],[121.0065335,14.6634645],[121.0074562,14.6630225],[121.008123,14.6626658],[121.008627,14.6622316],[121.0089139,14.6617897],[121.009938,14.6621824],[121.0100072,14.661433],[121.0106439,14.6612816],[121.0118563,14.6621534],[121.0119003,14.661951],[121.0121966,14.6621563],[121.0124063,14.6618748],[121.0125123,14.6618219],[121.0127011,14.661748],[121.0128359,14.6617025],[121.013096,14.661608],[121.0133759,14.6616145],[121.0133783,14.6615481],[121.0133846,14.6613985],[121.0137428,14.6614982],[121.0139917,14.6615729],[121.0143825,14.6616524],[121.0144637,14.6616559],[121.0144813,14.6616686],[121.0146546,14.6613878],[121.0148218,14.661154],[121.0150021,14.6610164],[121.0151044,14.6609338],[121.0152235,14.6608321],[121.0152066,14.6607776],[121.0151298,14.6606688],[121.0150712,14.6605496],[121.0149998,14.6604122],[121.0149392,14.6602538],[121.0149018,14.6601499],[121.0148866,14.6600978],[121.0147811,14.6597666],[121.0146984,14.6592631],[121.0146564,14.6591223],[121.0146564,14.6590029],[121.0146644,14.658938],[121.0147034,14.6588407],[121.0148052,14.6586124],[121.0149287,14.6583649],[121.0150655,14.6581116],[121.0151191,14.6580454],[121.015251,14.657934],[121.0153706,14.6578277],[121.0155602,14.6575965]]]}},{"type":"Feature","properties":{"name":"Baesa","osm_id":1751063},"geometry":{"type":"Polygon","coordinates":[[[121.014895,14.6806545],[121.0150779,14.6806487],[121.0152166,14.6806469],[121.015324,14.6806459],[121.0155874,14.6806459],[121.0157121,14.6806459],[121.0158596,14.6806435],[121.0161739,14.6806369],[121.0165152,14.6806083],[121.016649,14.680587],[121.0169165,14.6805413],[121.0171838,14.6804975],[121.0175671,14.6804174],[121.0176276,14.6804045],[121.0178833,14.6803252],[121.0181688,14.6802155],[121.0183648,14.6801445],[121.0184569,14.6801316],[121.0187694,14.6801049],[121.018905,14.6800915],[121.018837,14.6800122],[121.0188223,14.6799928],[121.0186817,14.6798245],[121.0186269,14.6797566],[121.0185905,14.6797169],[121.0184058,14.6795012],[121.01813,14.6791702],[121.0180197,14.6790392],[121.0177321,14.6786965],[121.017635,14.6785849],[121.0175525,14.6784886],[121.0174192,14.6783319],[121.0172711,14.678153],[121.0171803,14.6780483],[121.0170626,14.6779145],[121.0169096,14.6758082],[121.0168022,14.6752166],[121.0167405,14.6746068],[121.0166752,14.6734131],[121.0170668,14.6736973],[121.0174911,14.6724896],[121.01645,14.6723571],[121.0163302,14.6716693],[121.0162608,14.6703182],[121.0158746,14.670038],[121.0156386,14.6697577],[121.0155599,14.669728],[121.0157449,14.6695478],[121.0157883,14.669451],[121.0158084,14.6694014],[121.0157056,14.6691843],[121.0155616,14.6688824],[121.0156845,14.6688112],[121.0157388,14.6687785],[121.0157995,14.6687442],[121.0160938,14.6685684],[121.0164112,14.6683672],[121.0165003,14.6683147],[121.0165246,14.6682989],[121.0166654,14.668216],[121.0167274,14.668183],[121.0168062,14.668152],[121.0169081,14.6681305],[121.0169978,14.6681144],[121.017097,14.6680882],[121.017164,14.6680531],[121.0172159,14.6680066],[121.0172672,14.6679532],[121.0173705,14.6678553],[121.0174519,14.6677968],[121.017527,14.6677817],[121.0173319,14.6675627],[121.0172454,14.6674939],[121.0171688,14.6674343],[121.0170717,14.6673746],[121.0169457,14.6673227],[121.0168451,14.6672876],[121.0166768,14.6671901],[121.0165427,14.6670567],[121.0164745,14.6669841],[121.0164237,14.66693],[121.016359,14.6668336],[121.01631,14.6667408],[121.0162514,14.6666309],[121.0162264,14.6665399],[121.0162241,14.6664239],[121.0162653,14.6662736],[121.016313,14.6661436],[121.0163771,14.6660727],[121.0164109,14.6660509],[121.0164971,14.6659921],[121.0166003,14.665891],[121.0167341,14.6658064],[121.0167821,14.6657067],[121.0168458,14.6655861],[121.016825,14.6654985],[121.0167989,14.6654602],[121.016756,14.6654103],[121.0166694,14.6653028],[121.0164998,14.6651787],[121.0163332,14.6650631],[121.0162758,14.6650146],[121.0162443,14.6649672],[121.0162342,14.6649134],[121.0161966,14.6648621],[121.0161842,14.6648348],[121.0161752,14.6647966],[121.0161323,14.6647233],[121.016117,14.6646784],[121.016048,14.664427],[121.0159948,14.6642485],[121.0159646,14.6640714],[121.0159533,14.663963],[121.0159159,14.6638395],[121.0158951,14.6637968],[121.0158573,14.6637347],[121.0158212,14.6636919],[121.0157776,14.6636646],[121.0157233,14.6636458],[121.0156421,14.6636387],[121.0155813,14.6636188],[121.0155476,14.6635952],[121.0154466,14.6634956],[121.0153592,14.6634434],[121.0153245,14.6634093],[121.0152465,14.6631937],[121.0152343,14.6630852],[121.0151995,14.6628693],[121.0151891,14.6627557],[121.0151875,14.6625748],[121.0151446,14.6624723],[121.0150922,14.6623498],[121.0150654,14.6623023],[121.0150578,14.6622826],[121.0150323,14.6622081],[121.014993,14.662083],[121.0150015,14.661974],[121.0150399,14.661878],[121.0150818,14.6617896],[121.0151781,14.6616938],[121.0152626,14.661577],[121.015429,14.6613726],[121.015453,14.6613331],[121.0154562,14.6612919],[121.0154477,14.6612105],[121.0153245,14.6610142],[121.0152235,14.6608321],[121.0151044,14.6609338],[121.0150021,14.6610164],[121.0148218,14.661154],[121.0146546,14.6613878],[121.0144813,14.6616686],[121.0144637,14.6616559],[121.0143825,14.6616524],[121.0139917,14.6615729],[121.0137428,14.6614982],[121.0133846,14.6613985],[121.0133783,14.6615481],[121.0133759,14.6616145],[121.013096,14.661608],[121.0128359,14.6617025],[121.0127011,14.661748],[121.0125123,14.6618219],[121.0124063,14.6618748],[121.0121966,14.6621563],[121.0119003,14.661951],[121.0118563,14.6621534],[121.0106439,14.6612816],[121.0100072,14.661433],[121.009938,14.6621824],[121.0089139,14.6617897],[121.008627,14.6622316],[121.008123,14.6626658],[121.0074562,14.6630225],[121.0065335,14.6634645],[121.005921,14.6637901],[121.0054824,14.6641276],[121.0057445,14.6644324],[121.0059706,14.6646115],[121.0054001,14.6653573],[121.0051032,14.6653131],[121.0041908,14.6663855],[121.0041474,14.6664319],[121.002918,14.6672639],[121.0028461,14.6673495],[121.0026451,14.6670129],[121.0024938,14.6668011],[121.0024658,14.6667628],[121.0023654,14.6670415],[121.0022465,14.6672696],[121.0022246,14.667334],[121.0058387,14.6710575],[121.014895,14.6806545]]]}},{"type":"Feature","properties":{"name":"Bagbag","osm_id":399346},"geometry":{"type":"Polygon","coordinates":[[[121.0179631,14.7033858],[121.0178562,14.7032227],[121.0177166,14.7030583],[121.0176377,14.7029552],[121.0175811,14.7028717],[121.0175192,14.7027566],[121.0174702,14.7026572],[121.0173968,14.7024994],[121.0173523,14.7023908],[121.0173277,14.7022658],[121.0173175,14.7021902],[121.0173206,14.7020925],[121.0173586,14.7019482],[121.017406,14.7018209],[121.0175321,14.7015462],[121.0176311,14.7013391],[121.0177186,14.7011888],[121.0177798,14.7010692],[121.0178264,14.7009477],[121.0178489,14.700854],[121.0178713,14.7007532],[121.0179141,14.7006363],[121.0179549,14.7005441],[121.0180124,14.7004239],[121.018091,14.7003174],[121.0181807,14.700236],[121.0183224,14.7001],[121.0184405,14.7000049],[121.0185728,14.6999203],[121.0187004,14.6998547],[121.0188854,14.6997471],[121.0190209,14.6996618],[121.0191466,14.6995651],[121.0192927,14.6994575],[121.0194197,14.6993709],[121.0195085,14.6992806],[121.0195921,14.6991921],[121.0196704,14.6990902],[121.0197382,14.6989858],[121.0197961,14.6988904],[121.0198784,14.6987631],[121.0199679,14.6986358],[121.0200508,14.6985307],[121.0201442,14.6983862],[121.0201949,14.6982838],[121.0202416,14.6982042],[121.0202798,14.6981558],[121.0203443,14.6980973],[121.0204206,14.6980514],[121.020516,14.6980196],[121.020643,14.6979757],[121.0207727,14.6979171],[121.0208957,14.6978611],[121.0209951,14.6978134],[121.0210892,14.6977491],[121.0211655,14.6976861],[121.0212261,14.6976332],[121.021264,14.6976025],[121.0213077,14.6975702],[121.0213722,14.6975206],[121.021434,14.6974601],[121.0215334,14.6973621],[121.0215985,14.697292],[121.0216795,14.6972017],[121.0217683,14.6971036],[121.0218144,14.6970521],[121.0218605,14.6969891],[121.0219065,14.6969299],[121.0219631,14.6968344],[121.0220388,14.6967224],[121.0221,14.6966453],[121.0221395,14.6965823],[121.0222198,14.6964766],[121.022277,14.6964124],[121.0223573,14.6963283],[121.0224159,14.6962698],[121.0225119,14.6961978],[121.0225922,14.6961406],[121.0227317,14.6960578],[121.0228403,14.6960094],[121.0229732,14.695942],[121.0231009,14.6958681],[121.0231772,14.6958108],[121.0232193,14.6957688],[121.0232595,14.6957115],[121.0232819,14.6956536],[121.0233088,14.6955696],[121.0233417,14.695448],[121.0233832,14.6953194],[121.0234181,14.6952131],[121.0234641,14.6950737],[121.023503,14.6949763],[121.0235438,14.694828],[121.0235661,14.6947173],[121.0235964,14.6946339],[121.0236339,14.6945734],[121.0236885,14.694497],[121.0237557,14.6944219],[121.0238096,14.6943761],[121.0238965,14.6943252],[121.0239992,14.6942717],[121.0240985,14.6942189],[121.0241953,14.6941495],[121.0242933,14.6940845],[121.0243756,14.6940152],[121.0244374,14.6939579],[121.0244795,14.6938891],[121.0245063,14.6938267],[121.0245263,14.6937656],[121.0245493,14.6936733],[121.0245618,14.6935868],[121.0245644,14.6935199],[121.0245497,14.6934197],[121.0302277,14.6932702],[121.0304123,14.6932694],[121.0329917,14.6932075],[121.0330954,14.6934024],[121.0331266,14.693461],[121.0331795,14.6935603],[121.0331929,14.693683],[121.0331795,14.6939236],[121.0331634,14.6942608],[121.0331741,14.6944892],[121.0332166,14.6946514],[121.0332348,14.6947806],[121.0335089,14.6949904],[121.0347251,14.6947424],[121.0347903,14.6947123],[121.0351733,14.6946443],[121.0356066,14.6945649],[121.035819,14.6948005],[121.0363038,14.6953369],[121.0363228,14.6950814],[121.0368907,14.6951726],[121.0372684,14.6947439],[121.0381941,14.6942274],[121.0383571,14.6937209],[121.0389923,14.6942357],[121.0399055,14.6944479],[121.0406365,14.6947486],[121.0406746,14.6945761],[121.0412296,14.6946274],[121.0413714,14.6947824],[121.0418441,14.6947696],[121.0419439,14.6945787],[121.0423943,14.6941274],[121.0428745,14.6945919],[121.0431344,14.6943537],[121.0464316,14.694348],[121.0464052,14.6951471],[121.0464346,14.6958712],[121.0462606,14.6963756],[121.0462817,14.6963882],[121.0469145,14.6967679],[121.0464912,14.6974448],[121.0462233,14.6978464],[121.0456957,14.6983619],[121.0445732,14.6995532],[121.0441829,14.6991949],[121.0436138,14.6986107],[121.0433514,14.6986313],[121.0433011,14.698652],[121.0431515,14.6986611],[121.0431167,14.6986514],[121.0427837,14.6986497],[121.0427824,14.6986724],[121.0427153,14.6986741],[121.0426982,14.6986643],[121.0424656,14.6986572],[121.0424637,14.6986663],[121.0424255,14.6986673],[121.0424227,14.6986614],[121.0422812,14.6986556],[121.0422597,14.6986306],[121.0421053,14.6986468],[121.0419529,14.6988521],[121.0418792,14.6989406],[121.0418215,14.6990399],[121.0417394,14.6991287],[121.0416877,14.6991852],[121.0416468,14.699179],[121.0415627,14.6993029],[121.0415434,14.6994038],[121.0414314,14.6997848],[121.0413825,14.6997748],[121.0412733,14.6997679],[121.0411308,14.6997855],[121.0410108,14.6998224],[121.0409944,14.6997939],[121.0407691,14.6998886],[121.0407785,14.6999041],[121.0399299,14.6995906],[121.0398597,14.6996087],[121.0397754,14.6993584],[121.0393129,14.6995139],[121.0387131,14.6997286],[121.0379717,14.6995824],[121.0373931,14.6994582],[121.0370751,14.699396],[121.0365931,14.6993031],[121.0357553,14.6991521],[121.0355857,14.6994939],[121.0354332,14.6995803],[121.0348171,14.6998662],[121.0345356,14.6996659],[121.0344328,14.69978],[121.0339308,14.6998325],[121.033853,14.6998643],[121.0336968,14.6998694],[121.0336237,14.6998247],[121.0333293,14.6997813],[121.0331061,14.6998306],[121.032988,14.6998506],[121.0328767,14.6998208],[121.0327372,14.6997469],[121.0325398,14.699613],[121.0325111,14.6995945],[121.0325253,14.6992806],[121.0323774,14.6992339],[121.0321595,14.6994207],[121.031742,14.6993117],[121.0313062,14.6993467],[121.0307925,14.6993818],[121.0308073,14.6990593],[121.0305294,14.6990012],[121.0294994,14.6992585],[121.0292419,14.6991672],[121.0288833,14.6991261],[121.0282925,14.7000479],[121.0283223,14.700203],[121.0282816,14.7002994],[121.0278093,14.7002729],[121.0277865,14.7002296],[121.0277396,14.7002343],[121.0276272,14.7003574],[121.0275992,14.7005645],[121.0270976,14.7006934],[121.026972,14.7011391],[121.0265272,14.7017354],[121.026434,14.701849],[121.0263227,14.7017582],[121.0260003,14.7021657],[121.0260183,14.702268],[121.0250886,14.7022745],[121.0244882,14.7022582],[121.0235882,14.7023361],[121.0226614,14.7024115],[121.0224269,14.7030731],[121.0222216,14.7036709],[121.0221108,14.7038071],[121.0213328,14.7039074],[121.0210019,14.7038702],[121.020747,14.7038084],[121.0205025,14.7037499],[121.0200902,14.7036547],[121.0198579,14.7036248],[121.0194527,14.703506],[121.0193842,14.7034905],[121.0189913,14.7033725],[121.0189555,14.7033939],[121.0188763,14.7034459],[121.0187187,14.703518],[121.0184585,14.7036375],[121.0183135,14.7035407],[121.0182391,14.7034735],[121.0179631,14.7033858]]]}},{"type":"Feature","properties":{"name":"Bagong Lipunan ng Crame","osm_id":1086446},"geometry":{"type":"Polygon","coordinates":[[[121.043249,14.6095823],[121.0433502,14.6094944],[121.0440186,14.6089572],[121.0441123,14.6089231],[121.0442439,14.6088989],[121.0445993,14.6088481],[121.0447027,14.6088322],[121.0450626,14.6087768],[121.0451961,14.6087541],[121.0456728,14.6086802],[121.0457618,14.6086687],[121.0458196,14.6086706],[121.0458646,14.6086757],[121.0459282,14.6086828],[121.046149,14.6087406],[121.046206,14.6087541],[121.0462786,14.6087713],[121.0466595,14.6088721],[121.0469243,14.608939],[121.0469987,14.6089577],[121.0470529,14.6089712],[121.0471288,14.6089875],[121.0475866,14.609092],[121.0477546,14.6091336],[121.0477992,14.6091441],[121.0480342,14.6092028],[121.048233,14.6092525],[121.0483294,14.6092755],[121.0484539,14.6093052],[121.0488039,14.609382],[121.0489874,14.6094296],[121.0493489,14.6095176],[121.0494174,14.6095353],[121.0499506,14.6096662],[121.0500481,14.6096889],[121.0510734,14.607049],[121.0513718,14.6063175],[121.051396,14.6062072],[121.0514962,14.6058821],[121.051977,14.6048031],[121.0516597,14.6046499],[121.0517929,14.6043748],[121.0521673,14.6045402],[121.0567956,14.6065867],[121.0569881,14.6066703],[121.0566822,14.6073387],[121.0561805,14.6084307],[121.0561485,14.6085003],[121.0561454,14.608507],[121.0561081,14.6085883],[121.0560217,14.6087765],[121.0550436,14.6109072],[121.052484,14.6164537],[121.0522781,14.616466],[121.0521912,14.6164712],[121.0521659,14.6164724],[121.0519213,14.6164838],[121.0518888,14.6164843],[121.051734,14.6164935],[121.0516436,14.6164982],[121.0515928,14.6164878],[121.0515113,14.6164736],[121.0514216,14.6164373],[121.0512703,14.6163728],[121.0511717,14.6163133],[121.0510157,14.6162192],[121.0508287,14.6160799],[121.050672,14.6159632],[121.0506365,14.6159386],[121.0506116,14.6159201],[121.0504014,14.6157566],[121.0500843,14.61551],[121.0499645,14.6154192],[121.0499206,14.6153822],[121.0498378,14.6153223],[121.0496752,14.6152046],[121.0494281,14.6150179],[121.0491579,14.6148024],[121.0491363,14.6147838],[121.0491162,14.6147673],[121.0489735,14.6146688],[121.0488339,14.6145997],[121.0487179,14.6145579],[121.0486506,14.6145388],[121.0485995,14.6145236],[121.0483844,14.614497],[121.0483612,14.6144958],[121.0481682,14.6145005],[121.0479714,14.614533],[121.0478416,14.6145707],[121.0478223,14.6145775],[121.0477858,14.6145912],[121.0475841,14.6146825],[121.0475461,14.6147001],[121.0474976,14.6147221],[121.0472614,14.6148338],[121.0471305,14.6148954],[121.0470017,14.6149581],[121.0469393,14.6149854],[121.0469203,14.6149294],[121.0469132,14.6149071],[121.0467866,14.6145097],[121.0466449,14.6140876],[121.0466289,14.6140369],[121.0465909,14.6139234],[121.0465862,14.6139093],[121.046512,14.6136835],[121.0464668,14.6135461],[121.0464279,14.6134279],[121.0462702,14.6129597],[121.0461818,14.612718],[121.0461075,14.6125591],[121.0459398,14.6123909],[121.0457146,14.6121785],[121.045411,14.6118922],[121.0453503,14.6118385],[121.0452137,14.6117158],[121.0448267,14.6113726],[121.0441305,14.6107452],[121.0439957,14.610617],[121.0438205,14.6104599],[121.0436858,14.6103407],[121.0436236,14.6102822],[121.0433751,14.6100478],[121.0432309,14.609908],[121.043181,14.6098613],[121.043089,14.6097671],[121.0429708,14.6096503],[121.0430241,14.6096537],[121.0430998,14.6096534],[121.0431512,14.6096418],[121.043249,14.6095823]]]}},{"type":"Feature","properties":{"name":"Bagong Pag-asa","osm_id":1436743},"geometry":{"type":"Polygon","coordinates":[[[121.0323271,14.6656766],[121.0322068,14.6653415],[121.031871,14.6640049],[121.0316267,14.6629435],[121.0314595,14.6622128],[121.0313545,14.6617405],[121.0310246,14.6603218],[121.0309204,14.6598732],[121.0311072,14.659834],[121.0314151,14.659769],[121.0316684,14.6597145],[121.0324493,14.6595448],[121.0327604,14.6594795],[121.0334565,14.6593307],[121.0335114,14.6593193],[121.0336419,14.659292],[121.0338159,14.659256],[121.033959,14.6592277],[121.0340519,14.6592072],[121.0342406,14.6591682],[121.0342629,14.6591634],[121.0342588,14.6591436],[121.0341325,14.658591],[121.0338317,14.6572756],[121.0334733,14.6556813],[121.0334695,14.655665],[121.0334186,14.6554398],[121.0333965,14.6553423],[121.0333309,14.6550614],[121.0333073,14.6549241],[121.0307175,14.6554706],[121.0304902,14.6555193],[121.0304358,14.6555309],[121.0300067,14.655559],[121.0300975,14.6554911],[121.0302037,14.655381],[121.030348,14.6551968],[121.0304915,14.6549683],[121.0311506,14.6539713],[121.0318336,14.652939],[121.0318872,14.6528552],[121.031896,14.6528414],[121.0319439,14.6527666],[121.0320135,14.652664],[121.0326664,14.6516747],[121.0327071,14.6516121],[121.0327129,14.6516031],[121.0327675,14.6515191],[121.0327739,14.6515094],[121.0328416,14.6514052],[121.0329753,14.6511994],[121.0335452,14.6503228],[121.0343092,14.6491475],[121.0351029,14.6479266],[121.0352751,14.6476617],[121.0353354,14.6475689],[121.0353921,14.6474816],[121.03566,14.6470696],[121.0375322,14.6441894],[121.0407669,14.6462063],[121.0406374,14.6464061],[121.0403438,14.6469853],[121.0402399,14.6471905],[121.0399184,14.6479298],[121.0398573,14.6480663],[121.0398137,14.6481719],[121.0394822,14.6490563],[121.0392603,14.6496429],[121.0392411,14.6497134],[121.0392159,14.6498057],[121.0391726,14.6499645],[121.0391123,14.6502091],[121.0391035,14.6502449],[121.0389979,14.6506734],[121.0389427,14.6509501],[121.0388185,14.6516601],[121.0387746,14.6519999],[121.0387598,14.6521169],[121.0387486,14.6522101],[121.0386394,14.6531215],[121.0385971,14.6535951],[121.0385832,14.6537603],[121.0351386,14.654527],[121.0363957,14.6600661],[121.0364659,14.6603406],[121.0365837,14.6610598],[121.0366059,14.6612003],[121.036654,14.6616877],[121.0366651,14.6619823],[121.0366667,14.6621923],[121.0366548,14.6624656],[121.0366314,14.663022],[121.0366252,14.6631879],[121.0366208,14.6632064],[121.0364495,14.6639215],[121.0363942,14.6641558],[121.0362651,14.6645755],[121.0361459,14.6644696],[121.0360874,14.6643996],[121.0360162,14.6643248],[121.0359482,14.6642606],[121.0359031,14.6642285],[121.0358507,14.664214],[121.0357978,14.6642064],[121.0357283,14.6642153],[121.0356688,14.6642369],[121.0356076,14.6642692],[121.0355282,14.6643192],[121.035422,14.6643961],[121.0352747,14.664513],[121.0352048,14.6645733],[121.0344861,14.6654107],[121.0344237,14.665472],[121.0343524,14.6655253],[121.0342855,14.6655631],[121.0342271,14.6655914],[121.0341524,14.6656195],[121.0340669,14.6656439],[121.0339714,14.6656572],[121.0338152,14.6656606],[121.0336267,14.6656609],[121.0334988,14.665644],[121.0332283,14.6655884],[121.0331518,14.6655715],[121.0330773,14.6655565],[121.0330235,14.6655523],[121.0329802,14.6655654],[121.0329465,14.6655895],[121.0329086,14.6656218],[121.0328707,14.6656629],[121.0328324,14.6657186],[121.0328146,14.665762],[121.0328098,14.6658051],[121.0327932,14.6658635],[121.032758,14.6659326],[121.0327173,14.6659568],[121.0326765,14.6659622],[121.0326078,14.665938],[121.0325334,14.6658884],[121.0324697,14.6658354],[121.0324176,14.6657872],[121.0323271,14.6656766]]]}},{"type":"Feature","properties":{"name":"Bagong Silangan","osm_id":1762719},"geometry":{"type":"Polygon","coordinates":[[[121.1116552,14.7215613],[121.1117363,14.7215661],[121.1117886,14.7215726],[121.1118403,14.7215807],[121.1118825,14.721596],[121.1119455,14.721618],[121.1120152,14.7216517],[121.1121346,14.7217166],[121.1124457,14.7218917],[121.1125678,14.7219643],[121.1126501,14.7220152],[121.1127059,14.7220538],[121.1127703,14.7221048],[121.1128226,14.7221602],[121.1128555,14.7222057],[121.1128883,14.7222601],[121.1129117,14.7223085],[121.1129379,14.7223872],[121.1129533,14.7224578],[121.1129661,14.7225506],[121.1129701,14.7226362],[121.1129647,14.7227153],[121.112958,14.7227776],[121.112946,14.7228424],[121.1129294,14.7228981],[121.1129057,14.7229566],[121.1128695,14.723024],[121.112763,14.7231765],[121.1126261,14.7233831],[121.1125142,14.7235752],[121.1124645,14.7236778],[121.1124337,14.7237595],[121.1124143,14.7238265],[121.1123881,14.723919],[121.112362,14.7240399],[121.1123257,14.7241667],[121.112327,14.724277],[121.1123197,14.7243834],[121.1123183,14.7244754],[121.1123211,14.7245415],[121.1123277,14.7246026],[121.1123392,14.7246525],[121.112372,14.7247044],[121.1124115,14.7247835],[121.1124532,14.7248539],[121.1130291,14.7259502],[121.1130707,14.7260189],[121.1131086,14.7260781],[121.1131431,14.726124],[121.1131914,14.726172],[121.1133221,14.7262586],[121.1134462,14.7263354],[121.1135541,14.7263935],[121.1138618,14.726549],[121.1140474,14.726705],[121.1148984,14.7270229],[121.1150603,14.7270938],[121.1152476,14.7271719],[121.1154569,14.7272518],[121.1167074,14.727696],[121.1169547,14.7277723],[121.1170629,14.727806],[121.1171195,14.7278296],[121.1171651,14.727853],[121.1171901,14.7278643],[121.1172251,14.7278908],[121.1172511,14.7279196],[121.1172777,14.7279554],[121.1172992,14.7279905],[121.117326,14.7280384],[121.1174015,14.72822],[121.1174605,14.7283897],[121.1175306,14.7286086],[121.117584,14.7287845],[121.1176217,14.7288965],[121.1176667,14.7290294],[121.1177029,14.7291176],[121.1177364,14.7291941],[121.1177766,14.7292746],[121.1179389,14.7295132],[121.118017,14.729688],[121.1180961,14.7298158],[121.1184868,14.7307439],[121.1183676,14.7298888],[121.1171018,14.7208067],[121.1139464,14.6980592],[121.1136835,14.6981078],[121.1132035,14.6978983],[121.112718,14.6977972],[121.1124859,14.6976077],[121.1121494,14.696915],[121.1121743,14.6964194],[121.1114141,14.6957288],[121.1114034,14.6951533],[121.111507,14.6943315],[121.1115761,14.693783],[121.1115295,14.6930258],[121.1094486,14.6930854],[121.0993881,14.693133],[121.098926,14.6931229],[121.0966519,14.6930653],[121.0963341,14.6930445],[121.0963405,14.6947992],[121.0961928,14.6950639],[121.095401,14.6958493],[121.0957326,14.6962161],[121.0959843,14.6964463],[121.0963771,14.6968231],[121.0968498,14.6972356],[121.0971743,14.6978884],[121.0972387,14.6979588],[121.0988205,14.6997491],[121.0999442,14.7005952],[121.1003961,14.704584],[121.1062072,14.7114827],[121.1065893,14.7117137],[121.10814,14.7121021],[121.1105084,14.7131772],[121.111825,14.7138232],[121.1116552,14.7215613]]]}},{"type":"Feature","properties":{"name":"Bagumbayan","osm_id":131730},"geometry":{"type":"Polygon","coordinates":[[[121.0754305,14.6148311],[121.0755026,14.614828],[121.0755329,14.6148583],[121.0756349,14.6149993],[121.0758825,14.6149137],[121.0759709,14.6148832],[121.0761008,14.6148023],[121.0761719,14.6147421],[121.0762555,14.6147031],[121.0763244,14.6146568],[121.0764589,14.6145911],[121.0765239,14.6145589],[121.0767278,14.6145737],[121.0769106,14.6146635],[121.077034,14.6146778],[121.077125,14.6145599],[121.077256,14.614604],[121.0773005,14.6146737],[121.0773144,14.6148901],[121.0773504,14.6149391],[121.0773741,14.6149542],[121.0774677,14.6149525],[121.0775093,14.614926],[121.0775584,14.614862],[121.0776646,14.6147686],[121.0778114,14.6147953],[121.0781263,14.6150309],[121.0784392,14.6155269],[121.0788997,14.6141584],[121.079012,14.6138249],[121.0799561,14.6124462],[121.0810672,14.6115981],[121.082733,14.6104304],[121.0846661,14.6090753],[121.0866938,14.6076539],[121.0869916,14.607435],[121.0873671,14.6069989],[121.0876246,14.6066771],[121.0880242,14.6060925],[121.0883546,14.6054058],[121.0889512,14.6041655],[121.0900155,14.6024379],[121.0904275,14.6011754],[121.0904543,14.6001564],[121.0902434,14.5996752],[121.0900354,14.5993213],[121.0892784,14.5991854],[121.0885861,14.5991661],[121.0879788,14.5994192],[121.0874234,14.6003282],[121.0870479,14.6014334],[121.0863878,14.6022288],[121.0856732,14.6028411],[121.0846416,14.6033011],[121.083786,14.6033745],[121.0832517,14.6032684],[121.0828519,14.6030984],[121.0824594,14.6026332],[121.0823594,14.6023855],[121.0823531,14.6017929],[121.0820122,14.6017832],[121.0814173,14.6017594],[121.0812935,14.6017534],[121.0804503,14.6017002],[121.0803259,14.6016935],[121.0801883,14.6016862],[121.0800311,14.6016782],[121.079872,14.6016693],[121.0798049,14.6016657],[121.0796389,14.6016569],[121.0794756,14.6016483],[121.0793139,14.6016388],[121.0793238,14.6014446],[121.0792417,14.6014407],[121.0791314,14.6014355],[121.0789124,14.6014252],[121.0788539,14.601423],[121.0788071,14.601421],[121.0787837,14.6014199],[121.0784956,14.6014071],[121.077532,14.6013612],[121.075855,14.6012813],[121.0756793,14.6012729],[121.0755696,14.6012677],[121.0754265,14.6012609],[121.0751147,14.601246],[121.074064,14.6011959],[121.0741285,14.60132],[121.0741421,14.6017797],[121.0741542,14.6021891],[121.0743752,14.6021654],[121.0745652,14.6022494],[121.0746473,14.6023659],[121.0748361,14.6024324],[121.075025,14.6024656],[121.0751451,14.6024241],[121.0752106,14.6024006],[121.0752356,14.6024481],[121.07534,14.6027265],[121.0754526,14.6027534],[121.0754723,14.6028998],[121.0753974,14.6029332],[121.0753753,14.6030445],[121.075225,14.6030561],[121.075312,14.6037702],[121.0753634,14.6042589],[121.0755598,14.6057521],[121.0756586,14.6057719],[121.0757633,14.6058824],[121.0758371,14.6060192],[121.0758079,14.6062206],[121.0758795,14.6063116],[121.0758768,14.6065626],[121.0759259,14.6066041],[121.0759769,14.6066646],[121.0759993,14.606758],[121.0760207,14.6068874],[121.0760876,14.6072125],[121.075133,14.6073692],[121.0752084,14.6078029],[121.0752713,14.6080154],[121.075535,14.60886],[121.075467,14.6100892],[121.0754248,14.610432],[121.0753769,14.6107365],[121.0757479,14.6108352],[121.0756721,14.6110915],[121.0752217,14.6129703],[121.0749823,14.6142395],[121.0748704,14.614819],[121.07481,14.6150168],[121.0749661,14.6149376],[121.0751309,14.6149416],[121.075293,14.6149386],[121.075322,14.6149304],[121.0753489,14.6148672],[121.0754305,14.6148311]]]}},{"type":"Feature","properties":{"name":"Bagumbuhay","osm_id":366190},"geometry":{"type":"Polygon","coordinates":[[[121.0664777,14.6282469],[121.0664013,14.6280041],[121.0662476,14.6274871],[121.0660505,14.6268965],[121.0659601,14.6266087],[121.0658539,14.6262703],[121.0658319,14.6262141],[121.0668718,14.6258825],[121.0671781,14.6255035],[121.067461,14.6251461],[121.0674517,14.6250543],[121.0674537,14.6246625],[121.0674228,14.6246038],[121.0674095,14.6241222],[121.0674087,14.624024],[121.0673965,14.6236166],[121.0673635,14.623127],[121.0673398,14.6226398],[121.0673389,14.6225535],[121.0672622,14.6225578],[121.0665542,14.6225718],[121.0664329,14.6225659],[121.0663033,14.6225321],[121.0661787,14.6224956],[121.0653777,14.622166],[121.0651289,14.6220591],[121.0650645,14.622032],[121.0650054,14.6221198],[121.0649666,14.6221444],[121.0648724,14.6221663],[121.0647031,14.6222369],[121.0645894,14.6223511],[121.0644317,14.6227011],[121.0642855,14.6230386],[121.0637099,14.6242265],[121.0635657,14.6244059],[121.0632231,14.6245933],[121.0629296,14.6248487],[121.0628789,14.6250194],[121.062878,14.6250348],[121.0628674,14.6252072],[121.0628695,14.625219],[121.0628856,14.6253097],[121.0629805,14.625406],[121.0630688,14.6254789],[121.0630939,14.6255389],[121.0630931,14.6256212],[121.062996,14.6258769],[121.0629819,14.6259509],[121.0630298,14.6260132],[121.0630494,14.6260988],[121.0630894,14.6261805],[121.063129,14.6262162],[121.0631709,14.626246],[121.063249,14.6263078],[121.0632905,14.6263972],[121.0632848,14.626482],[121.0632386,14.6265778],[121.0630979,14.626733],[121.0630664,14.626764],[121.0630031,14.6268566],[121.0629801,14.6269242],[121.0629643,14.6270479],[121.0629375,14.6271694],[121.0628792,14.6272817],[121.0627572,14.62738],[121.0626492,14.6274791],[121.0625817,14.6275669],[121.062933,14.6276945],[121.063365,14.6277892],[121.0651914,14.628099],[121.0664928,14.6282949],[121.0664777,14.6282469]]]}},{"type":"Feature","properties":{"name":"Bahay Toro","osm_id":2052040},"geometry":{"type":"Polygon","coordinates":[[[121.0393295,14.6712223],[121.039554,14.6713919],[121.0397485,14.6714555],[121.0398262,14.6715216],[121.0398316,14.6718784],[121.0398329,14.6719588],[121.0398249,14.6720289],[121.0398108,14.6721067],[121.0398215,14.6722371],[121.0398875,14.672329],[121.0398764,14.672418],[121.0402527,14.6724979],[121.0402869,14.6725206],[121.0404979,14.6725814],[121.0406701,14.6726242],[121.040812,14.6726296],[121.0408482,14.6726588],[121.0409092,14.6726802],[121.0409649,14.67269],[121.0410246,14.6726828],[121.0410675,14.6727029],[121.041101,14.6727081],[121.0411533,14.6727075],[121.0411788,14.6726913],[121.0412022,14.6726893],[121.0412277,14.6726913],[121.0412659,14.6726925],[121.0413015,14.6727016],[121.0413256,14.6726958],[121.0413688,14.672718],[121.0413704,14.6727189],[121.041506,14.6728164],[121.0416348,14.6729306],[121.0417561,14.6729721],[121.0419452,14.6730402],[121.042019,14.6730681],[121.0422684,14.6731207],[121.0423207,14.6731226],[121.042375,14.6731142],[121.0423938,14.673096],[121.0424186,14.6730805],[121.0425259,14.6730785],[121.0426553,14.6731103],[121.042764,14.6731946],[121.0429209,14.6733166],[121.0429859,14.673349],[121.0430543,14.6733749],[121.0434856,14.6733737],[121.0434559,14.6728984],[121.0434512,14.6728255],[121.0434197,14.6721131],[121.0434129,14.6719574],[121.0433904,14.6708775],[121.0432816,14.6692897],[121.0431868,14.6676468],[121.0432029,14.6670206],[121.0431372,14.6667025],[121.0431337,14.6665278],[121.0431436,14.6663868],[121.0432219,14.6660417],[121.0434792,14.665219],[121.0433421,14.6652057],[121.0428389,14.6651083],[121.0416373,14.6656813],[121.0408048,14.6658058],[121.0401988,14.6657657],[121.0398005,14.6657394],[121.03944,14.6656647],[121.0393644,14.6655897],[121.0394051,14.6651955],[121.0393837,14.6649397],[121.0391997,14.6647347],[121.0388564,14.6648426],[121.0386418,14.6652495],[121.0386783,14.665468],[121.038693,14.6655861],[121.0386969,14.6657311],[121.0386783,14.6658287],[121.0386407,14.6659052],[121.0385817,14.6659649],[121.0384881,14.6660142],[121.0382263,14.6661401],[121.0381338,14.666137],[121.0380412,14.6660791],[121.0379772,14.6659776],[121.037895,14.6657482],[121.0377797,14.6655342],[121.0377331,14.6653657],[121.0377368,14.6652371],[121.0377301,14.6651372],[121.0376942,14.6650354],[121.0375866,14.6649257],[121.0374431,14.6648374],[121.037341,14.6647923],[121.0372191,14.6647765],[121.0370662,14.66477],[121.0367994,14.6647622],[121.0365905,14.664743],[121.0365002,14.6647138],[121.0364593,14.6646953],[121.0364188,14.664677],[121.0362651,14.6645755],[121.0361459,14.6644696],[121.0360874,14.6643996],[121.0360162,14.6643248],[121.0359482,14.6642606],[121.0359031,14.6642285],[121.0358507,14.664214],[121.0357978,14.6642064],[121.0357283,14.6642153],[121.0356688,14.6642369],[121.0356076,14.6642692],[121.0355282,14.6643192],[121.035422,14.6643961],[121.0352747,14.664513],[121.0352048,14.6645733],[121.0344861,14.6654107],[121.0344237,14.665472],[121.0343524,14.6655253],[121.0342855,14.6655631],[121.0342271,14.6655914],[121.0341524,14.6656195],[121.0340669,14.6656439],[121.0339714,14.6656572],[121.0338152,14.6656606],[121.0336267,14.6656609],[121.0334988,14.665644],[121.0332283,14.6655884],[121.0331518,14.6655715],[121.0330773,14.6655565],[121.0330235,14.6655523],[121.0329802,14.6655654],[121.0329465,14.6655895],[121.0329086,14.6656218],[121.0328707,14.6656629],[121.0328324,14.6657186],[121.0328146,14.665762],[121.0328098,14.6658051],[121.0327932,14.6658635],[121.032758,14.6659326],[121.0327173,14.6659568],[121.0326765,14.6659622],[121.0326078,14.665938],[121.0325334,14.6658884],[121.0324697,14.6658354],[121.0324176,14.6657872],[121.0323271,14.6656766],[121.0322194,14.6655582],[121.0321349,14.6654542],[121.0320612,14.665339],[121.0319662,14.6651857],[121.0319129,14.6650709],[121.0318026,14.6648302],[121.0316784,14.6646172],[121.0313391,14.6641359],[121.031293,14.664069],[121.0312484,14.6640044],[121.0311737,14.6639166],[121.0310591,14.6638172],[121.0309635,14.6637628],[121.0308402,14.6637338],[121.0307255,14.6637181],[121.0305337,14.6637138],[121.0303429,14.6636802],[121.0301506,14.6636046],[121.0300481,14.663551],[121.0299582,14.6634915],[121.029866,14.6633992],[121.0297893,14.6633089],[121.0296709,14.6631884],[121.0294983,14.6630536],[121.0292919,14.6629679],[121.0291456,14.662927],[121.0289893,14.6629007],[121.0287896,14.6628686],[121.0285316,14.6628561],[121.028349,14.6628746],[121.028226,14.662903],[121.0281222,14.6629511],[121.0280098,14.663038],[121.0278953,14.6631404],[121.0277839,14.663249],[121.0275766,14.6634041],[121.0274917,14.6634635],[121.0273934,14.6635021],[121.0272546,14.6635186],[121.0271153,14.6635161],[121.026955,14.6634851],[121.0268248,14.6634126],[121.0267145,14.6633348],[121.0266323,14.6632644],[121.0265645,14.6631877],[121.0264359,14.6630118],[121.0263588,14.6628226],[121.0262935,14.662711],[121.0262304,14.6626142],[121.0261561,14.6625396],[121.0260698,14.6624672],[121.0259688,14.662382],[121.0258694,14.6623155],[121.0257155,14.6622236],[121.0255934,14.6622046],[121.0254978,14.6622104],[121.0253979,14.6622366],[121.0252791,14.6622983],[121.0251584,14.6623799],[121.02494,14.6625433],[121.0248099,14.662658],[121.024695,14.6627664],[121.0246045,14.6628448],[121.0244935,14.6629226],[121.024364,14.6629962],[121.024226,14.6630349],[121.0241237,14.6630394],[121.023981,14.663017],[121.0238685,14.6629639],[121.0237749,14.6628906],[121.0237183,14.6628323],[121.0236247,14.6627175],[121.0233797,14.6623568],[121.0232917,14.6622443],[121.0232137,14.6621595],[121.023149,14.662094],[121.0230538,14.6620297],[121.0229463,14.661962],[121.0228379,14.661908],[121.0225168,14.6617741],[121.0222126,14.6616791],[121.0220537,14.6616416],[121.0218498,14.6616313],[121.021402,14.6616197],[121.020756,14.6616095],[121.0206377,14.6616023],[121.0204987,14.6615822],[121.0203618,14.6615476],[121.0202583,14.6615213],[121.0198929,14.6613498],[121.0197617,14.6612531],[121.0194901,14.661053],[121.0191746,14.6608349],[121.0189985,14.6606726],[121.0187455,14.6604018],[121.0186384,14.6601653],[121.0185757,14.6598752],[121.018604,14.6595868],[121.0186327,14.6590991],[121.01874,14.6585384],[121.0188294,14.6578816],[121.0188575,14.6576402],[121.0187373,14.6576384],[121.0155602,14.6575965],[121.0153706,14.6578277],[121.015251,14.657934],[121.0151191,14.6580454],[121.0150655,14.6581116],[121.0149287,14.6583649],[121.0148052,14.6586124],[121.0147034,14.6588407],[121.0146644,14.658938],[121.0146564,14.6590029],[121.0146564,14.6591223],[121.0146984,14.6592631],[121.0147811,14.6597666],[121.0148866,14.6600978],[121.0149018,14.6601499],[121.0149392,14.6602538],[121.0149998,14.6604122],[121.0150712,14.6605496],[121.0151298,14.6606688],[121.0152066,14.6607776],[121.0152235,14.6608321],[121.0153245,14.6610142],[121.0154477,14.6612105],[121.0154562,14.6612919],[121.015453,14.6613331],[121.015429,14.6613726],[121.0152626,14.661577],[121.0151781,14.6616938],[121.0150818,14.6617896],[121.0150399,14.661878],[121.0150015,14.661974],[121.014993,14.662083],[121.0150323,14.6622081],[121.0150578,14.6622826],[121.0150654,14.6623023],[121.0150922,14.6623498],[121.0151446,14.6624723],[121.0151875,14.6625748],[121.0151891,14.6627557],[121.0151995,14.6628693],[121.0152343,14.6630852],[121.0152465,14.6631937],[121.0153245,14.6634093],[121.0153592,14.6634434],[121.0154466,14.6634956],[121.0155476,14.6635952],[121.0155813,14.6636188],[121.0156421,14.6636387],[121.0157233,14.6636458],[121.0157776,14.6636646],[121.0158212,14.6636919],[121.0158573,14.6637347],[121.0158951,14.6637968],[121.0159159,14.6638395],[121.0159533,14.663963],[121.0159646,14.6640714],[121.0159948,14.6642485],[121.016048,14.664427],[121.016117,14.6646784],[121.0161323,14.6647233],[121.0161752,14.6647966],[121.0161842,14.6648348],[121.0161966,14.6648621],[121.0162342,14.6649134],[121.0162443,14.6649672],[121.0162758,14.6650146],[121.0163332,14.6650631],[121.0164998,14.6651787],[121.0166694,14.6653028],[121.016756,14.6654103],[121.0167989,14.6654602],[121.016825,14.6654985],[121.0168458,14.6655861],[121.0167821,14.6657067],[121.0167341,14.6658064],[121.0166003,14.665891],[121.0164971,14.6659921],[121.0164109,14.6660509],[121.0163771,14.6660727],[121.016313,14.6661436],[121.0162653,14.6662736],[121.0162241,14.6664239],[121.0162264,14.6665399],[121.0162514,14.6666309],[121.01631,14.6667408],[121.016359,14.6668336],[121.0164237,14.66693],[121.0164745,14.6669841],[121.0165427,14.6670567],[121.0166768,14.6671901],[121.0168451,14.6672876],[121.0169457,14.6673227],[121.0170717,14.6673746],[121.0171688,14.6674343],[121.0172454,14.6674939],[121.0173319,14.6675627],[121.017527,14.6677817],[121.0175954,14.6678617],[121.0178683,14.6681686],[121.0179526,14.6683146],[121.0182584,14.668609],[121.0188929,14.6691849],[121.0189855,14.6692954],[121.0190588,14.6694782],[121.0191679,14.6697105],[121.0192473,14.6697818],[121.0195343,14.6699324],[121.0196923,14.6699888],[121.0199491,14.6700167],[121.0201306,14.670008],[121.0202736,14.6699447],[121.0203878,14.6699314],[121.0205466,14.6699492],[121.0209157,14.6700172],[121.0213512,14.6700453],[121.0216463,14.6700764],[121.021834,14.6701189],[121.0220486,14.6701854],[121.0222647,14.6703101],[121.0228157,14.6705727],[121.0231347,14.6707938],[121.0232154,14.6709223],[121.0233131,14.671177],[121.0234569,14.6715704],[121.0234688,14.6717435],[121.0235171,14.6718629],[121.0235466,14.6719226],[121.0236183,14.6719792],[121.0241941,14.6722405],[121.0242641,14.67223],[121.0243392,14.6722028],[121.0244626,14.6721379],[121.024542,14.6721237],[121.0246047,14.6721288],[121.024653,14.6721561],[121.0246799,14.6722076],[121.0247281,14.672278],[121.0247749,14.6724001],[121.0247811,14.6727707],[121.0248569,14.673098],[121.0248829,14.6731387],[121.0250339,14.6732699],[121.0250969,14.6733211],[121.0253452,14.6735682],[121.025349,14.6736299],[121.0253799,14.6737285],[121.0253527,14.6738082],[121.0255363,14.6739982],[121.0258041,14.6738593],[121.025934,14.6741714],[121.0263482,14.6741592],[121.0265627,14.6742085],[121.0267006,14.6742807],[121.0279807,14.6744654],[121.0280996,14.6743512],[121.0282096,14.6742228],[121.0282733,14.6740739],[121.0285746,14.6738251],[121.0287722,14.6737073],[121.0290182,14.6738887],[121.0294811,14.6742444],[121.029658,14.6741722],[121.0297787,14.6741229],[121.0297652,14.6740683],[121.0298895,14.6740057],[121.0301653,14.6739893],[121.0303553,14.6740436],[121.0304931,14.6740919],[121.0305445,14.6740879],[121.0307106,14.6739596],[121.0310355,14.6741388],[121.0311223,14.674219],[121.0311892,14.6742555],[121.0312292,14.6742956],[121.0315108,14.6744583],[121.0315701,14.6746029],[121.0315776,14.6746157],[121.0315925,14.674623],[121.031929,14.6747089],[121.0320043,14.6747281],[121.0325581,14.6742727],[121.0328432,14.6740275],[121.0331779,14.6739393],[121.0334082,14.6739064],[121.0336809,14.6738669],[121.0339364,14.6737323],[121.034153,14.6739539],[121.0346161,14.6735543],[121.0349269,14.6732837],[121.0351013,14.6730273],[121.0356674,14.6718726],[121.0361734,14.6721099],[121.0366065,14.6723082],[121.0369902,14.6724487],[121.0371236,14.6724975],[121.0376295,14.67268],[121.0376992,14.672704],[121.0378215,14.6727464],[121.0379473,14.6727938],[121.0379769,14.6727983],[121.0379889,14.6727563],[121.0381581,14.6722222],[121.0385571,14.6720041],[121.0390891,14.6715189],[121.0393295,14.6712223]]]}},{"type":"Feature","properties":{"name":"Balingasa","osm_id":1693441},"geometry":{"type":"Polygon","coordinates":[[[121.0035503,14.6452792],[121.0030291,14.6464024],[121.0032199,14.6464832],[121.0030364,14.6466961],[121.0031832,14.6471293],[121.0032199,14.6472541],[121.0027794,14.647467],[121.0027721,14.6480029],[121.0023316,14.6481351],[121.0025812,14.6490234],[121.0023242,14.6491556],[121.0022288,14.6494933],[121.002082,14.649486],[121.0020306,14.6492217],[121.0020453,14.6489867],[121.0018911,14.6489427],[121.0016855,14.6495007],[121.0015925,14.6494955],[121.0006283,14.6494419],[121.000596,14.6495168],[121.0005976,14.6497953],[121.000128,14.649822],[120.9997667,14.6498328],[120.999605,14.6498439],[120.9994533,14.6498472],[120.9990609,14.6498394],[120.9989318,14.6498391],[120.9986521,14.6498437],[120.9985775,14.6498583],[120.9976921,14.6501228],[120.9971832,14.6502748],[120.9966344,14.6504424],[120.9965201,14.6504725],[120.9955689,14.6507248],[120.9962495,14.6521912],[120.9965706,14.6528858],[120.9970642,14.6539536],[120.9972619,14.6543814],[120.9976659,14.6551673],[120.9984358,14.6561778],[120.9985902,14.6563956],[120.9987949,14.6566755],[120.9989016,14.6568231],[120.9991025,14.6573354],[120.999978,14.657345],[121.0003891,14.6573497],[121.0037376,14.6574195],[121.0037377,14.6571767],[121.00372,14.6570287],[121.0036114,14.6569464],[121.0033907,14.6568305],[121.0031283,14.6566894],[121.003098,14.6566534],[121.0030999,14.6565947],[121.0031557,14.6565389],[121.0032479,14.6564505],[121.0033017,14.6561644],[121.0032713,14.6560852],[121.0031855,14.6559345],[121.0030552,14.6558221],[121.0028764,14.655709],[121.002848,14.6556262],[121.0028447,14.6555627],[121.0028621,14.6554453],[121.0029572,14.6551794],[121.0030116,14.6551603],[121.0031213,14.6551153],[121.0031886,14.6549245],[121.0035299,14.6544083],[121.0038244,14.6542703],[121.0039475,14.654152],[121.004055,14.6539531],[121.004002,14.6535016],[121.0038794,14.6529652],[121.0037705,14.6527091],[121.0036648,14.652321],[121.0034619,14.6521399],[121.0034727,14.6519935],[121.0035621,14.6518324],[121.0037173,14.6519219],[121.00392,14.6515978],[121.0039908,14.6514401],[121.0043545,14.6507997],[121.004573,14.6503178],[121.0047152,14.6495601],[121.0046561,14.6492466],[121.0047314,14.6488993],[121.0048113,14.6487214],[121.0048533,14.6486279],[121.0049056,14.6485963],[121.0049994,14.6486119],[121.0058677,14.6487932],[121.0061276,14.6489031],[121.0063001,14.6488895],[121.0065124,14.6484419],[121.0066392,14.6483452],[121.0067348,14.6482482],[121.006753,14.6481373],[121.0066419,14.6479324],[121.0067502,14.6477031],[121.0069069,14.6472673],[121.0071317,14.6471221],[121.0071813,14.6470849],[121.0072968,14.6469712],[121.0073894,14.6468507],[121.007421,14.6467719],[121.0074404,14.6466892],[121.007364,14.6465838],[121.0072351,14.6462609],[121.0071985,14.6461974],[121.0070684,14.6460829],[121.0066365,14.6456784],[121.006299,14.6453656],[121.0061304,14.645191],[121.0060276,14.645083],[121.0059382,14.645075],[121.0049379,14.6449855],[121.0046516,14.6450222],[121.004145,14.6452131],[121.0037853,14.6453012],[121.0037436,14.6452973],[121.0035503,14.6452792]]]}},{"type":"Feature","properties":{"name":"Balong Bato","osm_id":1751064},"geometry":{"type":"Polygon","coordinates":[[[121.0024658,14.6667628],[121.0024938,14.6668011],[121.0026451,14.6670129],[121.0028461,14.6673495],[121.002918,14.6672639],[121.0041474,14.6664319],[121.0041908,14.6663855],[121.0051032,14.6653131],[121.0054001,14.6653573],[121.0059706,14.6646115],[121.0057445,14.6644324],[121.0054824,14.6641276],[121.0052558,14.6638283],[121.0052229,14.6635404],[121.0052245,14.6634538],[121.0051955,14.663373],[121.0052205,14.6633135],[121.0051607,14.6632864],[121.0051934,14.6632212],[121.0051364,14.6629724],[121.005124,14.6628641],[121.0050345,14.6627584],[121.0050136,14.6626979],[121.0048545,14.6625394],[121.0047951,14.6624558],[121.0049568,14.6622962],[121.0049739,14.6619497],[121.0049783,14.6618594],[121.0049361,14.6617819],[121.0048697,14.6617084],[121.004835,14.661699],[121.0047916,14.6616873],[121.0047628,14.6616795],[121.004739,14.6616731],[121.0047317,14.6616402],[121.0047215,14.6615938],[121.0047081,14.6615329],[121.0048193,14.6614083],[121.0046907,14.6611797],[121.0047314,14.6609912],[121.0046671,14.660938],[121.0045944,14.6608778],[121.0045301,14.6608246],[121.0044964,14.6607967],[121.0044547,14.6607622],[121.0044246,14.6598729],[121.0044201,14.6597392],[121.0043401,14.6596606],[121.0041091,14.6594339],[121.0039895,14.6593165],[121.0039188,14.659247],[121.0038736,14.6592027],[121.0037029,14.6593147],[121.002982,14.6592985],[121.0023908,14.65942],[121.0021073,14.6596711],[121.0018077,14.6601894],[121.0013298,14.6604891],[121.0009226,14.6612092],[121.0007386,14.662611],[120.9994033,14.6634339],[120.9994138,14.663877],[120.9994174,14.6643627],[120.9997577,14.664741],[121.0003125,14.6653244],[121.0022246,14.667334],[121.0022465,14.6672696],[121.0023654,14.6670415],[121.0024658,14.6667628]]]}},{"type":"Feature","properties":{"name":"Batasan Hills","osm_id":1762720},"geometry":{"type":"Polygon","coordinates":[[[121.1115295,14.6930258],[121.1094486,14.6930854],[121.0993881,14.693133],[121.098926,14.6931229],[121.0966519,14.6930653],[121.0963341,14.6930445],[121.0963405,14.6947992],[121.0961928,14.6950639],[121.095401,14.6958493],[121.0945856,14.6966323],[121.0945421,14.6965876],[121.0929047,14.6949282],[121.0928967,14.693922],[121.0928632,14.6932789],[121.0873239,14.6932842],[121.0872726,14.6898929],[121.0872502,14.688873],[121.0872209,14.6883636],[121.08716,14.6878519],[121.0870275,14.687179],[121.0866219,14.6859341],[121.0858473,14.684137],[121.0838333,14.6794392],[121.0830891,14.6778204],[121.0829164,14.6775036],[121.0826462,14.6770183],[121.0832382,14.6770204],[121.0845172,14.6769836],[121.0849257,14.6769853],[121.085907,14.6770124],[121.0864589,14.6770131],[121.0886673,14.6769804],[121.0886216,14.6757298],[121.0886625,14.674584],[121.0886771,14.674469],[121.0886935,14.6743338],[121.0889458,14.6743328],[121.0908153,14.6742679],[121.0917165,14.6741849],[121.0936048,14.6737697],[121.0945778,14.6735689],[121.0955746,14.6735198],[121.096207,14.6734708],[121.0960037,14.6727853],[121.0958273,14.6722472],[121.0962025,14.6720105],[121.0961681,14.6713712],[121.0966579,14.6705378],[121.0984255,14.6708564],[121.0985371,14.6690878],[121.0985886,14.6686975],[121.0987087,14.6683322],[121.0989231,14.66828],[121.0991505,14.6688157],[121.0993176,14.6692092],[121.1002379,14.6700618],[121.103246,14.6723195],[121.1036883,14.6727604],[121.1050187,14.6744874],[121.105877,14.6752513],[121.1066178,14.6757895],[121.1079596,14.6772824],[121.1085758,14.6782858],[121.1088846,14.6787885],[121.1101685,14.6808973],[121.1116706,14.6834048],[121.1119916,14.6844409],[121.1121169,14.6846502],[121.1121855,14.6852978],[121.1116315,14.687997],[121.1112444,14.6892163],[121.1111656,14.6897751],[121.111245,14.6912424],[121.1115295,14.6930258]]]}},{"type":"Feature","properties":{"name":"Bayanihan","osm_id":555350},"geometry":{"type":"Polygon","coordinates":[[[121.0670939,14.6137985],[121.0670151,14.614121],[121.067139,14.6148364],[121.0671704,14.6148286],[121.0673615,14.6148251],[121.0675783,14.614842],[121.0678687,14.6149165],[121.0684467,14.6150452],[121.0689669,14.6151685],[121.0690334,14.6151843],[121.0694696,14.6152865],[121.0695229,14.6153111],[121.0695655,14.6153669],[121.0696249,14.6157128],[121.069722,14.6161144],[121.069799,14.6163291],[121.0698488,14.6164482],[121.0703378,14.6175018],[121.070467,14.6177834],[121.0712481,14.6174343],[121.0713699,14.6173807],[121.070829,14.6161758],[121.0707057,14.6158779],[121.0706836,14.6158155],[121.0706667,14.6157543],[121.0706516,14.6156955],[121.0706381,14.6156459],[121.0706282,14.6155966],[121.0706157,14.6155167],[121.0706014,14.6154063],[121.0705965,14.6153509],[121.0705967,14.6152967],[121.0706541,14.6146101],[121.0705064,14.6146138],[121.0698958,14.6145094],[121.0698466,14.6144961],[121.0697662,14.6144744],[121.0691956,14.6143348],[121.0691186,14.6143148],[121.0690084,14.6142861],[121.0687599,14.6142212],[121.0674941,14.6138956],[121.0673984,14.6138684],[121.0673205,14.6138512],[121.0670939,14.6137985]]]}},{"type":"Feature","properties":{"name":"Blue Ridge A","osm_id":108745},"geometry":{"type":"Polygon","coordinates":[[[121.0738752,14.6159153],[121.0728082,14.6163448],[121.0735045,14.6179213],[121.0745624,14.6201382],[121.0758218,14.6195429],[121.0762267,14.6203305],[121.0765039,14.6208781],[121.0765189,14.6213886],[121.0764557,14.6218147],[121.0759409,14.6228017],[121.0758256,14.623032],[121.0750915,14.6237732],[121.0747105,14.6237097],[121.0742492,14.6236677],[121.0729973,14.620895],[121.0713699,14.6173807],[121.070829,14.6161758],[121.0707057,14.6158779],[121.0706836,14.6158155],[121.0706667,14.6157543],[121.0706516,14.6156955],[121.0706381,14.6156459],[121.0706282,14.6155966],[121.0706157,14.6155167],[121.0706014,14.6154063],[121.0705965,14.6153509],[121.0705967,14.6152967],[121.0706541,14.6146101],[121.0711567,14.6144795],[121.0712836,14.6144528],[121.0713511,14.6144496],[121.0714267,14.6144561],[121.0725283,14.614682],[121.0725887,14.6146958],[121.0726679,14.6147248],[121.0727286,14.6147533],[121.0728239,14.6148016],[121.0728956,14.6148539],[121.0729779,14.6149212],[121.0730542,14.6150024],[121.0731935,14.6151647],[121.0738752,14.6159153]]]}},{"type":"Feature","properties":{"name":"Blue Ridge B","osm_id":108746},"geometry":{"type":"Polygon","coordinates":[[[121.0781522,14.6181704],[121.0781009,14.6182005],[121.0779778,14.6182727],[121.0758218,14.6195429],[121.0745624,14.6201382],[121.0735045,14.6179213],[121.0728082,14.6163448],[121.0738752,14.6159153],[121.0740349,14.6161483],[121.0740834,14.6162049],[121.0741431,14.6162387],[121.0742122,14.6162711],[121.0742876,14.6162809],[121.0745759,14.6162595],[121.0748273,14.6162269],[121.0753298,14.6162213],[121.0755168,14.6162436],[121.0761079,14.6163764],[121.0761226,14.6164511],[121.076201,14.6169806],[121.0762835,14.6173159],[121.0763486,14.6174754],[121.0764504,14.6176138],[121.0765595,14.6176749],[121.0766604,14.6177315],[121.0769522,14.6177576],[121.0771241,14.6177321],[121.0774194,14.6177421],[121.0777866,14.6177598],[121.0780067,14.6177719],[121.0784058,14.6175107],[121.0786891,14.6173291],[121.0788822,14.6177381],[121.0782067,14.6181381],[121.0781522,14.6181704]]]}},{"type":"Feature","properties":{"name":"Botocan","osm_id":1368816},"geometry":{"type":"Polygon","coordinates":[[[121.0639417,14.636414],[121.0634295,14.6362968],[121.062813,14.6361557],[121.0627408,14.6361433],[121.061785,14.6352029],[121.0617364,14.6351551],[121.0613996,14.6352503],[121.06119,14.6359522],[121.0612753,14.6363513],[121.0613433,14.6364232],[121.0614025,14.6365019],[121.0614538,14.6365901],[121.061494,14.6366836],[121.0615224,14.636781],[121.0615387,14.6368809],[121.0615426,14.6369821],[121.0615342,14.637083],[121.0619146,14.6370983],[121.0628842,14.6371548],[121.0637875,14.6370655],[121.0639417,14.636414]]]}},{"type":"Feature","properties":{"name":"Bungad","osm_id":1552390},"geometry":{"type":"Polygon","coordinates":[[[121.0199659,14.6459117],[121.020587,14.6460966],[121.0208882,14.646188],[121.0215034,14.6463814],[121.0219913,14.6465274],[121.0224998,14.6466798],[121.0228362,14.6467848],[121.0229061,14.6468037],[121.0229741,14.6468207],[121.0232272,14.6468947],[121.0233234,14.6469237],[121.0248826,14.6473928],[121.0253954,14.6475481],[121.0268734,14.6479787],[121.0270697,14.6480318],[121.0272031,14.6480666],[121.0273261,14.6480878],[121.0274299,14.6480899],[121.0275294,14.6480877],[121.0276644,14.6480686],[121.0277843,14.6480417],[121.0279009,14.6480124],[121.027913,14.6480095],[121.0280883,14.6479652],[121.0281746,14.6479439],[121.0282363,14.6479281],[121.0282706,14.6479192],[121.0297182,14.6542161],[121.0297509,14.6543623],[121.0300067,14.655559],[121.0299396,14.6556049],[121.0298644,14.6556446],[121.0297883,14.6556731],[121.0296963,14.6557023],[121.0296247,14.6556985],[121.0294198,14.655745],[121.029369,14.6557565],[121.0292075,14.6557932],[121.0288787,14.655868],[121.0277315,14.6506286],[121.027298,14.6506192],[121.0268062,14.6505788],[121.0266586,14.6509166],[121.0265161,14.651175],[121.0263843,14.6511908],[121.0259393,14.6514163],[121.0257049,14.6516705],[121.0255018,14.6519052],[121.0252088,14.6519481],[121.0250219,14.6520194],[121.0248369,14.6521607],[121.0245363,14.652427],[121.0243484,14.6524109],[121.0241863,14.6524345],[121.0241142,14.652371],[121.0239118,14.6521928],[121.0231879,14.6523471],[121.0212292,14.6528386],[121.0212275,14.6528089],[121.0212153,14.652732],[121.0211911,14.6525886],[121.0211412,14.6523096],[121.0210917,14.6520655],[121.0210557,14.651886],[121.021025,14.6517517],[121.0209874,14.6515665],[121.0209378,14.6512725],[121.0208768,14.6509474],[121.0207853,14.6503812],[121.020693,14.6498626],[121.0206848,14.6498186],[121.0206303,14.6495257],[121.0206185,14.6494604],[121.0204798,14.6486842],[121.0204599,14.6485581],[121.0204067,14.6482783],[121.0203647,14.6480598],[121.0203594,14.6480323],[121.0203341,14.6479011],[121.0202856,14.6475734],[121.0201253,14.6467024],[121.0199659,14.6459117]]]}},{"type":"Feature","properties":{"name":"Camp Aguinaldo","osm_id":106637},"geometry":{"type":"Polygon","coordinates":[[[121.0592271,14.6017034],[121.0593395,14.6013506],[121.0594461,14.6009617],[121.0595389,14.6005758],[121.0596084,14.6002475],[121.0596867,14.5996641],[121.060053,14.5997439],[121.0687879,14.6018077],[121.0687138,14.601924],[121.0699216,14.604979],[121.0703162,14.6082686],[121.0705654,14.6108169],[121.0704844,14.6113192],[121.0704371,14.6116887],[121.0702613,14.6125207],[121.0701456,14.6132903],[121.0701372,14.6133361],[121.0701075,14.6134987],[121.0700734,14.6136841],[121.0700613,14.6137495],[121.0699696,14.614248],[121.0699635,14.6142827],[121.0699587,14.6143106],[121.0698958,14.6145094],[121.0698466,14.6144961],[121.0697662,14.6144744],[121.0691956,14.6143348],[121.0691186,14.6143148],[121.0690084,14.6142861],[121.0687599,14.6142212],[121.0674941,14.6138956],[121.0673984,14.6138684],[121.0673205,14.6138512],[121.0670939,14.6137985],[121.0663098,14.613608],[121.0657199,14.6134633],[121.0653765,14.613378],[121.0645299,14.6131814],[121.0642083,14.6131008],[121.0641926,14.6130969],[121.0640697,14.6130664],[121.0636503,14.6129621],[121.0634871,14.6129242],[121.0628114,14.6127671],[121.0627345,14.6127492],[121.0626436,14.6127272],[121.0618918,14.612545],[121.0616156,14.6124761],[121.0614284,14.6124294],[121.0610757,14.6123453],[121.0610227,14.6123337],[121.0606289,14.6122365],[121.060171,14.6121293],[121.0599791,14.6120843],[121.0598644,14.6120574],[121.0596846,14.6120153],[121.0594777,14.6119668],[121.0591756,14.611896],[121.0585176,14.6117418],[121.0578829,14.6115931],[121.0576848,14.6115467],[121.0574759,14.6114977],[121.0572248,14.6114389],[121.056597,14.6112811],[121.0561551,14.611174],[121.0561133,14.6111638],[121.0559386,14.6111215],[121.0556709,14.611058],[121.0555553,14.6110306],[121.0553659,14.6109856],[121.0553268,14.6109763],[121.0552822,14.6109652],[121.0552177,14.6109504],[121.0550436,14.6109072],[121.0560217,14.6087765],[121.0561081,14.6085883],[121.0561454,14.608507],[121.0561485,14.6085003],[121.0561805,14.6084307],[121.0566822,14.6073387],[121.0569881,14.6066703],[121.0569959,14.6066534],[121.0590045,14.602265],[121.0591491,14.601912],[121.0592271,14.6017034]]]}},{"type":"Feature","properties":{"name":"Capri","osm_id":271003},"geometry":{"type":"Polygon","coordinates":[[[121.0262578,14.7165558],[121.0263334,14.7166825],[121.0264495,14.7169023],[121.026848,14.7170654],[121.0267818,14.7176099],[121.0268137,14.7176284],[121.0272651,14.7182878],[121.0274681,14.7182784],[121.0274814,14.7182027],[121.0277302,14.7182557],[121.0279303,14.7182935],[121.0280635,14.7182715],[121.0281921,14.7182099],[121.0283538,14.7181334],[121.0284906,14.718125],[121.0284984,14.7182305],[121.0286957,14.7182152],[121.0288427,14.7182837],[121.0290244,14.7181807],[121.0292492,14.7179835],[121.0294287,14.7176684],[121.0295253,14.7174881],[121.0296751,14.7174014],[121.0301302,14.7171201],[121.0302129,14.716972],[121.0302534,14.7168393],[121.0302956,14.7164841],[121.0303341,14.7163781],[121.0301779,14.7161044],[121.0300796,14.7159522],[121.0300151,14.7159167],[121.0299112,14.7158015],[121.0296573,14.7154233],[121.0296347,14.7153637],[121.02953,14.7151169],[121.0294548,14.7149835],[121.0293087,14.7147728],[121.0291542,14.7153668],[121.0290138,14.7156003],[121.0287349,14.7157145],[121.0283289,14.7157662],[121.0281002,14.7157648],[121.0279029,14.7158203],[121.0270821,14.7161971],[121.0266213,14.7163382],[121.0262578,14.7165558]]]}},{"type":"Feature","properties":{"name":"Central","osm_id":556083},"geometry":{"type":"Polygon","coordinates":[[[121.0528325,14.6475309],[121.0528611,14.6474884],[121.0528846,14.6474536],[121.0533172,14.6468115],[121.0536578,14.6462864],[121.053942,14.6457784],[121.0540012,14.645685],[121.0540347,14.6456189],[121.0544537,14.6448784],[121.0548717,14.6438942],[121.0551906,14.6429704],[121.0553611,14.6423037],[121.0549134,14.6421824],[121.054841,14.6421666],[121.0547582,14.6421456],[121.0545966,14.6421083],[121.0545396,14.6420751],[121.0547126,14.6412659],[121.0546685,14.6412613],[121.0545415,14.6412346],[121.0539945,14.6411168],[121.0539398,14.6411137],[121.0538727,14.6411169],[121.0538421,14.6411316],[121.0538028,14.6411531],[121.0534874,14.6414985],[121.0531958,14.6414166],[121.0526401,14.641299],[121.0520632,14.6411648],[121.0515199,14.6410357],[121.0516132,14.6404159],[121.05118,14.6403431],[121.0505558,14.6402695],[121.0499637,14.6402647],[121.0493935,14.6402953],[121.0487149,14.6404147],[121.0483462,14.6404971],[121.0481622,14.6405435],[121.0479511,14.6405897],[121.0477684,14.6406297],[121.0469542,14.6408044],[121.0468809,14.6408202],[121.0468293,14.6408319],[121.0468589,14.6409677],[121.0468935,14.6411491],[121.0467008,14.6412132],[121.0459778,14.6416224],[121.0456741,14.6417914],[121.0451932,14.6420729],[121.0449752,14.642204],[121.0448499,14.6422895],[121.0446219,14.6424451],[121.0444157,14.6425858],[121.0437387,14.6431082],[121.0432783,14.643493],[121.0431018,14.6436474],[121.043049,14.6436936],[121.042808,14.6439062],[121.0425987,14.6440922],[121.0424489,14.6442443],[121.0420256,14.6446818],[121.041901,14.6448106],[121.041441,14.6453442],[121.041225,14.645615],[121.0409308,14.6459973],[121.0407669,14.6462063],[121.044291,14.648375],[121.0468161,14.6499289],[121.0471159,14.6501171],[121.0470091,14.650286],[121.046977,14.6503435],[121.0469119,14.6504601],[121.0468246,14.6506391],[121.0468076,14.6506862],[121.0467384,14.6508502],[121.0466776,14.6510172],[121.0466251,14.6511869],[121.0465813,14.6513589],[121.0465559,14.651491],[121.0465364,14.6516241],[121.046522,14.6517578],[121.0465127,14.651892],[121.0465084,14.6520263],[121.0465056,14.6521645],[121.0465096,14.6523026],[121.0465202,14.6524404],[121.0465373,14.6525776],[121.0465608,14.6527139],[121.0465907,14.652849],[121.0466141,14.6529246],[121.0466808,14.6530909],[121.0467648,14.6532497],[121.0468651,14.6533994],[121.0469762,14.6535406],[121.0470085,14.6535818],[121.047092,14.6536805],[121.0471781,14.6537838],[121.0472773,14.6538793],[121.0473836,14.6539673],[121.0474963,14.6540474],[121.0476149,14.6541192],[121.0477387,14.6541823],[121.047867,14.6542363],[121.0479995,14.6542794],[121.0481219,14.6543095],[121.0482455,14.6543342],[121.0483657,14.6543529],[121.0484866,14.6543665],[121.0486081,14.654375],[121.0487297,14.6543784],[121.0488515,14.6543766],[121.048973,14.6543697],[121.0490941,14.6543578],[121.0492146,14.6543407],[121.0492942,14.6543265],[121.0493733,14.6543101],[121.049559,14.6542624],[121.0497409,14.6542025],[121.0499181,14.6541306],[121.0500897,14.6540471],[121.0501673,14.6540045],[121.0502434,14.6539596],[121.0503918,14.6538622],[121.0505333,14.6537559],[121.0506676,14.653641],[121.050794,14.653518],[121.0508164,14.653497],[121.0509349,14.6533838],[121.0510504,14.6532676],[121.0511626,14.6531486],[121.0512433,14.6530663],[121.0513183,14.6529791],[121.0513872,14.6528873],[121.0514497,14.6527913],[121.0515438,14.6526443],[121.0516283,14.6524919],[121.0517036,14.6523351],[121.0517694,14.6521744],[121.0517959,14.6521063],[121.0518875,14.651858],[121.0519329,14.6516956],[121.05197,14.6515312],[121.051999,14.6513653],[121.0520025,14.6513373],[121.0520184,14.6512086],[121.052032,14.6510304],[121.0520359,14.6508622],[121.0520315,14.650694],[121.0520235,14.6505772],[121.0520114,14.6504608],[121.0519954,14.6503448],[121.0519904,14.6503159],[121.0519753,14.6502294],[121.0519472,14.6501156],[121.0519105,14.6499765],[121.0518349,14.6497874],[121.0518167,14.6497441],[121.0517598,14.6496403],[121.0516822,14.6495271],[121.0516015,14.6494163],[121.0515148,14.6493097],[121.0514225,14.6492077],[121.0513248,14.6491105],[121.0512721,14.6490625],[121.0512327,14.6490279],[121.051118,14.6489296],[121.0509751,14.6488333],[121.0510722,14.6486933],[121.0511087,14.6486428],[121.0511258,14.6486217],[121.051162,14.6485643],[121.051672,14.6477699],[121.0519777,14.6473026],[121.0521672,14.6470271],[121.0522155,14.6470574],[121.0523245,14.647135],[121.0525359,14.6472844],[121.0526798,14.647406],[121.0527955,14.6474968],[121.0528325,14.6475309]]]}},{"type":"Feature","properties":{"name":"Claro","osm_id":556089},"geometry":{"type":"Polygon","coordinates":[[[121.0622339,14.6293725],[121.0622667,14.6293598],[121.0622729,14.6293546],[121.0622843,14.629345],[121.0624149,14.6292474],[121.0624496,14.6292214],[121.0627929,14.6294519],[121.0629871,14.6295822],[121.0631703,14.6296971],[121.0632302,14.6297177],[121.0633079,14.6297193],[121.0634577,14.6297048],[121.064223,14.6296252],[121.064716,14.629572],[121.0652731,14.6310302],[121.0653489,14.6312265],[121.0654034,14.6313481],[121.0654542,14.6314821],[121.065504,14.631599],[121.0655977,14.631732],[121.0656996,14.6318435],[121.0658175,14.6319441],[121.0659816,14.6320773],[121.0662401,14.6322415],[121.0665671,14.6323567],[121.0665642,14.6323604],[121.0661586,14.6328746],[121.0657911,14.6335179],[121.0657152,14.6334769],[121.065637,14.6334629],[121.0655723,14.633464],[121.065362,14.6336669],[121.0651587,14.6337473],[121.0649365,14.6338166],[121.0648332,14.6338264],[121.0647172,14.6338303],[121.0644917,14.6338236],[121.064402,14.633805],[121.0643193,14.6337728],[121.0642759,14.6337168],[121.0642618,14.6336479],[121.0642391,14.6334676],[121.0642205,14.6332902],[121.0641293,14.6330996],[121.0640312,14.6329849],[121.064005,14.6329505],[121.0639796,14.6329194],[121.0639427,14.6328811],[121.0638861,14.6328401],[121.0637143,14.6327216],[121.0636691,14.6326766],[121.0635805,14.632571],[121.0635927,14.6324675],[121.0636827,14.6323051],[121.0637629,14.632098],[121.0637654,14.6319685],[121.0637451,14.6318367],[121.0636939,14.6317236],[121.063667,14.6316493],[121.0636657,14.6315718],[121.0636792,14.6314966],[121.0636802,14.631399],[121.0636637,14.6313499],[121.0636403,14.631298],[121.0635914,14.6311951],[121.0634905,14.6310507],[121.0631949,14.6308079],[121.0631394,14.6307186],[121.0630466,14.6305924],[121.0629014,14.6303973],[121.0628444,14.6302682],[121.0627715,14.6300258],[121.0626523,14.6297998],[121.0625527,14.6296946],[121.0622339,14.6293725]]]}},{"type":"Feature","properties":{"name":"Commonwealth","osm_id":1762721},"geometry":{"type":"Polygon","coordinates":[[[121.0696031,14.6928864],[121.075253,14.6933259],[121.0773019,14.6932403],[121.0792747,14.6932472],[121.0807457,14.693322],[121.0860302,14.6932916],[121.0873239,14.6932842],[121.0928632,14.6932789],[121.0928967,14.693922],[121.0929047,14.6949282],[121.0945421,14.6965876],[121.0945856,14.6966323],[121.0939586,14.6971992],[121.0923053,14.6987895],[121.0913908,14.6997168],[121.0910747,14.6999553],[121.0908265,14.700101],[121.0905641,14.7002206],[121.0901125,14.700319],[121.089683,14.7003204],[121.0893063,14.7002606],[121.0888875,14.7001514],[121.0882377,14.6999812],[121.0878347,14.6998756],[121.0877497,14.6999409],[121.0878517,14.7000567],[121.0879446,14.7001603],[121.0880872,14.7003187],[121.0884299,14.7007282],[121.0885158,14.7008171],[121.0886613,14.7008878],[121.0891231,14.7010617],[121.0892205,14.7011234],[121.0892798,14.701238],[121.0893023,14.7013282],[121.0893156,14.7014093],[121.0893191,14.7014306],[121.089328,14.7015229],[121.089351,14.7017641],[121.089355,14.7018396],[121.0893579,14.7019005],[121.0893599,14.7019963],[121.0893598,14.7020426],[121.0893603,14.7021353],[121.089362,14.7022724],[121.0893621,14.7023804],[121.0893489,14.7025146],[121.0893315,14.7025806],[121.0892668,14.7027123],[121.0891752,14.7028696],[121.089117,14.7029694],[121.0890545,14.7030846],[121.0889751,14.7032301],[121.0889519,14.7032712],[121.088917,14.7033333],[121.0888896,14.7033806],[121.088729,14.7036547],[121.0886155,14.7038624],[121.0885581,14.7039989],[121.0885088,14.704127],[121.0884541,14.7043004],[121.0884169,14.7044326],[121.0883689,14.7046344],[121.0883021,14.7049157],[121.08822,14.7052547],[121.0881562,14.7056096],[121.0881173,14.7058734],[121.0881071,14.7060096],[121.0881212,14.7060821],[121.0881411,14.7061522],[121.0882223,14.7063197],[121.0883329,14.7064466],[121.0887232,14.7068043],[121.0888375,14.7069638],[121.0889178,14.7071079],[121.0889315,14.7071324],[121.0890059,14.7072841],[121.0890453,14.7073643],[121.0890824,14.7074385],[121.0891248,14.707481],[121.089173,14.7075099],[121.0892284,14.7075231],[121.0893762,14.7075281],[121.0895685,14.7075577],[121.0897098,14.7076287],[121.0898469,14.7077221],[121.0899289,14.7077883],[121.0901239,14.7079944],[121.0901677,14.7080413],[121.0902373,14.7081433],[121.0903205,14.7082936],[121.090377,14.7083878],[121.0904414,14.708499],[121.0904697,14.7085516],[121.0906401,14.7088386],[121.0907034,14.7089766],[121.0907357,14.7091702],[121.0907465,14.7092711],[121.0907371,14.7096367],[121.0907377,14.7097015],[121.0907306,14.709957],[121.0907247,14.71053],[121.0907215,14.7106804],[121.0905796,14.7108739],[121.0904498,14.7110573],[121.0901977,14.7114135],[121.090023,14.7117509],[121.0898332,14.7121533],[121.0871119,14.7112189],[121.0869747,14.7113735],[121.0868004,14.7113584],[121.086672,14.7113318],[121.0862659,14.7112029],[121.0859762,14.7110311],[121.0856651,14.7109429],[121.0856973,14.7108339],[121.0849946,14.7105901],[121.0848906,14.7103196],[121.0841055,14.710054],[121.083089,14.709909],[121.0827319,14.7086933],[121.082621,14.7083025],[121.082477,14.7078641],[121.0823004,14.7073802],[121.0821198,14.7069657],[121.0818147,14.7059143],[121.0815905,14.7051927],[121.0815014,14.7048893],[121.0813675,14.704569],[121.0812002,14.7041845],[121.080837,14.7041825],[121.0795816,14.704164],[121.0777782,14.7041727],[121.0771962,14.7041883],[121.0770465,14.7040385],[121.0767196,14.7038143],[121.0764196,14.7036652],[121.0762954,14.7036316],[121.0756248,14.7034504],[121.0753926,14.703369],[121.0751716,14.7032915],[121.0749029,14.7031676],[121.0746963,14.7030288],[121.0741843,14.7030437],[121.0742259,14.7028376],[121.0742487,14.7027871],[121.0740021,14.7025363],[121.0737081,14.702249],[121.0737537,14.7021699],[121.0734353,14.7017435],[121.0728592,14.7006421],[121.0728041,14.7002749],[121.0727533,14.6999815],[121.0727274,14.699677],[121.0726916,14.6994613],[121.0723715,14.6986078],[121.07174,14.696937],[121.0714422,14.6962263],[121.0709099,14.6948733],[121.0701216,14.6936084],[121.0699625,14.6934091],[121.0696031,14.6928864]]]}},{"type":"Feature","properties":{"name":"Culiat","osm_id":399351},"geometry":{"type":"Polygon","coordinates":[[[121.0434792,14.665219],[121.043745,14.6651657],[121.0438831,14.665119],[121.0439784,14.6650841],[121.044029,14.6650684],[121.0440649,14.6650483],[121.0440943,14.6650243],[121.0441712,14.6649388],[121.0442036,14.6648978],[121.0442432,14.6648491],[121.0442713,14.6648186],[121.0443042,14.6648083],[121.0443364,14.664796],[121.0443874,14.664796],[121.0444638,14.6648012],[121.0445697,14.6647937],[121.0446328,14.6647778],[121.0447173,14.6647415],[121.0447615,14.6647155],[121.0448105,14.6646681],[121.0448179,14.664652],[121.0448326,14.6645715],[121.0447977,14.6644729],[121.044834,14.6642965],[121.0448393,14.664181],[121.0448494,14.6641349],[121.0448712,14.6640937],[121.0449178,14.6640448],[121.0449808,14.6639682],[121.0449996,14.6639235],[121.045019,14.6638612],[121.0450291,14.6637801],[121.0450533,14.6636249],[121.0450902,14.6632418],[121.0453254,14.6629999],[121.0453603,14.6627843],[121.0450043,14.6623168],[121.0448274,14.6620385],[121.044785,14.6619721],[121.0447548,14.6618294],[121.0447564,14.6616008],[121.0447813,14.6616052],[121.0454651,14.6617499],[121.0464268,14.6619462],[121.0466726,14.6619909],[121.0468751,14.6620415],[121.0470328,14.6620914],[121.04727,14.6621767],[121.0473621,14.6621865],[121.0474373,14.6621898],[121.0477026,14.6621811],[121.0478352,14.6621767],[121.0478588,14.6621761],[121.0480726,14.662171],[121.0482567,14.6621692],[121.048357,14.6621676],[121.048583,14.6621641],[121.0487567,14.6621622],[121.0490366,14.6621579],[121.049377,14.6621538],[121.0494066,14.6621538],[121.0498696,14.6621456],[121.0505917,14.6621272],[121.0510311,14.6621184],[121.0514393,14.6621088],[121.0521,14.662097],[121.0528196,14.6620842],[121.0533928,14.6620747],[121.0533948,14.662118],[121.0533959,14.6621405],[121.0534023,14.662336],[121.0534061,14.6624407],[121.0537356,14.6626763],[121.0540275,14.6629695],[121.0544401,14.6634201],[121.054738,14.6641719],[121.0547132,14.6641862],[121.0545478,14.6642215],[121.0543058,14.6642416],[121.0537962,14.6643584],[121.0540609,14.6651918],[121.0540896,14.6652877],[121.0542077,14.6656642],[121.0543384,14.665843],[121.0544674,14.666017],[121.0547313,14.6663268],[121.0548383,14.6665032],[121.0548551,14.6665291],[121.0550297,14.6664422],[121.0552317,14.6663309],[121.0554544,14.6662092],[121.0555753,14.6661581],[121.055615,14.6661661],[121.0556918,14.6664809],[121.0558743,14.6665933],[121.0559775,14.6664167],[121.0561191,14.6662581],[121.056262,14.6660771],[121.0564727,14.6658276],[121.0566363,14.6656242],[121.0568818,14.6658417],[121.0571087,14.6660746],[121.0573607,14.6663457],[121.0575695,14.6665684],[121.0575319,14.6669177],[121.0574915,14.6670286],[121.057471,14.6674451],[121.0575231,14.6676232],[121.0575389,14.6676764],[121.0576936,14.6676363],[121.0579063,14.6675848],[121.0580121,14.6675621],[121.0581014,14.6675456],[121.0581897,14.6675272],[121.0583594,14.667501],[121.0584673,14.6674816],[121.0585224,14.6674712],[121.0586068,14.6674548],[121.0587447,14.667434],[121.0588225,14.6674209],[121.0588839,14.6674099],[121.0590925,14.6673676],[121.0590828,14.6673101],[121.0590349,14.6670003],[121.0589649,14.6666828],[121.058794,14.6667096],[121.0587699,14.6665726],[121.0587026,14.6661846],[121.0599556,14.6657268],[121.0596718,14.6653253],[121.0609725,14.6653767],[121.0609619,14.6658236],[121.0616352,14.6658675],[121.0616524,14.6665377],[121.0616705,14.666613],[121.0617693,14.6665817],[121.0620026,14.6665159],[121.0621653,14.6664698],[121.0622416,14.6664514],[121.0623143,14.6664319],[121.0625466,14.6663505],[121.0626574,14.6663028],[121.0628011,14.6662058],[121.0631413,14.6659804],[121.0633648,14.6658179],[121.063449,14.6657576],[121.0635017,14.6657214],[121.0635368,14.6656971],[121.0636483,14.6656151],[121.063748,14.6655802],[121.0638876,14.6655537],[121.0639654,14.6655515],[121.0641275,14.6655803],[121.0644127,14.665651],[121.0644771,14.6656589],[121.0645601,14.6656684],[121.0646504,14.6656731],[121.0646867,14.6656702],[121.0647722,14.665664],[121.0648522,14.6656562],[121.0649589,14.6656383],[121.0650285,14.6656222],[121.0651818,14.6655844],[121.0652636,14.6655602],[121.065353,14.6655354],[121.0654018,14.6655206],[121.0655231,14.665477],[121.0657885,14.6653752],[121.0660126,14.6652876],[121.0660795,14.6652639],[121.0661763,14.6652251],[121.0662145,14.6652082],[121.0663465,14.6651494],[121.0664314,14.6651101],[121.0666778,14.6649794],[121.0667423,14.6649445],[121.0672263,14.6646856],[121.0673329,14.6646318],[121.0674171,14.6645849],[121.0674631,14.6645529],[121.0675432,14.6644879],[121.0676246,14.6644182],[121.0677428,14.6643028],[121.0677923,14.6642563],[121.0678698,14.664177],[121.0679398,14.6641101],[121.0679632,14.6640838],[121.0679914,14.6640496],[121.0681358,14.6640142],[121.0684286,14.6639821],[121.0704699,14.6653664],[121.0703046,14.6656849],[121.0693033,14.6676685],[121.068725,14.6689011],[121.0686331,14.6693804],[121.0685799,14.669946],[121.0685375,14.6718751],[121.0671836,14.6718945],[121.0639572,14.67237],[121.0596597,14.6730219],[121.0584046,14.6731758],[121.0574153,14.6733693],[121.055989,14.6736019],[121.0543509,14.6738115],[121.0531783,14.6738688],[121.0522734,14.6738307],[121.0510691,14.6736751],[121.050575,14.673579],[121.0499271,14.6734324],[121.0496512,14.6734301],[121.0492173,14.6733905],[121.0490616,14.6733443],[121.0490987,14.6733064],[121.0491941,14.6732303],[121.0494223,14.6730351],[121.0495169,14.6729537],[121.0495965,14.6728773],[121.0496847,14.672785],[121.0497389,14.6727175],[121.0498644,14.6725869],[121.0496837,14.6725042],[121.0495654,14.6724649],[121.0493161,14.6724099],[121.0491121,14.672374],[121.0489056,14.6723377],[121.0488314,14.6723442],[121.04875,14.6723663],[121.0486373,14.6724065],[121.0484469,14.6725362],[121.0483921,14.6725663],[121.0483329,14.6725712],[121.0482538,14.6725674],[121.047999,14.6725284],[121.0479285,14.6724988],[121.047885,14.6724701],[121.0478058,14.6723935],[121.0475796,14.6721706],[121.0475175,14.6721366],[121.0473566,14.6720821],[121.0472437,14.6720676],[121.0470843,14.6720238],[121.0468728,14.6719392],[121.0467496,14.6719106],[121.0466431,14.6719122],[121.0462931,14.6719135],[121.0461974,14.671895],[121.0460249,14.6718071],[121.0458892,14.6716626],[121.0458264,14.6715671],[121.0457803,14.6715263],[121.0456279,14.6714581],[121.0454951,14.6713725],[121.045199,14.6712352],[121.0449694,14.671087],[121.0447573,14.6709324],[121.044665,14.6708263],[121.0445939,14.6707083],[121.0445563,14.6705992],[121.0445425,14.6704954],[121.0445537,14.6704085],[121.0445926,14.6703203],[121.044705,14.6701382],[121.0449442,14.6698454],[121.0449748,14.6697819],[121.0449855,14.669717],[121.0449835,14.6696516],[121.0449667,14.669586],[121.0449165,14.6694982],[121.0448621,14.6694498],[121.044301,14.6692344],[121.0440841,14.6690968],[121.0437641,14.6689514],[121.0437025,14.6689679],[121.0436166,14.6690492],[121.0434285,14.6691929],[121.0432816,14.6692897],[121.0431868,14.6676468],[121.0432029,14.6670206],[121.0431372,14.6667025],[121.0431337,14.6665278],[121.0431436,14.6663868],[121.0432219,14.6660417],[121.0434792,14.665219]]]}},{"type":"Feature","properties":{"name":"Damar","osm_id":1693442},"geometry":{"type":"Polygon","coordinates":[[[121.0035503,14.6452792],[121.0030291,14.6464024],[121.0032199,14.6464832],[121.0030364,14.6466961],[121.0031832,14.6471293],[121.0032199,14.6472541],[121.0027794,14.647467],[121.0027721,14.6480029],[121.0023316,14.6481351],[121.0025812,14.6490234],[121.0023242,14.6491556],[121.0022288,14.6494933],[121.002082,14.649486],[121.0020306,14.6492217],[121.0020453,14.6489867],[121.0018911,14.6489427],[121.0016855,14.6495007],[121.0015925,14.6494955],[121.0006283,14.6494419],[121.0006356,14.6489207],[121.0005402,14.6488399],[120.9999566,14.6491301],[120.9993043,14.6488228],[120.9996566,14.6484464],[120.9997302,14.6479167],[120.9998034,14.6477077],[120.9997982,14.6476783],[120.9997077,14.6474527],[120.999536,14.6469959],[120.9992858,14.6468555],[120.9991948,14.647044],[120.9990556,14.6471516],[120.9988335,14.6471967],[120.9979125,14.6465116],[120.9977302,14.6463839],[120.9978671,14.6460656],[120.9978795,14.6450361],[121.0003944,14.6453849],[121.0005231,14.6447372],[121.0020599,14.6448754],[121.0031546,14.6451767],[121.0035503,14.6452792]]]}},{"type":"Feature","properties":{"name":"Damayan","osm_id":1552367},"geometry":{"type":"Polygon","coordinates":[[[121.0144449,14.6346691],[121.0146514,14.6354249],[121.0147643,14.6356779],[121.0148816,14.6359405],[121.0150553,14.6363295],[121.015236,14.6367341],[121.0154192,14.6371444],[121.0157799,14.6379434],[121.0159643,14.63835],[121.0161456,14.6387437],[121.0163231,14.6391559],[121.0164582,14.6394289],[121.0164944,14.6394858],[121.0165266,14.6395318],[121.0165011,14.6396097],[121.0164781,14.639692],[121.0164508,14.6398086],[121.0163788,14.6403024],[121.0164196,14.6404166],[121.0163405,14.6404077],[121.0162905,14.6403979],[121.0161579,14.6403735],[121.016065,14.6403577],[121.0160023,14.6403709],[121.0159046,14.6403606],[121.0158125,14.6403404],[121.0157491,14.6403165],[121.0156869,14.640292],[121.0152025,14.6402213],[121.0150949,14.6402063],[121.0147507,14.6401564],[121.0142045,14.6401002],[121.0134652,14.6400046],[121.0132637,14.6399742],[121.0131261,14.639953],[121.0126274,14.6398936],[121.012643,14.6396029],[121.0125331,14.6393437],[121.0121821,14.6390875],[121.0120262,14.6385258],[121.0117876,14.6378655],[121.0115236,14.6375706],[121.0114424,14.6373876],[121.0113996,14.6371722],[121.0114601,14.6369522],[121.0118974,14.6363251],[121.0121463,14.6359431],[121.0122682,14.6358392],[121.0128673,14.6356359],[121.0136587,14.6353742],[121.0139805,14.6347386],[121.0140511,14.6345266],[121.0144449,14.6346691]]]}},{"type":"Feature","properties":{"name":"Damayang Lagi","osm_id":1086450},"geometry":{"type":"Polygon","coordinates":[[[121.0162538,14.6192791],[121.016441,14.6193342],[121.0165114,14.6193565],[121.0171638,14.6195628],[121.0171968,14.6195732],[121.0173025,14.6196067],[121.0174084,14.6196401],[121.0178772,14.6197967],[121.0179238,14.6198115],[121.0182451,14.6199134],[121.0192561,14.6202329],[121.0195489,14.6203226],[121.0195978,14.6203371],[121.0196524,14.6203523],[121.0203021,14.6205553],[121.0204779,14.6206109],[121.0205629,14.6206378],[121.0207414,14.6206943],[121.0213382,14.620879],[121.021435,14.6209093],[121.021539,14.6209405],[121.0215928,14.6209555],[121.0216399,14.6209714],[121.0220712,14.6211044],[121.022147,14.621124],[121.0222585,14.6211604],[121.0223855,14.621202],[121.0224137,14.6212102],[121.0224718,14.6212267],[121.0228698,14.6213491],[121.0229686,14.6213765],[121.0230117,14.6213919],[121.0231651,14.6214425],[121.0231939,14.6214501],[121.0232775,14.6214815],[121.0236764,14.6216013],[121.0238769,14.6216701],[121.0240575,14.6217296],[121.0240748,14.6216958],[121.0241123,14.6216289],[121.0242406,14.621398],[121.0243829,14.621142],[121.0245397,14.6208598],[121.0246327,14.6207052],[121.0246623,14.6206559],[121.0247077,14.6205793],[121.0250559,14.6199918],[121.0250875,14.6199384],[121.025191,14.6197694],[121.025213,14.6197335],[121.025478,14.6193006],[121.0255212,14.6192299],[121.0255489,14.6191852],[121.0259308,14.6185694],[121.0259594,14.6185233],[121.0260008,14.6184552],[121.0261482,14.6182128],[121.0264607,14.6177241],[121.0265218,14.6176284],[121.0265816,14.6175271],[121.02702,14.6167842],[121.027059,14.6167259],[121.0270892,14.6166675],[121.0275387,14.6159125],[121.0275641,14.6158698],[121.0276987,14.6156412],[121.0278276,14.6154387],[121.0281156,14.6149991],[121.0282532,14.6147917],[121.0287944,14.6138874],[121.0289548,14.6136118],[121.0291109,14.6133437],[121.0293352,14.6129982],[121.0292643,14.6129399],[121.0292359,14.6128516],[121.0292236,14.6124654],[121.0289744,14.6121481],[121.0288587,14.6120778],[121.0286223,14.6120554],[121.0281662,14.6122644],[121.0277158,14.6123882],[121.0275176,14.6123924],[121.0272902,14.612361],[121.0269145,14.6123391],[121.0259875,14.6123059],[121.0255013,14.6123868],[121.0253272,14.6125184],[121.0252071,14.6127011],[121.0250526,14.6131828],[121.0249404,14.6134936],[121.0243076,14.6137399],[121.0237484,14.6138698],[121.0236239,14.6138471],[121.0235014,14.6138021],[121.0234014,14.6137345],[121.0232946,14.6135373],[121.0232654,14.6133529],[121.0232341,14.613178],[121.0230435,14.6120983],[121.0225558,14.6113174],[121.0219307,14.6104505],[121.0214352,14.6095448],[121.0213482,14.6093329],[121.020042,14.6107892],[121.0198681,14.6114478],[121.0198851,14.6120464],[121.0201335,14.6127294],[121.0203951,14.6135721],[121.0205615,14.6144657],[121.0207463,14.6153186],[121.0206691,14.6158585],[121.0203772,14.6167721],[121.0203234,14.6168905],[121.019861,14.6179074],[121.0195275,14.6186407],[121.0192357,14.6188816],[121.0186864,14.6188733],[121.0179654,14.6188235],[121.0170576,14.6186833],[121.0167294,14.618757],[121.0165663,14.6188035],[121.0164143,14.6189481],[121.0163415,14.6190162],[121.016276,14.6191437],[121.0162538,14.6192791]]]}},{"type":"Feature","properties":{"name":"Del Monte","osm_id":1552389},"geometry":{"type":"Polygon","coordinates":[[[121.0199659,14.6459117],[121.0197437,14.6458771],[121.0195579,14.6458243],[121.0192371,14.6457293],[121.0192015,14.6457208],[121.018974,14.6456495],[121.0187774,14.6455868],[121.0182857,14.6454314],[121.0179712,14.6453496],[121.0178602,14.6453141],[121.0175725,14.6452318],[121.0173662,14.6451765],[121.0173051,14.6451567],[121.0172704,14.6451496],[121.0172334,14.6451488],[121.0171862,14.645147],[121.0171609,14.6451419],[121.0171795,14.6452565],[121.0172123,14.6454548],[121.0172465,14.6456798],[121.0172612,14.6457863],[121.0172781,14.6458966],[121.0172939,14.6459848],[121.0173282,14.6462211],[121.0173783,14.6465439],[121.0173887,14.6465946],[121.0174004,14.6466674],[121.0171283,14.6466814],[121.0165811,14.6467081],[121.015791,14.6468092],[121.015732,14.6468111],[121.0156836,14.6468062],[121.0156428,14.6467923],[121.0155865,14.6467651],[121.014776,14.6463018],[121.0139648,14.6459951],[121.0131505,14.6457863],[121.0123179,14.6456534],[121.0119336,14.6456506],[121.0117744,14.645413],[121.0116291,14.6452056],[121.0114982,14.6450562],[121.0113949,14.6449122],[121.0112447,14.6446851],[121.0111607,14.6445921],[121.0110556,14.6445359],[121.0109346,14.6445061],[121.0107207,14.6444747],[121.0104706,14.6444219],[121.0103117,14.6443341],[121.0101685,14.6442078],[121.0101309,14.6441356],[121.0101022,14.6440683],[121.0100979,14.6439675],[121.0101103,14.6438778],[121.0101262,14.6438077],[121.0101423,14.6437586],[121.0102107,14.643647],[121.0102737,14.6435738],[121.0104466,14.6434264],[121.010621,14.6432876],[121.0109096,14.6430052],[121.0109804,14.6429321],[121.0110367,14.6428659],[121.0110529,14.6427527],[121.0110556,14.6426207],[121.0110541,14.6425376],[121.0110502,14.6423157],[121.011121,14.6418039],[121.0111347,14.6416475],[121.0111843,14.6414723],[121.0112299,14.6413271],[121.0113158,14.6412255],[121.0119823,14.6406828],[121.0122518,14.6405057],[121.0124611,14.6403153],[121.0125187,14.6402137],[121.0125884,14.640058],[121.0126274,14.6398936],[121.0131261,14.639953],[121.0132637,14.6399742],[121.0134652,14.6400046],[121.0142045,14.6401002],[121.0147507,14.6401564],[121.0150949,14.6402063],[121.0152025,14.6402213],[121.0156869,14.640292],[121.0157491,14.6403165],[121.0158125,14.6403404],[121.0159046,14.6403606],[121.0160023,14.6403709],[121.016065,14.6403577],[121.0161579,14.6403735],[121.0162905,14.6403979],[121.0163405,14.6404077],[121.0164196,14.6404166],[121.0165168,14.640427],[121.0166892,14.6404453],[121.0170725,14.6404963],[121.0173982,14.6405371],[121.0181948,14.6406403],[121.018203,14.6406705],[121.0182356,14.640772],[121.0183766,14.6412157],[121.0185745,14.6418104],[121.01866,14.642088],[121.0191337,14.6434564],[121.0195477,14.644688],[121.0198409,14.6455459],[121.0199659,14.6459117]]]}},{"type":"Feature","properties":{"name":"Dioquino Zobel","osm_id":555348},"geometry":{"type":"Polygon","coordinates":[[[121.0635691,14.6198256],[121.0636724,14.6195904],[121.0638418,14.6192076],[121.0639726,14.6188985],[121.0640511,14.6187136],[121.064878,14.6190547],[121.065846,14.619455],[121.0659737,14.6195138],[121.0660148,14.6195513],[121.0660376,14.6196073],[121.0660399,14.6196928],[121.0659564,14.6198443],[121.0656816,14.6204603],[121.0655731,14.6206919],[121.0645674,14.6202618],[121.0635691,14.6198256]]]}},{"type":"Feature","properties":{"name":"Don Manuel","osm_id":105155},"geometry":{"type":"Polygon","coordinates":[[[121.0009647,14.6170829],[121.0014651,14.6175307],[121.0016784,14.6177855],[121.0019456,14.6177993],[121.0026116,14.6178593],[121.0027997,14.6178748],[121.0030575,14.6178961],[121.0038686,14.6179631],[121.0040107,14.6179789],[121.0040701,14.6179842],[121.0042914,14.6180047],[121.0049005,14.6180527],[121.005033,14.618063],[121.0052746,14.618083],[121.0054879,14.6181044],[121.0068508,14.6182117],[121.0070202,14.618225],[121.0072236,14.618241],[121.0077919,14.6182858],[121.0078794,14.6182926],[121.007948,14.6173943],[121.0079397,14.6167266],[121.0079368,14.6161732],[121.007936,14.6160447],[121.0079384,14.6159006],[121.0079372,14.6158585],[121.007931,14.6156236],[121.0079278,14.6155682],[121.0079285,14.6151052],[121.0079283,14.6143947],[121.0054007,14.6144324],[121.0052731,14.6139723],[121.003646,14.6150944],[121.0009647,14.6170829]]]}},{"type":"Feature","properties":{"name":"Doña Aurora","osm_id":1580782},"geometry":{"type":"Polygon","coordinates":[[[121.0098313,14.6184641],[121.009947,14.6184683],[121.0101359,14.6184802],[121.0103026,14.6184941],[121.0104911,14.6185092],[121.0104904,14.618468],[121.0104729,14.6170209],[121.0104658,14.6156079],[121.0104509,14.614749],[121.0104407,14.6147314],[121.0104205,14.614723],[121.0101183,14.6147172],[121.0097684,14.6147214],[121.0097555,14.6147215],[121.0097486,14.6142949],[121.009746,14.6142119],[121.0097532,14.6140779],[121.0096569,14.6140557],[121.0093463,14.613995],[121.0091411,14.6139942],[121.0091141,14.6139945],[121.0087837,14.6139891],[121.008493,14.6139613],[121.0080743,14.6138894],[121.0078868,14.6138599],[121.0079175,14.6140908],[121.0079283,14.6143947],[121.0079285,14.6151052],[121.0079278,14.6155682],[121.007931,14.6156236],[121.0079372,14.6158585],[121.0079384,14.6159006],[121.007936,14.6160447],[121.0079368,14.6161732],[121.0079397,14.6167266],[121.007948,14.6173943],[121.0078794,14.6182926],[121.0079601,14.6182988],[121.0083853,14.618344],[121.0086691,14.618368],[121.008714,14.6183712],[121.0090624,14.6184049],[121.0094032,14.6184297],[121.0096997,14.6184535],[121.0098313,14.6184641]]]}},{"type":"Feature","properties":{"name":"Doña Imelda","osm_id":1580774},"geometry":{"type":"Polygon","coordinates":[[[121.0175128,14.6044948],[121.0176183,14.6043722],[121.0185805,14.6036079],[121.0193839,14.6029514],[121.0195915,14.6028204],[121.0196633,14.6031741],[121.0198942,14.603941],[121.0201956,14.6045802],[121.0204992,14.6051134],[121.0209541,14.6058371],[121.0213826,14.6064302],[121.0219474,14.6071501],[121.0223175,14.6076786],[121.0223518,14.6079911],[121.0222199,14.6082751],[121.0220838,14.6085433],[121.0219135,14.6088317],[121.0217177,14.609016],[121.0214532,14.6092493],[121.0213482,14.6093329],[121.020042,14.6107892],[121.0198681,14.6114478],[121.0198851,14.6120464],[121.0201335,14.6127294],[121.0203951,14.6135721],[121.0205615,14.6144657],[121.0207463,14.6153186],[121.0206691,14.6158585],[121.0203772,14.6167721],[121.0203234,14.6168905],[121.019861,14.6179074],[121.0195275,14.6186407],[121.0192357,14.6188816],[121.0186864,14.6188733],[121.0179654,14.6188235],[121.0170576,14.6186833],[121.0167294,14.618757],[121.0165663,14.6188035],[121.0164143,14.6189481],[121.0163415,14.6190162],[121.016276,14.6191437],[121.0162538,14.6192791],[121.0160787,14.6192247],[121.0160636,14.6192201],[121.0160229,14.6192078],[121.016001,14.6192012],[121.0158022,14.6191409],[121.015592,14.6190772],[121.0150628,14.6189003],[121.0147087,14.6188542],[121.014697,14.6188532],[121.0117251,14.6186101],[121.0104911,14.6185092],[121.0104904,14.618468],[121.0104729,14.6170209],[121.0104658,14.6156079],[121.0104509,14.614749],[121.0104407,14.6147314],[121.0104205,14.614723],[121.0101183,14.6147172],[121.0097684,14.6147214],[121.0097555,14.6147215],[121.0097486,14.6142949],[121.009746,14.6142119],[121.0097532,14.6140779],[121.0100625,14.614148],[121.0103524,14.6142137],[121.0104317,14.61423],[121.0112391,14.6144133],[121.0116993,14.6145186],[121.0119654,14.6145822],[121.01205,14.6146041],[121.0130768,14.6148152],[121.0132646,14.614855],[121.0141383,14.6150336],[121.0142591,14.6150614],[121.0147088,14.6151565],[121.0148676,14.6151823],[121.0153007,14.6152788],[121.0155145,14.6153198],[121.0157777,14.6153278],[121.0165746,14.6153332],[121.0166883,14.6152751],[121.0167672,14.6147501],[121.0168597,14.6130399],[121.0170322,14.6095612],[121.0171111,14.6080086],[121.0172275,14.6075643],[121.0173514,14.607233],[121.0174159,14.6070826],[121.0176275,14.6067666],[121.0180579,14.6063181],[121.0187145,14.6056742],[121.0175128,14.6044948]]]}},{"type":"Feature","properties":{"name":"Doña Josefa","osm_id":104862},"geometry":{"type":"Polygon","coordinates":[[[121.0060837,14.621793],[121.0080124,14.6235279],[121.0080737,14.6234568],[121.0081295,14.6233998],[121.0088951,14.6225873],[121.0095127,14.621943],[121.0095332,14.6218501],[121.0096104,14.6210658],[121.0096352,14.6207664],[121.0096573,14.6205417],[121.0096671,14.6204467],[121.0096934,14.6202169],[121.0097709,14.6193603],[121.0098267,14.6185439],[121.0098313,14.6184641],[121.0096997,14.6184535],[121.0094032,14.6184297],[121.0090624,14.6184049],[121.008714,14.6183712],[121.0086691,14.618368],[121.0083853,14.618344],[121.0079601,14.6182988],[121.0078794,14.6182926],[121.0077919,14.6182858],[121.0072236,14.618241],[121.0070202,14.618225],[121.0068508,14.6182117],[121.0054879,14.6181044],[121.0052746,14.618083],[121.005033,14.618063],[121.0049005,14.6180527],[121.0042914,14.6180047],[121.0040701,14.6179842],[121.0040107,14.6179789],[121.0038686,14.6179631],[121.0030575,14.6178961],[121.0027997,14.6178748],[121.0026116,14.6178593],[121.0019456,14.6177993],[121.0016784,14.6177855],[121.0035908,14.6195014],[121.0042611,14.6201175],[121.0060837,14.621793]]]}},{"type":"Feature","properties":{"name":"Duyan-Duyan","osm_id":554740},"geometry":{"type":"Polygon","coordinates":[[[121.0647281,14.6289105],[121.0648747,14.6289336],[121.065043,14.6289623],[121.0651845,14.6281298],[121.0651914,14.628099],[121.0664928,14.6282949],[121.0670242,14.6283806],[121.0674164,14.6285058],[121.0687097,14.6290924],[121.0704805,14.6299392],[121.0711301,14.6302805],[121.0707713,14.6310784],[121.0706952,14.6310395],[121.070657,14.631029],[121.0706263,14.6310147],[121.0705857,14.6309957],[121.070245,14.6308288],[121.0698562,14.6306394],[121.0695337,14.6304885],[121.0693317,14.630394],[121.0690208,14.6302463],[121.0689635,14.6302191],[121.0688527,14.6301671],[121.0687446,14.6301146],[121.0683371,14.629917],[121.0675887,14.6314888],[121.0672539,14.6316216],[121.0669106,14.631796],[121.0665671,14.6323567],[121.0662401,14.6322415],[121.0659816,14.6320773],[121.0658175,14.6319441],[121.0656996,14.6318435],[121.0655977,14.631732],[121.065504,14.631599],[121.0654542,14.6314821],[121.0654034,14.6313481],[121.0653489,14.6312265],[121.0652731,14.6310302],[121.064716,14.629572],[121.064709,14.6295228],[121.0646923,14.6294049],[121.064691,14.6292183],[121.0647214,14.6289811],[121.0647281,14.6289105]]]}},{"type":"Feature","properties":{"name":"E. Rodriguez Sr.","osm_id":556087},"geometry":{"type":"Polygon","coordinates":[[[121.0482313,14.6256817],[121.0501155,14.6215921],[121.0517909,14.6223253],[121.0521476,14.6224881],[121.0530425,14.622917],[121.0531634,14.6229584],[121.0571745,14.6248966],[121.0571523,14.6249404],[121.0570521,14.6251431],[121.0564149,14.6265136],[121.056246,14.6268657],[121.0554626,14.6284967],[121.0554072,14.6286105],[121.0553008,14.6288289],[121.0554436,14.6290181],[121.0552513,14.6290082],[121.0551231,14.6290681],[121.0550202,14.6291465],[121.0548474,14.629353],[121.0547418,14.629651],[121.0548021,14.6298213],[121.0549129,14.6299977],[121.0548816,14.6301578],[121.0546283,14.6304404],[121.0543121,14.6306704],[121.0538535,14.630582],[121.0537329,14.6304838],[121.053664,14.6303977],[121.0536187,14.6302765],[121.0535451,14.6302054],[121.0532822,14.6301721],[121.0527778,14.6304621],[121.0524399,14.6302998],[121.0522267,14.6301509],[121.0520805,14.6299728],[121.0518659,14.6298399],[121.0516514,14.629923],[121.0511707,14.630031],[121.050939,14.6301057],[121.0509049,14.6300997],[121.0506356,14.6300527],[121.0501936,14.6299199],[121.0498602,14.629836],[121.049784,14.6297733],[121.0496191,14.6294474],[121.0493846,14.629135],[121.0491678,14.6289207],[121.0488763,14.62861],[121.0487537,14.628514],[121.0486537,14.6284626],[121.0485709,14.6284603],[121.0484038,14.6284112],[121.0479548,14.6284533],[121.0478232,14.6284741],[121.047734,14.6285003],[121.0475401,14.6285693],[121.0474451,14.628599],[121.0473554,14.6286158],[121.0472533,14.6286198],[121.0471497,14.6286187],[121.0469044,14.6285633],[121.0482313,14.6256817]]]}},{"type":"Feature","properties":{"name":"East Kamias","osm_id":556086},"geometry":{"type":"Polygon","coordinates":[[[121.0527778,14.6304621],[121.0526355,14.6307449],[121.0525159,14.6311689],[121.0524804,14.6312647],[121.0524769,14.6312749],[121.0523929,14.6315195],[121.0523724,14.6315864],[121.0523618,14.6316214],[121.0522349,14.6320419],[121.0520719,14.6325515],[121.0522201,14.6325938],[121.0540566,14.6331218],[121.0542377,14.6331739],[121.05437,14.6332163],[121.0544525,14.6332387],[121.0545103,14.6332567],[121.0546464,14.633296],[121.0553413,14.6334964],[121.0554776,14.6335357],[121.0562636,14.6337624],[121.0564237,14.6338086],[121.056512,14.6338341],[121.0565908,14.6338568],[121.0566802,14.6338826],[121.0569539,14.6339615],[121.0574795,14.6341131],[121.0578715,14.6342262],[121.0578978,14.6342338],[121.0584756,14.6344004],[121.0587491,14.6344793],[121.0588489,14.6345081],[121.0589513,14.6345344],[121.059356,14.6346554],[121.0596486,14.6347361],[121.0610379,14.6351084],[121.061201,14.6351584],[121.0613996,14.6352503],[121.0617364,14.6351551],[121.0614362,14.6349176],[121.05946,14.6330549],[121.0554436,14.6290181],[121.0552513,14.6290082],[121.0551231,14.6290681],[121.0550202,14.6291465],[121.0548474,14.629353],[121.0547418,14.629651],[121.0548021,14.6298213],[121.0549129,14.6299977],[121.0548816,14.6301578],[121.0546283,14.6304404],[121.0543121,14.6306704],[121.0538535,14.630582],[121.0537329,14.6304838],[121.053664,14.6303977],[121.0536187,14.6302765],[121.0535451,14.6302054],[121.0532822,14.6301721],[121.0527778,14.6304621]]]}},{"type":"Feature","properties":{"name":"Escopa I","osm_id":366187},"geometry":{"type":"Polygon","coordinates":[[[121.0729604,14.6245057],[121.0739242,14.6248077],[121.0739727,14.6244486],[121.0739672,14.6240736],[121.0739545,14.62396],[121.0738952,14.6238719],[121.0737311,14.6237935],[121.0737074,14.6236783],[121.0735928,14.6236724],[121.0734879,14.6236549],[121.0732759,14.6236128],[121.0729604,14.6245057]]]}},{"type":"Feature","properties":{"name":"Escopa II","osm_id":366186},"geometry":{"type":"Polygon","coordinates":[[[121.0750915,14.6237732],[121.0747105,14.6237097],[121.0742492,14.6236677],[121.0738186,14.6236775],[121.0737074,14.6236783],[121.0737311,14.6237935],[121.0738952,14.6238719],[121.0739545,14.62396],[121.0739672,14.6240736],[121.0739727,14.6244486],[121.0739242,14.6248077],[121.075037,14.6252375],[121.0750843,14.6249965],[121.0751135,14.6247014],[121.0752906,14.6239809],[121.0750915,14.6237732]]]}},{"type":"Feature","properties":{"name":"Escopa III","osm_id":366188},"geometry":{"type":"Polygon","coordinates":[[[121.0729604,14.6245057],[121.0739242,14.6248077],[121.0739207,14.6248305],[121.0738804,14.6250937],[121.0737882,14.625696],[121.073744,14.6259013],[121.0736962,14.6260342],[121.0744501,14.6263078],[121.0747689,14.6264184],[121.0744536,14.6279073],[121.0743718,14.6283908],[121.0743739,14.6286311],[121.0741813,14.6285903],[121.07396,14.6285533],[121.0736484,14.6285167],[121.0732193,14.6284968],[121.0722751,14.6285678],[121.0716005,14.6282368],[121.0716148,14.6281997],[121.0716453,14.6281209],[121.0717769,14.627776],[121.0719454,14.6273157],[121.0721191,14.626841],[121.072302,14.6263465],[121.0725458,14.6256876],[121.0729604,14.6245057]]]}},{"type":"Feature","properties":{"name":"Escopa IV","osm_id":366185},"geometry":{"type":"Polygon","coordinates":[[[121.0747689,14.6264184],[121.0744501,14.6263078],[121.0736962,14.6260342],[121.073744,14.6259013],[121.0737882,14.625696],[121.0738804,14.6250937],[121.0739207,14.6248305],[121.0739242,14.6248077],[121.075037,14.6252375],[121.0747689,14.6264184]]]}},{"type":"Feature","properties":{"name":"Fairview","osm_id":1783168},"geometry":{"type":"Polygon","coordinates":[[[121.073208,14.7112386],[121.0734186,14.7110106],[121.0735593,14.7108544],[121.0734484,14.71062],[121.0740742,14.7106199],[121.0749683,14.7105059],[121.0752532,14.7104696],[121.075637,14.7103663],[121.0757349,14.7103883],[121.0760647,14.7104625],[121.0772891,14.7103657],[121.0790614,14.7102256],[121.0795297,14.7101904],[121.0807881,14.7100774],[121.081024,14.7100705],[121.0815912,14.7100139],[121.083089,14.709909],[121.0827319,14.7086933],[121.082621,14.7083025],[121.082477,14.7078641],[121.0823004,14.7073802],[121.0821198,14.7069657],[121.0818147,14.7059143],[121.0815905,14.7051927],[121.0815014,14.7048893],[121.0813675,14.704569],[121.0812002,14.7041845],[121.080837,14.7041825],[121.0795816,14.704164],[121.0777782,14.7041727],[121.0771962,14.7041883],[121.0770465,14.7040385],[121.0767196,14.7038143],[121.0764196,14.7036652],[121.0762954,14.7036316],[121.0756248,14.7034504],[121.0753926,14.703369],[121.0751716,14.7032915],[121.0749029,14.7031676],[121.0746963,14.7030288],[121.0741843,14.7030437],[121.0742259,14.7028376],[121.0742487,14.7027871],[121.0740021,14.7025363],[121.0737081,14.702249],[121.0737537,14.7021699],[121.0734353,14.7017435],[121.0728592,14.7006421],[121.0728041,14.7002749],[121.0727533,14.6999815],[121.0727274,14.699677],[121.0726916,14.6994613],[121.0723715,14.6986078],[121.07174,14.696937],[121.0714422,14.6962263],[121.0709099,14.6948733],[121.0701216,14.6936084],[121.0699625,14.6934091],[121.0696031,14.6928864],[121.0658914,14.693069],[121.0602932,14.6933747],[121.0603103,14.6951758],[121.0598143,14.6951482],[121.0579874,14.6951383],[121.0580009,14.6994128],[121.0580023,14.6995925],[121.0580084,14.7020114],[121.0579759,14.7041217],[121.0585253,14.7041134],[121.0585033,14.7058744],[121.0587356,14.7057516],[121.0590624,14.7054828],[121.0595459,14.7052236],[121.0599745,14.7050373],[121.0603974,14.7048694],[121.0607352,14.7047138],[121.0609487,14.7045351],[121.0611005,14.7044771],[121.061436,14.7044048],[121.0616029,14.7044048],[121.0619825,14.7043094],[121.0622727,14.704265],[121.0624411,14.7043468],[121.062518,14.7044301],[121.0626221,14.7045737],[121.0628457,14.7047829],[121.0630158,14.7049045],[121.0632237,14.7050597],[121.0634806,14.7053127],[121.0637235,14.705495],[121.0642816,14.7056465],[121.0644809,14.7056478],[121.0646521,14.705605],[121.0648194,14.7054903],[121.0648967,14.7053723],[121.0649526,14.7053228],[121.0650272,14.7053164],[121.0651111,14.7053093],[121.0657363,14.7056076],[121.0660478,14.705681],[121.0665027,14.7059655],[121.0666175,14.7060544],[121.0667389,14.7062776],[121.066617,14.7067505],[121.0665827,14.7070078],[121.0665574,14.7072704],[121.0665489,14.7074613],[121.0664354,14.7081586],[121.0664787,14.7088377],[121.0664861,14.7091677],[121.0665033,14.7095403],[121.0667096,14.7097969],[121.0669041,14.7099017],[121.0671073,14.7099782],[121.0672146,14.7099832],[121.0674785,14.7100114],[121.0676591,14.7100334],[121.0677377,14.7100274],[121.0677984,14.7100337],[121.0678827,14.7100603],[121.0681122,14.7101414],[121.0682976,14.7102285],[121.0685242,14.7104396],[121.0686627,14.7106016],[121.0688227,14.7107159],[121.0690799,14.7108114],[121.0695373,14.7109068],[121.0698944,14.7110334],[121.0700908,14.7110956],[121.0703278,14.7111706],[121.0706081,14.7112494],[121.070921,14.7111892],[121.0710978,14.7113692],[121.0711145,14.7113862],[121.0716829,14.7116002],[121.0726014,14.7115186],[121.0729216,14.71149],[121.0731627,14.7113041],[121.073208,14.7112386]]]}},{"type":"Feature","properties":{"name":"Greater Lagro","osm_id":1783169},"geometry":{"type":"Polygon","coordinates":[[[121.073208,14.7112386],[121.0731627,14.7113041],[121.0729216,14.71149],[121.0726014,14.7115186],[121.0716829,14.7116002],[121.0711145,14.7113862],[121.0710978,14.7113692],[121.070921,14.7111892],[121.0706081,14.7112494],[121.0703278,14.7111706],[121.0700908,14.7110956],[121.0698944,14.7110334],[121.0695373,14.7109068],[121.0690799,14.7108114],[121.0688227,14.7107159],[121.0686627,14.7106016],[121.0685242,14.7104396],[121.0682976,14.7102285],[121.0681122,14.7101414],[121.0678827,14.7100603],[121.0677984,14.7100337],[121.0677377,14.7100274],[121.0676591,14.7100334],[121.0674785,14.7100114],[121.0672146,14.7099832],[121.0670919,14.7102711],[121.0670991,14.7141537],[121.0660553,14.7141368],[121.0660549,14.7142061],[121.0660413,14.7166307],[121.0650606,14.7166355],[121.0650591,14.7218272],[121.0627582,14.7218491],[121.0627565,14.722478],[121.0628195,14.7225662],[121.0629568,14.7227578],[121.0633157,14.7228243],[121.063419,14.7229747],[121.0636445,14.7231542],[121.0638377,14.7231574],[121.0639493,14.7235254],[121.0640809,14.7237442],[121.0643732,14.7238496],[121.0642344,14.724073],[121.0636229,14.7239876],[121.0635085,14.7239733],[121.0635252,14.7237246],[121.0635142,14.7236622],[121.0634834,14.7236272],[121.0634042,14.7235908],[121.0632544,14.7235236],[121.0629487,14.7231837],[121.0626611,14.7227776],[121.0619661,14.7227633],[121.0612796,14.7227723],[121.0611161,14.7227735],[121.0610782,14.7227818],[121.0610073,14.7227134],[121.0608879,14.7225159],[121.0608836,14.722067],[121.0608613,14.721955],[121.0608655,14.7218528],[121.060851,14.721531],[121.0608629,14.7211581],[121.0607641,14.7209281],[121.0606467,14.7207613],[121.0606215,14.720739],[121.0598744,14.7200529],[121.0593486,14.71957],[121.0580529,14.7183801],[121.057801,14.7181488],[121.0577575,14.7181088],[121.0571475,14.7175486],[121.0571413,14.7175421],[121.0570603,14.7174573],[121.0570359,14.7172912],[121.0570415,14.717162],[121.0570461,14.7170574],[121.057096,14.7169924],[121.0578118,14.7160989],[121.0578703,14.715965],[121.0578685,14.7157471],[121.0572055,14.7151887],[121.0560148,14.7142577],[121.0554973,14.7138531],[121.054851,14.7133478],[121.0542975,14.712915],[121.0536729,14.7124266],[121.0533787,14.7121965],[121.0534003,14.7124593],[121.0533739,14.7127719],[121.05334,14.713225],[121.0516372,14.7132095],[121.0519004,14.7134727],[121.0521128,14.7137903],[121.0521207,14.7149227],[121.052008,14.7153566],[121.0509319,14.7153381],[121.0506302,14.7153444],[121.0486784,14.7153698],[121.0487081,14.7181592],[121.0521298,14.7213635],[121.0567265,14.7256715],[121.0577783,14.7266572],[121.0579474,14.7268113],[121.0578735,14.7268932],[121.0577519,14.7270642],[121.0575655,14.7273265],[121.0575359,14.727369],[121.0574485,14.7274944],[121.0573734,14.7275991],[121.057285,14.7277292],[121.0572199,14.7278201],[121.0571723,14.7278924],[121.0571414,14.7279393],[121.0571092,14.7279855],[121.0570869,14.7280175],[121.0570639,14.7280512],[121.0569939,14.7281537],[121.056614,14.7287058],[121.0566013,14.7287243],[121.0565574,14.7287884],[121.0564978,14.728875],[121.0563999,14.7290172],[121.0562672,14.7292215],[121.0561398,14.7293969],[121.0561052,14.7294445],[121.05605,14.7295234],[121.0560071,14.7295817],[121.0558565,14.7297885],[121.0557489,14.7299352],[121.0556731,14.7300406],[121.0556111,14.730137],[121.0555201,14.73032],[121.0555001,14.7303789],[121.0554796,14.7304393],[121.0554631,14.7305869],[121.0554658,14.7308989],[121.0554679,14.7313251],[121.05547,14.7316034],[121.0554702,14.7316407],[121.0554709,14.7316919],[121.05548,14.7320603],[121.0554984,14.7322168],[121.0555004,14.7322733],[121.0555055,14.7323102],[121.0555204,14.7324246],[121.0555319,14.7324911],[121.0555496,14.732628],[121.0555729,14.7328714],[121.0555794,14.7329718],[121.0555802,14.7329803],[121.055582,14.7329983],[121.0555923,14.7330822],[121.0555973,14.7331215],[121.055628,14.7332999],[121.0556463,14.7334183],[121.0556982,14.7338919],[121.0556983,14.7340021],[121.0556862,14.7340858],[121.0556634,14.7341669],[121.0556424,14.7342277],[121.0556433,14.7342953],[121.0556513,14.7343459],[121.0556634,14.7343939],[121.0556795,14.7344393],[121.0557009,14.7344795],[121.0557291,14.7345184],[121.0557546,14.7345469],[121.0557962,14.7345806],[121.0558444,14.7346105],[121.055886,14.7346299],[121.0559571,14.7346584],[121.0560402,14.7346857],[121.0563575,14.7347812],[121.0570665,14.7349964],[121.0577364,14.7351997],[121.0578493,14.7352272],[121.0579802,14.7352486],[121.0581078,14.735264],[121.0581692,14.7352674],[121.0582403,14.7352692],[121.0589181,14.7352888],[121.0589471,14.7352894],[121.0590524,14.7352905],[121.0590947,14.735291],[121.0594422,14.7352976],[121.0597023,14.7353003],[121.0600196,14.7353035],[121.0605578,14.7353142],[121.0606016,14.7353151],[121.0606782,14.7353177],[121.0609238,14.7353262],[121.0610647,14.7353288],[121.0612074,14.7353341],[121.0615368,14.7353497],[121.0616039,14.7353518],[121.0618423,14.7353579],[121.0622116,14.7353657],[121.0626086,14.7353709],[121.0628878,14.7353745],[121.0633473,14.7353806],[121.0638981,14.7353878],[121.0640271,14.7353894],[121.0642443,14.7353923],[121.0644978,14.7353956],[121.0645949,14.7353969],[121.0646591,14.7353977],[121.0647105,14.7353984],[121.0651367,14.735404],[121.0653665,14.735407],[121.0655856,14.7354098],[121.0658484,14.7354133],[121.0660583,14.735416],[121.0672184,14.7354312],[121.0673472,14.7354329],[121.0674415,14.7354341],[121.0675068,14.7354356],[121.0679889,14.7354455],[121.0680338,14.7354464],[121.0680932,14.7354476],[121.0681338,14.7354484],[121.0681518,14.7354488],[121.0683739,14.7354533],[121.0685755,14.7354574],[121.0692596,14.7354751],[121.0693659,14.7355014],[121.0694447,14.7355408],[121.0695511,14.735626],[121.0697017,14.7357664],[121.069853,14.7359074],[121.0704408,14.7364553],[121.0704895,14.7365007],[121.0709249,14.7365187],[121.071172,14.7361893],[121.0714371,14.7356027],[121.0714814,14.7354454],[121.0713734,14.7352295],[121.0712235,14.7349536],[121.0712295,14.7347076],[121.0713494,14.7343058],[121.0713494,14.7338319],[121.0712354,14.733376],[121.0710626,14.7324677],[121.0710795,14.7322364],[121.0712503,14.7317895],[121.0713666,14.7313409],[121.0713824,14.7312737],[121.0714754,14.7308628],[121.0714436,14.7282394],[121.0716309,14.7275044],[121.0715985,14.727149],[121.0711327,14.7263262],[121.0706831,14.7255466],[121.0705819,14.7253102],[121.0702836,14.7228385],[121.0707614,14.7224372],[121.0711833,14.7221453],[121.0714609,14.7221699],[121.0718194,14.7219142],[121.0715221,14.7200953],[121.0710248,14.719705],[121.0706355,14.7193917],[121.070953,14.7180634],[121.0720713,14.7167301],[121.07278,14.7162841],[121.0729871,14.7158413],[121.0729828,14.7151143],[121.0729813,14.7149079],[121.0729824,14.7147071],[121.0736475,14.713873],[121.0744436,14.7128552],[121.0746362,14.7126266],[121.0747842,14.7124954],[121.0753456,14.7120609],[121.0758287,14.7118108],[121.07591,14.7117831],[121.0760376,14.7117509],[121.0764299,14.7116623],[121.0770778,14.7115844],[121.0774316,14.7116683],[121.0777975,14.7118663],[121.0779475,14.7115844],[121.0785413,14.7118363],[121.0792355,14.7121763],[121.0794234,14.7122061],[121.0796391,14.7121852],[121.0797007,14.7121018],[121.0797593,14.7119289],[121.0798215,14.7112604],[121.0797906,14.7111619],[121.0797813,14.7110792],[121.0797419,14.7109784],[121.0795297,14.7101904],[121.0790614,14.7102256],[121.0772891,14.7103657],[121.0760647,14.7104625],[121.0757349,14.7103883],[121.075637,14.7103663],[121.0752532,14.7104696],[121.0749683,14.7105059],[121.0740742,14.7106199],[121.0734484,14.71062],[121.0735593,14.7108544],[121.0734186,14.7110106],[121.073208,14.7112386]]]}},{"type":"Feature","properties":{"name":"Greenhills","osm_id":149021},"geometry":{"type":"Polygon","coordinates":[[[121.0592271,14.6017034],[121.059206,14.6016976],[121.0591857,14.6016915],[121.0591107,14.6016657],[121.0590236,14.601635],[121.0588066,14.6015516],[121.0585744,14.6014651],[121.0580679,14.6012829],[121.0580075,14.6012626],[121.0574275,14.6010673],[121.0569761,14.6009308],[121.0566856,14.6008639],[121.0565166,14.6008361],[121.056204,14.6008055],[121.0558415,14.6008033],[121.0557717,14.600807],[121.0551708,14.600864],[121.0537832,14.6010678],[121.0532532,14.6011456],[121.0531511,14.6011606],[121.0531017,14.6011678],[121.0528151,14.6012091],[121.0526869,14.6012287],[121.0520316,14.6013308],[121.051864,14.6013568],[121.0517703,14.6013561],[121.0517259,14.6013341],[121.0512209,14.6009025],[121.0503548,14.6001664],[121.0503339,14.600149],[121.0497367,14.599635],[121.0497027,14.5996069],[121.0496617,14.5995731],[121.0496968,14.5994554],[121.0490489,14.5989294],[121.0431929,14.5939659],[121.0429084,14.5938803],[121.0426555,14.5937507],[121.0424548,14.5940079],[121.0422597,14.5943304],[121.0422872,14.595077],[121.0420731,14.5952547],[121.0420643,14.5955362],[121.0419882,14.5956878],[121.0418421,14.5958816],[121.0416878,14.5960302],[121.0417044,14.5962703],[121.0415511,14.5964113],[121.0413891,14.5963681],[121.041105,14.5962046],[121.040905,14.5960292],[121.0406644,14.5959051],[121.0403221,14.5960475],[121.0401521,14.5961537],[121.0400619,14.5962873],[121.0400129,14.5964317],[121.039749,14.5965763],[121.0394799,14.5968258],[121.0393143,14.5969626],[121.0392145,14.5972413],[121.039201,14.5973341],[121.0392014,14.5973979],[121.0392248,14.5974858],[121.0392471,14.5975671],[121.0395395,14.5979697],[121.039669,14.5982874],[121.0397205,14.5985615],[121.0396947,14.5988272],[121.0397462,14.5991097],[121.0397462,14.599201],[121.0400037,14.599201],[121.0404329,14.5989934],[121.0407762,14.5989352],[121.0412139,14.599093],[121.0413341,14.5993173],[121.041377,14.5995914],[121.0415229,14.5998074],[121.0418148,14.6000316],[121.0419521,14.6002393],[121.0418062,14.6004884],[121.0415916,14.6009453],[121.0415229,14.6010865],[121.0416173,14.6014021],[121.04148,14.6017842],[121.0413084,14.6020582],[121.040965,14.6020084],[121.0407934,14.6021994],[121.0405101,14.6025649],[121.040287,14.6027476],[121.0399351,14.6029137],[121.0398063,14.6030549],[121.0393428,14.602947],[121.0392255,14.6028561],[121.0390779,14.6029356],[121.0389756,14.6031017],[121.0389039,14.6033347],[121.0388193,14.6036197],[121.0386752,14.6037237],[121.03862,14.6037556],[121.0382309,14.6039377],[121.0380968,14.6039626],[121.0379175,14.6040414],[121.0378572,14.6041495],[121.0378614,14.6043178],[121.0378692,14.6044065],[121.0379266,14.6046164],[121.0377895,14.605116],[121.0376878,14.6053824],[121.0378569,14.6057527],[121.0378163,14.6059379],[121.0377151,14.6061407],[121.0377288,14.6062482],[121.0377321,14.6063141],[121.0378182,14.6063977],[121.0380345,14.6065754],[121.0380917,14.6066262],[121.0384989,14.60699],[121.038653,14.607123],[121.0386948,14.607157],[121.0387118,14.6071739],[121.0388707,14.6073116],[121.0391963,14.6075688],[121.0393201,14.6076583],[121.0396159,14.6078858],[121.040243,14.6083622],[121.0407497,14.6087073],[121.0409096,14.6088153],[121.0410549,14.6088794],[121.0413743,14.609006],[121.0421317,14.6093009],[121.0428448,14.6095839],[121.0429556,14.609642],[121.0429708,14.6096503],[121.0430241,14.6096537],[121.0430998,14.6096534],[121.0431512,14.6096418],[121.043249,14.6095823],[121.0433502,14.6094944],[121.0440186,14.6089572],[121.0441123,14.6089231],[121.0442439,14.6088989],[121.0445993,14.6088481],[121.0447027,14.6088322],[121.0450626,14.6087768],[121.0451961,14.6087541],[121.0456728,14.6086802],[121.0457618,14.6086687],[121.045746,14.6086009],[121.0459832,14.6073778],[121.0461255,14.6067563],[121.0462531,14.6065149],[121.0470857,14.6070313],[121.0479306,14.6075461],[121.048491,14.6078312],[121.0486946,14.6073055],[121.0487424,14.6071767],[121.0488383,14.606897],[121.0493938,14.6054545],[121.0499848,14.6039792],[121.0500143,14.603918],[121.0501168,14.6036481],[121.050946,14.6040193],[121.0517929,14.6043748],[121.0521673,14.6045402],[121.0567956,14.6065867],[121.0569881,14.6066703],[121.0569959,14.6066534],[121.0590045,14.602265],[121.0591491,14.601912],[121.0592271,14.6017034]]]}},{"type":"Feature","properties":{"name":"Gulod","osm_id":270990},"geometry":{"type":"Polygon","coordinates":[[[121.0353147,14.714787],[121.0351244,14.7147602],[121.0350697,14.7147391],[121.0349662,14.7146978],[121.0348455,14.7145692],[121.0344099,14.7140667],[121.0342536,14.7138862],[121.0341839,14.7136913],[121.0341969,14.7135132],[121.0342312,14.7133827],[121.0342965,14.7132461],[121.0344816,14.7130565],[121.0345607,14.7129008],[121.0345812,14.7127621],[121.0345279,14.712633],[121.0341479,14.7122626],[121.0339345,14.712102],[121.0335527,14.7118143],[121.0334848,14.711682],[121.0334957,14.7115454],[121.0335308,14.7114846],[121.0335862,14.7114333],[121.0337882,14.7112641],[121.0339523,14.7111092],[121.0340751,14.7109148],[121.0341028,14.7108099],[121.0340604,14.7106753],[121.0339774,14.7105621],[121.0338543,14.7105114],[121.0336751,14.7104859],[121.0335323,14.710492],[121.033562,14.7101886],[121.0338342,14.709774],[121.0339713,14.7095436],[121.0345597,14.7094757],[121.0350814,14.7094277],[121.0362553,14.7093446],[121.0363582,14.7092669],[121.0364442,14.709162],[121.0366244,14.7089794],[121.036688,14.7089056],[121.03699,14.7091458],[121.0372903,14.7091637],[121.0375888,14.709336],[121.0382147,14.7094565],[121.0384845,14.709263],[121.03848,14.7091378],[121.0384375,14.7090308],[121.0387608,14.708583],[121.0387662,14.7084187],[121.0389081,14.7083563],[121.0396347,14.7080226],[121.0400809,14.7080861],[121.0401844,14.7080705],[121.0415248,14.7075016],[121.0415217,14.7066561],[121.0418078,14.7058151],[121.0419812,14.7052453],[121.0440479,14.7052824],[121.0454888,14.7052707],[121.0455003,14.704594],[121.0468975,14.7050443],[121.0474573,14.7053168],[121.0472436,14.7061441],[121.0472437,14.7061633],[121.0471759,14.7063696],[121.047172,14.7070541],[121.0468812,14.7074933],[121.0468267,14.7079836],[121.0467387,14.7084147],[121.0466027,14.7087975],[121.0465679,14.7088773],[121.0465237,14.708988],[121.0465472,14.7090729],[121.0466418,14.7091216],[121.0467319,14.7091885],[121.0467944,14.7093433],[121.0467645,14.709431],[121.0466762,14.7095276],[121.0464922,14.709637],[121.0459819,14.7097493],[121.0459727,14.7098169],[121.0460219,14.7098539],[121.0460159,14.7099082],[121.0460252,14.7099786],[121.0460252,14.7100798],[121.045984,14.7102054],[121.0460574,14.7104115],[121.046219,14.7105981],[121.046361,14.7107014],[121.0467486,14.7109051],[121.0469001,14.7110597],[121.0470558,14.7112651],[121.0470603,14.7113701],[121.0468657,14.7118121],[121.046788,14.7119105],[121.04668,14.7120473],[121.0463628,14.7122458],[121.0461321,14.7125295],[121.0459071,14.712751],[121.04565,14.7128774],[121.0452638,14.7129189],[121.0449875,14.7128681],[121.0446371,14.7126643],[121.0444294,14.7125356],[121.0441094,14.7122657],[121.0436705,14.7119655],[121.0434683,14.7119706],[121.0434184,14.7119718],[121.0432508,14.7120946],[121.0431034,14.7122324],[121.0429966,14.7123962],[121.0429383,14.7125755],[121.0429079,14.7127791],[121.0429966,14.7130402],[121.0431543,14.7133731],[121.0432095,14.7135],[121.0432103,14.7136163],[121.0430658,14.7139198],[121.0428879,14.7146356],[121.0428612,14.7148887],[121.0429258,14.7150544],[121.0430697,14.7151967],[121.0434241,14.7154815],[121.0436062,14.7155733],[121.0438905,14.7157166],[121.0442338,14.7158245],[121.0443492,14.7159932],[121.0443099,14.7161024],[121.0441341,14.7162898],[121.0440041,14.7165224],[121.0439937,14.7165682],[121.0438154,14.7173538],[121.0437188,14.717601],[121.0436498,14.7178396],[121.0434931,14.7184845],[121.0434293,14.7185908],[121.0433855,14.7186606],[121.0433491,14.718696],[121.0432445,14.7187068],[121.0430669,14.7186606],[121.0427013,14.7184907],[121.042527,14.7184298],[121.0421883,14.7183594],[121.0420877,14.7183753],[121.0418588,14.7185368],[121.0417516,14.7185946],[121.0415498,14.7187822],[121.0413025,14.7189784],[121.0411167,14.7190563],[121.0408894,14.7190785],[121.0407506,14.7190093],[121.0406372,14.7189861],[121.0405101,14.7189203],[121.0404284,14.7189175],[121.0403616,14.7188784],[121.0403045,14.7188008],[121.040135,14.7187242],[121.0399209,14.7185726],[121.039868,14.7185215],[121.0397626,14.7184479],[121.0396968,14.7183115],[121.0395708,14.7182147],[121.0393777,14.717933],[121.0392124,14.7177558],[121.0390731,14.7175589],[121.0389675,14.7174637],[121.0388661,14.7173357],[121.0387807,14.7172699],[121.0387193,14.7171694],[121.0387049,14.7170908],[121.0387195,14.7170171],[121.0387226,14.7169069],[121.0386913,14.7167395],[121.0386512,14.7166458],[121.0385619,14.7165778],[121.0383951,14.7164707],[121.0383187,14.7164188],[121.0382705,14.716373],[121.0382038,14.7163255],[121.038151,14.716307],[121.0380903,14.7162945],[121.0380235,14.7162539],[121.0378973,14.7161845],[121.0377857,14.7161693],[121.0377681,14.7161669],[121.0376676,14.7161164],[121.0376224,14.7161039],[121.0375734,14.7160707],[121.0375542,14.7160374],[121.0375009,14.71597],[121.0374602,14.7159425],[121.0374081,14.7159189],[121.0373643,14.7158932],[121.0373415,14.7158715],[121.0373158,14.7158254],[121.0372835,14.7157238],[121.0372717,14.71559],[121.0372856,14.7154204],[121.0373107,14.7153622],[121.0373042,14.7152833],[121.0372565,14.7152027],[121.0371769,14.7150977],[121.036819,14.7146963],[121.0367345,14.714643],[121.0366535,14.7146236],[121.0365422,14.7146377],[121.0364635,14.7146582],[121.0363913,14.7146609],[121.0361651,14.7146698],[121.0357875,14.7147265],[121.0356557,14.7147423],[121.0354226,14.7147845],[121.0353147,14.714787]]]}},{"type":"Feature","properties":{"name":"Holy Spirit","osm_id":1762722},"geometry":{"type":"Polygon","coordinates":[[[121.0696031,14.6928864],[121.06956,14.6892063],[121.069509,14.6853702],[121.0693374,14.6832945],[121.0691979,14.6804404],[121.069112,14.6792157],[121.069104,14.6770569],[121.0697361,14.6768647],[121.0737668,14.676866],[121.0756914,14.6770828],[121.0764478,14.6770967],[121.0767569,14.6770917],[121.077117,14.6770912],[121.0772267,14.6770922],[121.0772818,14.6770923],[121.0777574,14.6770899],[121.0782255,14.6770953],[121.0782268,14.6767983],[121.0782261,14.6764477],[121.0782311,14.6759741],[121.0782267,14.6757839],[121.0782276,14.6757453],[121.0782275,14.6755176],[121.0782275,14.6753431],[121.0782275,14.6752094],[121.0782275,14.6749415],[121.0782275,14.6748306],[121.0782275,14.6746955],[121.0782275,14.6745815],[121.0782275,14.6744151],[121.0782275,14.6741468],[121.0782268,14.6740891],[121.0782275,14.6739919],[121.0782275,14.6738718],[121.0782275,14.6737986],[121.0782274,14.6733399],[121.0782274,14.6732038],[121.0782274,14.6728814],[121.0782274,14.6727704],[121.0782274,14.6724143],[121.0782274,14.6718461],[121.0785627,14.6714782],[121.0792894,14.6722396],[121.0798372,14.6728962],[121.0815828,14.6752183],[121.0818235,14.6755709],[121.0826462,14.6770183],[121.0829164,14.6775036],[121.0830891,14.6778204],[121.0838333,14.6794392],[121.0858473,14.684137],[121.0866219,14.6859341],[121.0870275,14.687179],[121.08716,14.6878519],[121.0872209,14.6883636],[121.0872502,14.688873],[121.0872726,14.6898929],[121.0873239,14.6932842],[121.0860302,14.6932916],[121.0807457,14.693322],[121.0792747,14.6932472],[121.0773019,14.6932403],[121.075253,14.6933259],[121.0696031,14.6928864]]]}},{"type":"Feature","properties":{"name":"Horseshoe","osm_id":1586845},"geometry":{"type":"Polygon","coordinates":[[[121.0420957,14.6161618],[121.0421331,14.6161219],[121.0439407,14.6143521],[121.0439084,14.6142767],[121.0433587,14.6137198],[121.043289,14.6137289],[121.0429335,14.6132942],[121.0433139,14.6129259],[121.043835,14.6125942],[121.0437737,14.6124486],[121.0439651,14.6122948],[121.04402,14.6123492],[121.0441162,14.6123635],[121.0442427,14.6123209],[121.044302,14.6122508],[121.044334,14.612222],[121.044382,14.6122243],[121.0444722,14.6122558],[121.0446134,14.6123547],[121.0446661,14.6124005],[121.0447618,14.612467],[121.0448263,14.6125083],[121.0449192,14.6125751],[121.0449606,14.6126761],[121.0449806,14.6128861],[121.0450008,14.6130481],[121.0450267,14.6131122],[121.0451207,14.6133114],[121.0452773,14.6136222],[121.0452707,14.6137568],[121.0453233,14.6139362],[121.045393,14.6140497],[121.04549,14.6142007],[121.0455357,14.6142717],[121.0456261,14.6142933],[121.0457185,14.6142364],[121.0458334,14.6141505],[121.0460181,14.6141582],[121.0461935,14.6142692],[121.0463592,14.6142425],[121.0464475,14.6142037],[121.0465245,14.6141584],[121.0465688,14.6141065],[121.0466289,14.6140369],[121.0465909,14.6139234],[121.0465862,14.6139093],[121.046512,14.6136835],[121.0464668,14.6135461],[121.0464279,14.6134279],[121.0462702,14.6129597],[121.0461818,14.612718],[121.0461075,14.6125591],[121.0459398,14.6123909],[121.0457146,14.6121785],[121.045411,14.6118922],[121.0453503,14.6118385],[121.0452137,14.6117158],[121.0448267,14.6113726],[121.0441305,14.6107452],[121.0439957,14.610617],[121.0438205,14.6104599],[121.0436858,14.6103407],[121.0436236,14.6102822],[121.0433751,14.6100478],[121.0432309,14.609908],[121.043181,14.6098613],[121.043089,14.6097671],[121.0429708,14.6096503],[121.0429556,14.609642],[121.0428448,14.6095839],[121.0421317,14.6093009],[121.0421068,14.6093665],[121.041893,14.609721],[121.0414978,14.6103762],[121.0414314,14.6104426],[121.0413226,14.610317],[121.041191,14.6102183],[121.0409684,14.6100999],[121.0407362,14.6100926],[121.040301,14.6102393],[121.0401257,14.6102144],[121.0396801,14.6102791],[121.0393902,14.6102391],[121.0392794,14.6101482],[121.0392327,14.6100582],[121.0390248,14.609702],[121.0389191,14.6096214],[121.0387934,14.6096184],[121.0385637,14.6097222],[121.0383673,14.609687],[121.0380023,14.6106022],[121.0378768,14.6109374],[121.0378333,14.6112612],[121.0378387,14.6112759],[121.037831,14.6114918],[121.0377782,14.6115937],[121.0375738,14.6119693],[121.0373727,14.6124555],[121.0373494,14.6125257],[121.0375967,14.6125958],[121.0379649,14.6126651],[121.0381366,14.6126981],[121.0382401,14.6127277],[121.0383649,14.6127592],[121.0384148,14.6127856],[121.0385066,14.6128646],[121.0387446,14.6130801],[121.0389117,14.6132183],[121.0390309,14.6133177],[121.0393769,14.6136641],[121.0394575,14.6137925],[121.0394995,14.6139267],[121.0395333,14.6140288],[121.0395995,14.6142146],[121.0397043,14.6144019],[121.0397443,14.6144469],[121.0399328,14.6146593],[121.0400632,14.6147727],[121.0400901,14.6147961],[121.0401185,14.6148197],[121.040286,14.6149592],[121.0405206,14.6151561],[121.040612,14.6152238],[121.0409904,14.6154743],[121.0412789,14.6156641],[121.041361,14.6157181],[121.0417736,14.6159753],[121.042025,14.6161212],[121.0420957,14.6161618]]]}},{"type":"Feature","properties":{"name":"Immaculate Concepcion","osm_id":1086429},"geometry":{"type":"Polygon","coordinates":[[[121.0501155,14.6215921],[121.048999,14.6211066],[121.0488761,14.6210549],[121.048769,14.6210104],[121.048541,14.6209209],[121.048216,14.6208075],[121.045776,14.6199558],[121.0453774,14.6198167],[121.044405,14.6195181],[121.0440909,14.6194217],[121.0431542,14.6188313],[121.0431327,14.6188713],[121.0430791,14.6189505],[121.0430583,14.6189768],[121.0430288,14.6190157],[121.0429605,14.6190416],[121.0425724,14.6191017],[121.0417508,14.6205016],[121.0416536,14.620663],[121.041206,14.6214301],[121.0410266,14.621732],[121.0407549,14.6222004],[121.0405455,14.6225667],[121.0404345,14.6227366],[121.0403414,14.6226848],[121.0399442,14.622461],[121.039834,14.6223996],[121.0397433,14.6223754],[121.0396706,14.6223599],[121.0390448,14.6223278],[121.0389586,14.6223203],[121.0388947,14.6223361],[121.0388236,14.6223817],[121.0387511,14.6224522],[121.0382958,14.6229716],[121.0381907,14.6230795],[121.0381404,14.623135],[121.0380614,14.6232222],[121.0378951,14.6234178],[121.0378416,14.6234857],[121.0377885,14.6235861],[121.0375638,14.6241887],[121.0375157,14.6243469],[121.0374797,14.6244482],[121.0375682,14.6244549],[121.0378555,14.6244769],[121.0382828,14.6245096],[121.0386422,14.6245371],[121.0387018,14.6245416],[121.038757,14.6245458],[121.0389737,14.6245624],[121.0390904,14.6245714],[121.0393346,14.62459],[121.0393641,14.6245923],[121.0396893,14.6246172],[121.0397603,14.6246226],[121.039841,14.624628],[121.0399378,14.6246352],[121.0400846,14.6246462],[121.040147,14.6246515],[121.0402275,14.6246584],[121.0404018,14.6246734],[121.0406616,14.6246956],[121.0409042,14.6247109],[121.0411539,14.6247128],[121.0413297,14.6247049],[121.0415164,14.6246839],[121.0416591,14.6246639],[121.0419126,14.6246143],[121.0420823,14.6245765],[121.0421359,14.6245565],[121.042312,14.6244952],[121.0424368,14.6244525],[121.0425642,14.6244021],[121.0426207,14.6243765],[121.0428405,14.62427],[121.0431871,14.6240921],[121.0432707,14.6240492],[121.0432908,14.6240391],[121.0437891,14.6237831],[121.044211,14.6235666],[121.0443904,14.6234745],[121.0445035,14.6234165],[121.0449922,14.6231657],[121.0450775,14.6231219],[121.0451417,14.623191],[121.0452606,14.6232952],[121.0456655,14.6236501],[121.0460796,14.6240722],[121.0464877,14.6244543],[121.0470301,14.6249603],[121.0473963,14.625313],[121.0474949,14.6253537],[121.04758,14.625394],[121.0476034,14.625404],[121.0480439,14.6255933],[121.0481084,14.6256225],[121.0482313,14.6256817],[121.0501155,14.6215921]]]}},{"type":"Feature","properties":{"name":"Industrial Valley","osm_id":371353},"geometry":{"type":"Polygon","coordinates":[[[121.0822638,14.6264632],[121.0822468,14.6263952],[121.082682,14.6282218],[121.0818178,14.6244248],[121.0818695,14.6232809],[121.0817509,14.6219879],[121.0815098,14.6210762],[121.0813172,14.6205069],[121.0812353,14.6203291],[121.0808495,14.6198871],[121.0803899,14.6195474],[121.0801964,14.6194061],[121.0798534,14.619101],[121.0791481,14.6181112],[121.0788822,14.6177381],[121.0782067,14.6181381],[121.0781522,14.6181704],[121.0781009,14.6182005],[121.0779778,14.6182727],[121.0758218,14.6195429],[121.0762267,14.6203305],[121.0765039,14.6208781],[121.0765189,14.6213886],[121.0764557,14.6218147],[121.0759409,14.6228017],[121.0758256,14.623032],[121.0750915,14.6237732],[121.0752906,14.6239809],[121.0751135,14.6247014],[121.0750843,14.6249965],[121.075037,14.6252375],[121.0747689,14.6264184],[121.0744536,14.6279073],[121.0743718,14.6283908],[121.0743739,14.6286311],[121.0751483,14.628847],[121.0758175,14.629031],[121.0769013,14.6296256],[121.0771695,14.6303523],[121.0774626,14.6309563],[121.077469,14.6314838],[121.0775373,14.6316817],[121.0776147,14.6322159],[121.0778564,14.6320294],[121.0781521,14.6317393],[121.0784693,14.6313809],[121.0786641,14.6311135],[121.0802794,14.6287505],[121.0810436,14.6277659],[121.0817785,14.6269706],[121.0822638,14.6264632]]]}},{"type":"Feature","properties":{"name":"Kaligayahan","osm_id":1751065},"geometry":{"type":"Polygon","coordinates":[[[121.0496433,14.7267623],[121.0487185,14.7267596],[121.0478683,14.7268053],[121.0474437,14.7267891],[121.0471929,14.7267937],[121.0455247,14.7267738],[121.0453019,14.7267739],[121.045066,14.7267583],[121.0448984,14.7267414],[121.0447322,14.7266319],[121.0445374,14.7265742],[121.0442177,14.7263085],[121.0441892,14.726193],[121.0438677,14.7258017],[121.0436042,14.7256954],[121.043284,14.7255904],[121.0429384,14.7253844],[121.0429147,14.7255778],[121.0427309,14.7257257],[121.042735,14.725989],[121.0428798,14.7261226],[121.0428934,14.726579],[121.0429927,14.7266056],[121.0430803,14.7270346],[121.0430183,14.7272787],[121.0430183,14.7276866],[121.0428507,14.7277146],[121.0427781,14.7279157],[121.0426719,14.7279604],[121.041979,14.7281057],[121.0417275,14.7281504],[121.0416158,14.7284019],[121.0413811,14.7280834],[121.0413196,14.7282119],[121.0410235,14.7280834],[121.0409215,14.7277631],[121.0408,14.7273625],[121.0407911,14.72714],[121.0407539,14.7270099],[121.0404521,14.7267953],[121.0403106,14.7268847],[121.0398862,14.7266965],[121.0397334,14.7268438],[121.039594,14.7269708],[121.0392642,14.7269442],[121.0392783,14.7271199],[121.0392635,14.7274917],[121.0392253,14.7276168],[121.039177,14.7277309],[121.0389531,14.7284975],[121.0387346,14.7284522],[121.0385628,14.7284417],[121.0387385,14.7290053],[121.0388126,14.7291038],[121.0389827,14.7291367],[121.0390071,14.7293253],[121.038925,14.7298116],[121.0388874,14.7298568],[121.0384023,14.7303893],[121.0382884,14.730555],[121.0372535,14.7310267],[121.0383709,14.7315364],[121.0391779,14.7324043],[121.0389137,14.7328398],[121.0388367,14.7335077],[121.0380761,14.7338206],[121.037854,14.7340211],[121.0376321,14.7340467],[121.0376692,14.7342024],[121.0377287,14.73424],[121.0379938,14.7345354],[121.0383244,14.7345512],[121.0381155,14.7347706],[121.0385801,14.7348807],[121.038535,14.7358244],[121.0394341,14.7358148],[121.0394351,14.737755],[121.0394248,14.739706],[121.039221,14.7397119],[121.038909,14.739963],[121.0385103,14.740294],[121.0404931,14.7421201],[121.0464397,14.7422036],[121.0531742,14.742157],[121.0531742,14.7362212],[121.0530546,14.7334838],[121.0530322,14.7312669],[121.0530278,14.7308312],[121.0530435,14.7292652],[121.0530455,14.7290281],[121.0521687,14.7290212],[121.0496732,14.7290296],[121.0496433,14.7267623]]]}},{"type":"Feature","properties":{"name":"Kalusugan","osm_id":1086453},"geometry":{"type":"Polygon","coordinates":[[[121.0237887,14.6261133],[121.0239462,14.6262161],[121.0236581,14.626252],[121.0234727,14.6262171],[121.0229749,14.6259679],[121.0222196,14.6258018],[121.0216702,14.6257105],[121.0211151,14.6254564],[121.0208979,14.6254016],[121.0204974,14.6253636],[121.0202203,14.6253694],[121.020076,14.6254073],[121.019892,14.6250112],[121.0196133,14.6246121],[121.0192357,14.6244792],[121.0191384,14.6244729],[121.0184031,14.6243962],[121.0178452,14.6241221],[121.0177079,14.623956],[121.0176907,14.6236321],[121.0178796,14.6230923],[121.0182658,14.6221621],[121.0181714,14.6217967],[121.0178184,14.6215241],[121.0173817,14.6212486],[121.0165959,14.6205032],[121.0164179,14.6201863],[121.0163002,14.6197545],[121.0162371,14.6194335],[121.0162538,14.6192791],[121.016441,14.6193342],[121.0165114,14.6193565],[121.0171638,14.6195628],[121.0171968,14.6195732],[121.0173025,14.6196067],[121.0174084,14.6196401],[121.0178772,14.6197967],[121.0179238,14.6198115],[121.0182451,14.6199134],[121.0192561,14.6202329],[121.0195489,14.6203226],[121.0195978,14.6203371],[121.0196524,14.6203523],[121.0203021,14.6205553],[121.0204779,14.6206109],[121.0205629,14.6206378],[121.0207414,14.6206943],[121.0213382,14.620879],[121.021435,14.6209093],[121.021539,14.6209405],[121.0215928,14.6209555],[121.0216399,14.6209714],[121.0220712,14.6211044],[121.022147,14.621124],[121.0222585,14.6211604],[121.0223855,14.621202],[121.0224137,14.6212102],[121.0224718,14.6212267],[121.0228698,14.6213491],[121.0229686,14.6213765],[121.0230117,14.6213919],[121.0231651,14.6214425],[121.0231939,14.6214501],[121.0232775,14.6214815],[121.0236764,14.6216013],[121.0238769,14.6216701],[121.0240575,14.6217296],[121.0246923,14.6219162],[121.0247448,14.6219336],[121.0249486,14.6219924],[121.0250612,14.6220309],[121.0254768,14.6221653],[121.0257846,14.6222561],[121.0260313,14.6223343],[121.0261075,14.6223559],[121.026131,14.6223629],[121.0262576,14.622402],[121.0262945,14.6224138],[121.0264275,14.6224578],[121.0263719,14.6225637],[121.0263036,14.6227102],[121.0261059,14.6230298],[121.0254755,14.6240059],[121.0254084,14.6241048],[121.0253242,14.6242288],[121.0248513,14.6250205],[121.0246474,14.6253136],[121.024423,14.6255975],[121.0242554,14.6257636],[121.0240951,14.6259083],[121.0239563,14.626018],[121.0238308,14.6260979],[121.0238095,14.6261095],[121.0237887,14.6261133]]]}},{"type":"Feature","properties":{"name":"Kamuning","osm_id":275066},"geometry":{"type":"Polygon","coordinates":[[[121.0336771,14.6276066],[121.0363505,14.6283971],[121.0384957,14.6289831],[121.0455164,14.6309617],[121.0457671,14.631033],[121.0458294,14.6309032],[121.0458928,14.6307641],[121.0459623,14.6306224],[121.0467003,14.6290091],[121.0469044,14.6285633],[121.0466093,14.6285329],[121.0465157,14.6285925],[121.0462528,14.6286275],[121.0460032,14.6286089],[121.0453516,14.6285812],[121.0444583,14.6285591],[121.0441321,14.6283847],[121.0434798,14.6276206],[121.0431966,14.6276954],[121.0429648,14.6277369],[121.0425786,14.6275127],[121.0417632,14.6270974],[121.0413535,14.6269544],[121.0407161,14.626732],[121.0397033,14.626242],[121.0394219,14.6261265],[121.0392398,14.626051],[121.0389959,14.6258773],[121.0384632,14.6253798],[121.0379215,14.6247384],[121.0378461,14.6247145],[121.0375639,14.6246575],[121.0373819,14.6247065],[121.0372248,14.6247852],[121.0370734,14.6248508],[121.0369291,14.6248886],[121.0367929,14.6249012],[121.0364139,14.6248363],[121.0362221,14.624837],[121.0355871,14.6250136],[121.0350438,14.6252878],[121.0345706,14.625478],[121.034306,14.6256597],[121.0342889,14.6256889],[121.0343017,14.6257648],[121.0342384,14.6258567],[121.0340913,14.6259592],[121.0339594,14.6260361],[121.0338121,14.6261077],[121.0336468,14.6261407],[121.0333512,14.6261117],[121.0333861,14.6262395],[121.0333914,14.6262627],[121.0334182,14.6263895],[121.0335208,14.6268941],[121.0335786,14.6271578],[121.0336403,14.627439],[121.0336771,14.6276066]]]}},{"type":"Feature","properties":{"name":"Katipunan","osm_id":913943},"geometry":{"type":"Polygon","coordinates":[[[121.0195538,14.6573877],[121.0192902,14.6566905],[121.0192272,14.6565085],[121.0191642,14.6563108],[121.0189498,14.6557483],[121.0188073,14.6553491],[121.0187444,14.6551282],[121.0187236,14.6550647],[121.0186734,14.6548425],[121.0186671,14.6548192],[121.0185553,14.6548475],[121.0184238,14.6548787],[121.0182895,14.6549444],[121.0181983,14.6550059],[121.0181509,14.6550192],[121.0180991,14.6550271],[121.018013,14.6550329],[121.0179449,14.6550273],[121.0178683,14.6549937],[121.0178084,14.6549507],[121.0175761,14.6549844],[121.0173051,14.6550632],[121.0170581,14.6551125],[121.0168208,14.6550591],[121.0164841,14.6546964],[121.0164077,14.6546642],[121.0163821,14.65466],[121.0161645,14.6546862],[121.01599,14.6547369],[121.0158982,14.6548512],[121.0158403,14.6547769],[121.0157574,14.6546929],[121.01557,14.6545912],[121.0153413,14.6545234],[121.0150403,14.6544959],[121.015045,14.6558216],[121.0150423,14.6560502],[121.0150819,14.6562383],[121.0152049,14.6564891],[121.0152961,14.6566331],[121.0153564,14.6568228],[121.0154554,14.6569143],[121.0156079,14.6570052],[121.0157221,14.6571272],[121.0157543,14.6571875],[121.0157774,14.6572565],[121.0157654,14.6573244],[121.0157199,14.6573876],[121.0155602,14.6575965],[121.0187373,14.6576384],[121.0188575,14.6576402],[121.019073,14.6576471],[121.0195143,14.6576548],[121.0196921,14.6576553],[121.0195538,14.6573877]]]}},{"type":"Feature","properties":{"name":"Kaunlaran","osm_id":1583453},"geometry":{"type":"Polygon","coordinates":[[[121.0488761,14.6210549],[121.0488934,14.620961],[121.0489105,14.6208898],[121.0489905,14.6205723],[121.0490181,14.6202422],[121.0490163,14.6200617],[121.0490141,14.6198326],[121.0490091,14.6192695],[121.049012,14.6190954],[121.0490075,14.6189548],[121.0489941,14.6187095],[121.0489132,14.6184482],[121.0488887,14.6183545],[121.0486762,14.6175418],[121.0486078,14.6173832],[121.0485102,14.6172312],[121.0484766,14.6171829],[121.0483226,14.6169546],[121.048123,14.6166759],[121.047608,14.6159534],[121.0473319,14.6155731],[121.0472605,14.61546],[121.0471572,14.6152997],[121.0471423,14.6152769],[121.0471094,14.6152268],[121.0469815,14.6150452],[121.0469393,14.6149854],[121.0469203,14.6149294],[121.0469132,14.6149071],[121.0467866,14.6145097],[121.0466449,14.6140876],[121.0466289,14.6140369],[121.0465688,14.6141065],[121.0465245,14.6141584],[121.0464475,14.6142037],[121.0463592,14.6142425],[121.0461935,14.6142692],[121.0460181,14.6141582],[121.0458334,14.6141505],[121.0457185,14.6142364],[121.0456261,14.6142933],[121.0455357,14.6142717],[121.04549,14.6142007],[121.045393,14.6140497],[121.0453233,14.6139362],[121.0452707,14.6137568],[121.0452773,14.6136222],[121.0451207,14.6133114],[121.0450267,14.6131122],[121.0450008,14.6130481],[121.0449806,14.6128861],[121.0449606,14.6126761],[121.0449192,14.6125751],[121.0448263,14.6125083],[121.0447618,14.612467],[121.0446661,14.6124005],[121.0446134,14.6123547],[121.0444722,14.6122558],[121.044382,14.6122243],[121.044334,14.612222],[121.044302,14.6122508],[121.0442427,14.6123209],[121.0441162,14.6123635],[121.04402,14.6123492],[121.0439651,14.6122948],[121.0437737,14.6124486],[121.043835,14.6125942],[121.0433139,14.6129259],[121.0429335,14.6132942],[121.043289,14.6137289],[121.0433587,14.6137198],[121.0439084,14.6142767],[121.0439407,14.6143521],[121.0421331,14.6161219],[121.0420957,14.6161618],[121.042025,14.6161212],[121.0417736,14.6159753],[121.041361,14.6157181],[121.0412789,14.6156641],[121.0409904,14.6154743],[121.040612,14.6152238],[121.0405206,14.6151561],[121.040286,14.6149592],[121.0401185,14.6148197],[121.0400901,14.6147961],[121.0400632,14.6147727],[121.0399328,14.6146593],[121.0397443,14.6144469],[121.0397043,14.6144019],[121.0395995,14.6142146],[121.0395333,14.6140288],[121.0394995,14.6139267],[121.0394575,14.6137925],[121.0393769,14.6136641],[121.0390309,14.6133177],[121.0389117,14.6132183],[121.0387446,14.6130801],[121.0385066,14.6128646],[121.0384148,14.6127856],[121.0383649,14.6127592],[121.0380334,14.6132932],[121.0379185,14.6134831],[121.0377725,14.6137256],[121.0377342,14.6137835],[121.0374144,14.6142926],[121.0373345,14.6144285],[121.0369862,14.6150119],[121.0369762,14.6150258],[121.0369355,14.6150931],[121.0369187,14.6151253],[121.0382852,14.6159095],[121.0408993,14.6174678],[121.0415714,14.6178685],[121.0427135,14.6185358],[121.0431542,14.6188313],[121.0440909,14.6194217],[121.044405,14.6195181],[121.0453774,14.6198167],[121.045776,14.6199558],[121.048216,14.6208075],[121.048541,14.6209209],[121.048769,14.6210104],[121.0488761,14.6210549]]]}},{"type":"Feature","properties":{"name":"Kristong Hari","osm_id":1086417},"geometry":{"type":"Polygon","coordinates":[[[121.0237887,14.6261133],[121.0239462,14.6262161],[121.024183,14.6260002],[121.024505,14.6256388],[121.0247865,14.6255548],[121.0249858,14.6255256],[121.0252894,14.6254887],[121.0255226,14.6253993],[121.0258121,14.6252186],[121.0260905,14.6250398],[121.0263309,14.624988],[121.0267943,14.6253035],[121.0270862,14.6256893],[121.0274094,14.6261165],[121.0276263,14.6263747],[121.0277423,14.6264653],[121.0280368,14.6265345],[121.0282361,14.626562],[121.0283525,14.6265661],[121.0284852,14.6265901],[121.0289182,14.6266656],[121.0291276,14.6267167],[121.0293026,14.6267401],[121.0294033,14.626751],[121.0294393,14.6267469],[121.0294521,14.6267457],[121.0295107,14.6267438],[121.0295815,14.6267354],[121.0296902,14.6267211],[121.0300573,14.6266729],[121.030734,14.6265327],[121.0313206,14.626447],[121.0317604,14.6265386],[121.0319094,14.6264901],[121.0319973,14.6263669],[121.0321424,14.6261339],[121.0323017,14.6259857],[121.0323956,14.6259399],[121.0325319,14.6259313],[121.0328986,14.6260364],[121.0331387,14.6260747],[121.0333512,14.6261117],[121.0336468,14.6261407],[121.0338121,14.6261077],[121.0339594,14.6260361],[121.0340913,14.6259592],[121.0342384,14.6258567],[121.0343017,14.6257648],[121.0342889,14.6256889],[121.034306,14.6256597],[121.0345706,14.625478],[121.0350438,14.6252878],[121.0355871,14.6250136],[121.0362221,14.624837],[121.0364139,14.6248363],[121.0367929,14.6249012],[121.0369291,14.6248886],[121.0370734,14.6248508],[121.0372248,14.6247852],[121.0373819,14.6247065],[121.0375639,14.6246575],[121.0378461,14.6247145],[121.0379215,14.6247384],[121.0384632,14.6253798],[121.0389959,14.6258773],[121.0392398,14.626051],[121.0394219,14.6261265],[121.0394595,14.6260134],[121.0395707,14.6256735],[121.0396289,14.6255415],[121.0397245,14.6253441],[121.0399262,14.6249707],[121.0400442,14.6247677],[121.040069,14.6247073],[121.0400846,14.6246462],[121.0399378,14.6246352],[121.039841,14.624628],[121.0397603,14.6246226],[121.0396893,14.6246172],[121.0393641,14.6245923],[121.0393346,14.62459],[121.0390904,14.6245714],[121.0389737,14.6245624],[121.038757,14.6245458],[121.0387018,14.6245416],[121.0386422,14.6245371],[121.0382828,14.6245096],[121.0378555,14.6244769],[121.0375682,14.6244549],[121.0374797,14.6244482],[121.0373867,14.6244412],[121.037083,14.6244171],[121.0369297,14.6244057],[121.0367159,14.6243899],[121.0365944,14.6243809],[121.0360947,14.624344],[121.0356859,14.6243115],[121.0355243,14.6242987],[121.0353177,14.6242823],[121.0352042,14.6242733],[121.0351709,14.6242707],[121.0351181,14.6242665],[121.0350086,14.6242581],[121.0347662,14.6242396],[121.034342,14.6242071],[121.034264,14.6242011],[121.0342013,14.6241964],[121.0340957,14.6241883],[121.0339923,14.6241804],[121.0338722,14.624171],[121.0336795,14.624156],[121.0335084,14.6241426],[121.0333492,14.6241302],[121.0331285,14.6241129],[121.033024,14.6241048],[121.0329598,14.6240998],[121.0327694,14.6240864],[121.0325559,14.6240714],[121.0321278,14.6240414],[121.0320132,14.6240334],[121.0317033,14.6240107],[121.0315791,14.6240016],[121.0314753,14.623994],[121.0313773,14.6239836],[121.0311897,14.6239438],[121.0309709,14.6238774],[121.0305586,14.6237545],[121.0304644,14.6237243],[121.0291141,14.6233038],[121.0289682,14.6232564],[121.0288626,14.6232277],[121.028616,14.6231479],[121.028462,14.6230999],[121.0281618,14.623003],[121.0281067,14.6229846],[121.0280504,14.622967],[121.0277824,14.6228814],[121.0271576,14.6226863],[121.0270061,14.6226406],[121.0268561,14.6225911],[121.0265459,14.6224952],[121.0264275,14.6224578],[121.0263719,14.6225637],[121.0263036,14.6227102],[121.0261059,14.6230298],[121.0254755,14.6240059],[121.0254084,14.6241048],[121.0253242,14.6242288],[121.0248513,14.6250205],[121.0246474,14.6253136],[121.024423,14.6255975],[121.0242554,14.6257636],[121.0240951,14.6259083],[121.0239563,14.626018],[121.0238308,14.6260979],[121.0238095,14.6261095],[121.0237887,14.6261133]]]}},{"type":"Feature","properties":{"name":"Krus na Ligas","osm_id":1368818},"geometry":{"type":"Polygon","coordinates":[[[121.0644952,14.6438579],[121.0643614,14.6435959],[121.0643253,14.6435444],[121.0642736,14.6434914],[121.0641902,14.6434211],[121.0636609,14.6430443],[121.0630757,14.642629],[121.062643,14.6422968],[121.0626336,14.6422474],[121.0630102,14.6416859],[121.0631189,14.641521],[121.0633881,14.6411928],[121.0634283,14.6410503],[121.0634207,14.6409907],[121.0633552,14.6408826],[121.0632996,14.6408457],[121.0632368,14.6408144],[121.062311,14.6405742],[121.0645524,14.637789],[121.0637875,14.6370655],[121.0628842,14.6371548],[121.0619146,14.6370983],[121.0619192,14.6371115],[121.061742,14.6390647],[121.0617596,14.6390819],[121.0616332,14.6408237],[121.0614785,14.6429569],[121.0612995,14.6448275],[121.0611532,14.6468688],[121.061337,14.6468642],[121.0620769,14.6468579],[121.0624072,14.6468707],[121.0626556,14.646898],[121.0626856,14.6469021],[121.0633937,14.6471478],[121.0638217,14.6473057],[121.0638748,14.6473746],[121.0639156,14.6474223],[121.0639594,14.647456],[121.0640051,14.6474783],[121.0640866,14.6475035],[121.0641869,14.6475386],[121.0642111,14.6475538],[121.0642629,14.6475864],[121.0643844,14.6476804],[121.0644594,14.6476718],[121.0645687,14.647676],[121.0646545,14.6476832],[121.0646487,14.6473976],[121.064566,14.6451548],[121.0645328,14.6445225],[121.0645271,14.6444085],[121.0645148,14.6440732],[121.0645133,14.6439676],[121.0644952,14.6438579]]]}},{"type":"Feature","properties":{"name":"Laging Handa","osm_id":105078},"geometry":{"type":"Polygon","coordinates":[[[121.0255343,14.6305635],[121.0255462,14.630618],[121.0256179,14.6309607],[121.0256243,14.6309925],[121.0256338,14.6310341],[121.0257387,14.6314953],[121.0258511,14.6319664],[121.0259839,14.6325044],[121.026096,14.6330195],[121.0262164,14.6335417],[121.0263403,14.6340847],[121.0263838,14.6343128],[121.0264189,14.6345283],[121.026427,14.6345736],[121.0264594,14.6345953],[121.0265041,14.6346227],[121.0271579,14.6350245],[121.0272333,14.6350708],[121.0280739,14.635586],[121.0287231,14.6359828],[121.0288704,14.6360728],[121.029028,14.6361769],[121.0291279,14.6362428],[121.0292743,14.6362113],[121.0297845,14.6361002],[121.0298203,14.6360943],[121.0300397,14.6360451],[121.0311725,14.6357976],[121.0312657,14.635777],[121.0313943,14.6357471],[121.0314861,14.6357292],[121.0321342,14.6355892],[121.0322859,14.6355586],[121.0328891,14.6354216],[121.0329504,14.6354097],[121.0331222,14.6353726],[121.0331635,14.6353652],[121.0332389,14.6353459],[121.0333503,14.635318],[121.0348321,14.6349868],[121.035362,14.6348547],[121.0352425,14.6342948],[121.0351817,14.6340359],[121.0351527,14.6339023],[121.035136,14.6338419],[121.0350103,14.6333186],[121.03498,14.6331815],[121.0348866,14.6327596],[121.0348562,14.6326293],[121.0347659,14.6322421],[121.0346417,14.6317069],[121.0345264,14.6311967],[121.0344054,14.6306719],[121.0343783,14.6305644],[121.0343645,14.6305011],[121.0342947,14.6302014],[121.0342887,14.6301769],[121.0342796,14.6301356],[121.0341909,14.6297465],[121.0341711,14.6296622],[121.0340768,14.6292621],[121.0340544,14.6291511],[121.0339464,14.6286928],[121.0298216,14.6295781],[121.0255267,14.6305313],[121.0255343,14.6305635]]]}},{"type":"Feature","properties":{"name":"Libis","osm_id":108744},"geometry":{"type":"Polygon","coordinates":[[[121.0786891,14.6173291],[121.0784058,14.6175107],[121.0780067,14.6177719],[121.0777866,14.6177598],[121.0774194,14.6177421],[121.0771241,14.6177321],[121.0769522,14.6177576],[121.0766604,14.6177315],[121.0765595,14.6176749],[121.0764504,14.6176138],[121.0763486,14.6174754],[121.0762835,14.6173159],[121.076201,14.6169806],[121.0761226,14.6164511],[121.0761079,14.6163764],[121.0755168,14.6162436],[121.0753298,14.6162213],[121.0748273,14.6162269],[121.0745759,14.6162595],[121.0742876,14.6162809],[121.0742122,14.6162711],[121.0741431,14.6162387],[121.0740834,14.6162049],[121.0740349,14.6161483],[121.0738752,14.6159153],[121.0731935,14.6151647],[121.0734444,14.6152168],[121.0741586,14.6154015],[121.0742017,14.6152517],[121.0744464,14.6153058],[121.074474,14.6151401],[121.07481,14.6150168],[121.0749661,14.6149376],[121.0751309,14.6149416],[121.075293,14.6149386],[121.075322,14.6149304],[121.0753489,14.6148672],[121.0754305,14.6148311],[121.0755026,14.614828],[121.0755329,14.6148583],[121.0756349,14.6149993],[121.0758825,14.6149137],[121.0759709,14.6148832],[121.0761008,14.6148023],[121.0761719,14.6147421],[121.0762555,14.6147031],[121.0763244,14.6146568],[121.0764589,14.6145911],[121.0765239,14.6145589],[121.0767278,14.6145737],[121.0769106,14.6146635],[121.077034,14.6146778],[121.077125,14.6145599],[121.077256,14.614604],[121.0773005,14.6146737],[121.0773144,14.6148901],[121.0773504,14.6149391],[121.0773741,14.6149542],[121.0774677,14.6149525],[121.0775093,14.614926],[121.0775584,14.614862],[121.0776646,14.6147686],[121.0778114,14.6147953],[121.0781263,14.6150309],[121.0784392,14.6155269],[121.078399,14.6160455],[121.0784541,14.616765],[121.0786891,14.6173291]]]}},{"type":"Feature","properties":{"name":"Lourdes","osm_id":104863},"geometry":{"type":"Polygon","coordinates":[[[121.0079581,14.6235801],[121.0080124,14.6235279],[121.0060837,14.621793],[121.0042611,14.6201175],[121.0035908,14.6195014],[121.0035437,14.6195676],[121.0027067,14.6212663],[121.0024455,14.6218717],[121.0020851,14.6226517],[121.0018988,14.6230473],[121.0016902,14.6234829],[121.0012307,14.6244228],[121.0004279,14.6240606],[120.9998902,14.6238214],[120.9997077,14.6237363],[120.9996441,14.6237083],[120.9995895,14.6236867],[120.9990522,14.6234188],[120.9990037,14.6233919],[120.9989625,14.6234744],[120.9983498,14.6247664],[120.9982871,14.6248884],[120.9976891,14.6261359],[120.9972676,14.6270115],[120.9971109,14.6273315],[120.9970249,14.6275099],[120.9963905,14.6288357],[120.9970322,14.6291217],[120.9978342,14.6294863],[120.9986326,14.629832],[120.9994502,14.6302022],[121.0002649,14.6305834],[121.0023095,14.6315108],[121.0026091,14.6308632],[121.0029295,14.6302065],[121.0032564,14.6295134],[121.0035861,14.6288284],[121.0038133,14.6283439],[121.0039192,14.6281271],[121.0039885,14.627976],[121.0041256,14.6277037],[121.0042762,14.6274717],[121.0047759,14.6268896],[121.0052266,14.6264184],[121.0055993,14.6260411],[121.0064486,14.6251445],[121.0079581,14.6235801]]]}},{"type":"Feature","properties":{"name":"Loyola Heights","osm_id":149047},"geometry":{"type":"Polygon","coordinates":[[[121.0667836,14.6399441],[121.0645524,14.637789],[121.0637875,14.6370655],[121.0639417,14.636414],[121.0639773,14.6363321],[121.06406,14.6358697],[121.0643451,14.6344956],[121.0644917,14.6338236],[121.0647172,14.6338303],[121.0648332,14.6338264],[121.0649365,14.6338166],[121.0651587,14.6337473],[121.065362,14.6336669],[121.0655723,14.633464],[121.065637,14.6334629],[121.0657152,14.6334769],[121.0657911,14.6335179],[121.0658873,14.6336232],[121.0660918,14.6337336],[121.0662319,14.6337569],[121.0664687,14.6338232],[121.0665856,14.6339495],[121.0667503,14.6339659],[121.066928,14.6338444],[121.0670159,14.6336324],[121.0674443,14.6337619],[121.0678952,14.6340001],[121.0680427,14.6340445],[121.0684265,14.6340136],[121.0686003,14.6339893],[121.0687659,14.6339058],[121.0690288,14.6337655],[121.0691918,14.6336772],[121.0692769,14.6335587],[121.0694365,14.6334121],[121.0694415,14.6332519],[121.0694865,14.6331698],[121.0695585,14.6331453],[121.0697194,14.6331771],[121.0697893,14.6331155],[121.0707713,14.6310784],[121.0711301,14.6302805],[121.0704805,14.6299392],[121.0705332,14.6298695],[121.0708912,14.6293219],[121.0709488,14.6292337],[121.071175,14.6288877],[121.0712111,14.6288325],[121.0713955,14.6285505],[121.0714204,14.6285122],[121.0716005,14.6282368],[121.0722751,14.6285678],[121.0732193,14.6284968],[121.0736484,14.6285167],[121.07396,14.6285533],[121.0741813,14.6285903],[121.0743739,14.6286311],[121.0751483,14.628847],[121.0758175,14.629031],[121.0769013,14.6296256],[121.0771695,14.6303523],[121.0774626,14.6309563],[121.077469,14.6314838],[121.0775373,14.6316817],[121.0776147,14.6322159],[121.0777748,14.6324289],[121.0777259,14.6325722],[121.0777695,14.6328058],[121.0781852,14.6327038],[121.0781921,14.6331024],[121.0783354,14.6331595],[121.0787821,14.6333002],[121.0795619,14.6336149],[121.0799374,14.6339782],[121.0802379,14.6345357],[121.0797189,14.6346416],[121.0799697,14.6355115],[121.0803023,14.635823],[121.0806885,14.6362589],[121.0806778,14.6365807],[121.0808709,14.6368195],[121.0813323,14.636861],[121.0817386,14.6369035],[121.0818386,14.6373806],[121.0819219,14.6379116],[121.0819852,14.6383165],[121.0816883,14.6383388],[121.0811626,14.638401],[121.0807133,14.6384576],[121.0809909,14.638754],[121.0814591,14.6391565],[121.0814819,14.6395869],[121.0817834,14.6400111],[121.0819886,14.6401248],[121.0823068,14.640833],[121.0823287,14.6410846],[121.0824574,14.6413518],[121.0822937,14.6419772],[121.0823549,14.6424372],[121.0831803,14.6433858],[121.0831645,14.6436992],[121.083191,14.6439884],[121.0831984,14.6442567],[121.0830492,14.6453474],[121.0828836,14.6457813],[121.0828178,14.646006],[121.0827174,14.6461866],[121.0824953,14.6462709],[121.0819813,14.6466599],[121.0817201,14.646812],[121.0812065,14.6470973],[121.0811303,14.6471056],[121.0810548,14.6470932],[121.0809198,14.6470579],[121.0807279,14.6470077],[121.0806977,14.6469985],[121.0805355,14.6469493],[121.0804195,14.6469026],[121.0803347,14.64685],[121.0797938,14.6462511],[121.0797545,14.6462075],[121.0796924,14.6461399],[121.0792654,14.645625],[121.0790092,14.645339],[121.0788994,14.6452236],[121.0788173,14.6451672],[121.0786869,14.6450941],[121.0785307,14.6450355],[121.0782272,14.6449743],[121.0780987,14.6449693],[121.077974,14.6449771],[121.077749,14.6450225],[121.0776168,14.6450727],[121.0773792,14.6451692],[121.0771566,14.6453415],[121.076997,14.6455009],[121.0766472,14.645843],[121.0765243,14.6459269],[121.0763157,14.6460449],[121.0761556,14.6460963],[121.0760789,14.6461468],[121.0757927,14.6462019],[121.0755994,14.646242],[121.0755905,14.6462436],[121.0755404,14.6462479],[121.0754644,14.6462545],[121.0754136,14.6462615],[121.0751225,14.6462948],[121.0747585,14.6463252],[121.0744826,14.6463482],[121.0744088,14.6463609],[121.0742564,14.6475639],[121.0726838,14.645814],[121.072214,14.6453696],[121.0707155,14.6438476],[121.0667836,14.6399441]]]}},{"type":"Feature","properties":{"name":"Maharlika","osm_id":1588395},"geometry":{"type":"Polygon","coordinates":[[[120.9935224,14.6372283],[120.9936534,14.6372793],[120.9938417,14.6373436],[120.9940135,14.6374026],[120.9943342,14.6374593],[120.9944103,14.637474],[120.9946394,14.6375245],[120.9947919,14.637554],[120.9950132,14.6375897],[120.9954751,14.6376478],[120.9958838,14.6377089],[120.9962846,14.6377564],[120.9968167,14.6378275],[120.9969338,14.6375562],[120.9971444,14.6371248],[120.9974604,14.6364943],[120.9981726,14.6349279],[120.9981986,14.6348602],[120.9988424,14.6335046],[120.9988515,14.6334907],[120.9988659,14.6334835],[120.998879,14.633478],[120.9988937,14.6334774],[120.9989473,14.6333221],[120.9993307,14.6325391],[120.9995003,14.6321928],[120.9996109,14.6319669],[120.9996964,14.6317804],[120.9999983,14.6311777],[121.0002649,14.6305834],[120.9994502,14.6302022],[120.9986326,14.629832],[120.9978342,14.6294863],[120.9970322,14.6291217],[120.9963905,14.6288357],[120.995828,14.6300384],[120.9957897,14.6301229],[120.9957572,14.6302061],[120.9956592,14.630536],[120.9956207,14.6306567],[120.9954612,14.6311516],[120.9953984,14.631345],[120.9953678,14.6314392],[120.9952704,14.631746],[120.9951425,14.6321748],[120.995022,14.6325695],[120.995008,14.6326136],[120.994861,14.6330852],[120.9947599,14.6334132],[120.9942244,14.6350964],[120.9938725,14.6362186],[120.9937727,14.6365085],[120.9936813,14.636779],[120.9935905,14.637058],[120.9935224,14.6372283]]]}},{"type":"Feature","properties":{"name":"Malaya","osm_id":1368815},"geometry":{"type":"Polygon","coordinates":[[[121.0563952,14.6393778],[121.056367,14.6386452],[121.0563465,14.6381121],[121.0563202,14.6374314],[121.0562039,14.6365847],[121.0561169,14.636103],[121.056028,14.6356751],[121.0560809,14.6356364],[121.0562504,14.63552],[121.0563161,14.6354749],[121.0563949,14.6354211],[121.056508,14.6353665],[121.0566025,14.6353239],[121.0567153,14.6352854],[121.0567728,14.6352683],[121.0568481,14.6352463],[121.0569097,14.6352376],[121.0570665,14.6352298],[121.0571934,14.6352326],[121.0573299,14.6352482],[121.0574692,14.6352828],[121.0576142,14.6353237],[121.0578978,14.6342338],[121.0578715,14.6342262],[121.0574795,14.6341131],[121.0569539,14.6339615],[121.0566802,14.6338826],[121.0565908,14.6338568],[121.056512,14.6338341],[121.0564237,14.6338086],[121.0562636,14.6337624],[121.0554776,14.6335357],[121.0553413,14.6334964],[121.0546464,14.633296],[121.0545103,14.6332567],[121.0544525,14.6332387],[121.05437,14.6332163],[121.0543387,14.6333103],[121.0543362,14.6333192],[121.054305,14.6334212],[121.0542705,14.6335406],[121.054211,14.6337481],[121.0541724,14.6338675],[121.0541514,14.634],[121.0541577,14.6341367],[121.0541712,14.6342573],[121.0541966,14.6343992],[121.0546079,14.6361387],[121.05475,14.6368263],[121.0548355,14.6375416],[121.0548832,14.6379287],[121.054921,14.6385518],[121.0549139,14.6393362],[121.05498,14.6393375],[121.055739,14.6393631],[121.0563952,14.6393778]]]}},{"type":"Feature","properties":{"name":"Mangga","osm_id":366184},"geometry":{"type":"Polygon","coordinates":[[[121.0625817,14.6275669],[121.0618981,14.6272617],[121.0604137,14.6265158],[121.0604418,14.6264571],[121.06046,14.6264257],[121.0606584,14.6260307],[121.0606983,14.6259485],[121.0608864,14.6255653],[121.060946,14.6254355],[121.0609923,14.625335],[121.0610599,14.6251929],[121.0610854,14.625144],[121.061122,14.6250716],[121.0613094,14.6246841],[121.0614265,14.6244375],[121.0615695,14.6241366],[121.0615879,14.6240986],[121.061609,14.6240535],[121.0616729,14.6239244],[121.0618202,14.6236145],[121.0618415,14.6235721],[121.0618619,14.6235229],[121.0619882,14.6232536],[121.0620655,14.6233077],[121.0625411,14.623889],[121.0626336,14.6242625],[121.0627535,14.624451],[121.0628785,14.6244933],[121.0630262,14.6245777],[121.0629483,14.6247963],[121.0629296,14.6248487],[121.0628789,14.6250194],[121.062878,14.6250348],[121.0628674,14.6252072],[121.0628695,14.625219],[121.0628856,14.6253097],[121.0629805,14.625406],[121.0630688,14.6254789],[121.0630939,14.6255389],[121.0630931,14.6256212],[121.062996,14.6258769],[121.0629819,14.6259509],[121.0630298,14.6260132],[121.0630494,14.6260988],[121.0630894,14.6261805],[121.063129,14.6262162],[121.0631709,14.626246],[121.063249,14.6263078],[121.0632905,14.6263972],[121.0632848,14.626482],[121.0632386,14.6265778],[121.0630979,14.626733],[121.0630664,14.626764],[121.0630031,14.6268566],[121.0629801,14.6269242],[121.0629643,14.6270479],[121.0629375,14.6271694],[121.0628792,14.6272817],[121.0627572,14.62738],[121.0626492,14.6274791],[121.0625817,14.6275669]]]}},{"type":"Feature","properties":{"name":"Manresa","osm_id":1693443},"geometry":{"type":"Polygon","coordinates":[[[121.0061304,14.645191],[121.0060299,14.6449011],[121.0059669,14.6446579],[121.0059231,14.6444931],[121.0059013,14.6442285],[121.0058429,14.6436881],[121.0058572,14.6434297],[121.0058894,14.6429622],[121.0059462,14.6423477],[121.0060622,14.6418309],[121.0063787,14.6404214],[121.0065664,14.6396687],[121.0066911,14.6393973],[121.0068343,14.639137],[121.0067281,14.6391278],[121.0062739,14.6390601],[121.0062544,14.639059],[121.0059149,14.6390149],[121.0057053,14.638985],[121.0054346,14.638953],[121.0049055,14.6388814],[121.0047456,14.6388609],[121.00425,14.6387942],[121.0035722,14.638706],[121.0035071,14.6386956],[121.0034304,14.6386863],[121.0033604,14.6386779],[121.0009421,14.6383729],[121.0005069,14.6383159],[121.000265,14.6382842],[121.0002221,14.6382786],[120.9983123,14.6380151],[120.9968167,14.6378275],[120.9962846,14.6377564],[120.9958838,14.6377089],[120.9958006,14.6383964],[120.9954637,14.6409294],[120.9951884,14.642999],[120.9950789,14.6438221],[120.9950128,14.6438902],[120.9949613,14.6443137],[120.9950967,14.6443249],[120.9954636,14.6443552],[120.9973913,14.6445143],[121.0005231,14.6447372],[121.0020599,14.6448754],[121.0031546,14.6451767],[121.0035503,14.6452792],[121.0037436,14.6452973],[121.0037853,14.6453012],[121.004145,14.6452131],[121.0046516,14.6450222],[121.0049379,14.6449855],[121.0059382,14.645075],[121.0060276,14.645083],[121.0061304,14.645191]]]}},{"type":"Feature","properties":{"name":"Mariana","osm_id":1086428},"geometry":{"type":"Polygon","coordinates":[[[121.0374797,14.6244482],[121.0373867,14.6244412],[121.037083,14.6244171],[121.0369297,14.6244057],[121.0367159,14.6243899],[121.0365944,14.6243809],[121.0360947,14.624344],[121.0356859,14.6243115],[121.0355243,14.6242987],[121.0353177,14.6242823],[121.0352042,14.6242733],[121.0351709,14.6242707],[121.0351181,14.6242665],[121.0350086,14.6242581],[121.0347662,14.6242396],[121.034342,14.6242071],[121.034264,14.6242011],[121.0342013,14.6241964],[121.0340957,14.6241883],[121.0339923,14.6241804],[121.0338722,14.624171],[121.0336795,14.624156],[121.0335084,14.6241426],[121.0333492,14.6241302],[121.0331285,14.6241129],[121.033024,14.6241048],[121.0329598,14.6240998],[121.0327694,14.6240864],[121.0325559,14.6240714],[121.0321278,14.6240414],[121.0320132,14.6240334],[121.0317033,14.6240107],[121.0315791,14.6240016],[121.0314753,14.623994],[121.0313773,14.6239836],[121.0311897,14.6239438],[121.0309709,14.6238774],[121.0305586,14.6237545],[121.0304644,14.6237243],[121.0291141,14.6233038],[121.0289682,14.6232564],[121.0288626,14.6232277],[121.028616,14.6231479],[121.028462,14.6230999],[121.0281618,14.623003],[121.0281067,14.6229846],[121.0280504,14.622967],[121.0277824,14.6228814],[121.0271576,14.6226863],[121.0270061,14.6226406],[121.0268561,14.6225911],[121.0265459,14.6224952],[121.0264275,14.6224578],[121.0262945,14.6224138],[121.0262576,14.622402],[121.026131,14.6223629],[121.0261075,14.6223559],[121.0260313,14.6223343],[121.0257846,14.6222561],[121.0254768,14.6221653],[121.0250612,14.6220309],[121.0249486,14.6219924],[121.0247448,14.6219336],[121.0246923,14.6219162],[121.0240575,14.6217296],[121.0240748,14.6216958],[121.0241123,14.6216289],[121.0242406,14.621398],[121.0243829,14.621142],[121.0245397,14.6208598],[121.0246327,14.6207052],[121.0246623,14.6206559],[121.0247077,14.6205793],[121.0250559,14.6199918],[121.0250875,14.6199384],[121.025191,14.6197694],[121.025213,14.6197335],[121.025478,14.6193006],[121.0255212,14.6192299],[121.0255489,14.6191852],[121.0259308,14.6185694],[121.0259594,14.6185233],[121.0260008,14.6184552],[121.0261482,14.6182128],[121.0264607,14.6177241],[121.0265218,14.6176284],[121.0265816,14.6175271],[121.02702,14.6167842],[121.027059,14.6167259],[121.0270892,14.6166675],[121.0275387,14.6159125],[121.0275641,14.6158698],[121.0276987,14.6156412],[121.0278276,14.6154387],[121.0281156,14.6149991],[121.0282532,14.6147917],[121.0287944,14.6138874],[121.0289548,14.6136118],[121.0291109,14.6133437],[121.0293352,14.6129982],[121.0294838,14.6130842],[121.0298162,14.6131828],[121.0301013,14.6131495],[121.0304507,14.6129786],[121.0306945,14.6129724],[121.0308805,14.6129253],[121.0310722,14.6126096],[121.0312621,14.6122656],[121.0327057,14.6127576],[121.0332168,14.6129749],[121.0369187,14.6151253],[121.0382852,14.6159095],[121.0408993,14.6174678],[121.0415714,14.6178685],[121.0427135,14.6185358],[121.0431542,14.6188313],[121.0431327,14.6188713],[121.0430791,14.6189505],[121.0430583,14.6189768],[121.0430288,14.6190157],[121.0429605,14.6190416],[121.0425724,14.6191017],[121.0417508,14.6205016],[121.0416536,14.620663],[121.041206,14.6214301],[121.0410266,14.621732],[121.0407549,14.6222004],[121.0405455,14.6225667],[121.0404345,14.6227366],[121.0403414,14.6226848],[121.0399442,14.622461],[121.039834,14.6223996],[121.0397433,14.6223754],[121.0396706,14.6223599],[121.0390448,14.6223278],[121.0389586,14.6223203],[121.0388947,14.6223361],[121.0388236,14.6223817],[121.0387511,14.6224522],[121.0382958,14.6229716],[121.0381907,14.6230795],[121.0381404,14.623135],[121.0380614,14.6232222],[121.0378951,14.6234178],[121.0378416,14.6234857],[121.0377885,14.6235861],[121.0375638,14.6241887],[121.0375157,14.6243469],[121.0374797,14.6244482]]]}},{"type":"Feature","properties":{"name":"Mariblo","osm_id":1552370},"geometry":{"type":"Polygon","coordinates":[[[121.0181724,14.6349792],[121.0179426,14.6349989],[121.0177965,14.6349871],[121.0173411,14.6348575],[121.0172451,14.6347373],[121.0172018,14.6345735],[121.0172471,14.6335421],[121.0172321,14.633398],[121.0171692,14.6332087],[121.0169371,14.6330497],[121.016723,14.6330653],[121.0164731,14.6332127],[121.0162401,14.6333012],[121.0160855,14.6333206],[121.016001,14.6332744],[121.0158544,14.6331943],[121.0156656,14.6330746],[121.0153983,14.6328607],[121.0151554,14.6326318],[121.0150843,14.632489],[121.0147117,14.6326856],[121.0146095,14.6327987],[121.0144748,14.6328739],[121.014384,14.6329311],[121.0142819,14.6329693],[121.0141004,14.6330427],[121.0139399,14.6331074],[121.0138087,14.633213],[121.01368,14.6333376],[121.0136199,14.633512],[121.01368,14.6336615],[121.0138571,14.6339237],[121.0139373,14.6340662],[121.0139938,14.634165],[121.014019,14.634249],[121.0140663,14.6344031],[121.0140511,14.6345266],[121.0144449,14.6346691],[121.0146514,14.6354249],[121.0147643,14.6356779],[121.0148816,14.6359405],[121.0150553,14.6363295],[121.015236,14.6367341],[121.0154192,14.6371444],[121.0157964,14.6369449],[121.0161718,14.6367049],[121.0165465,14.6364188],[121.0169264,14.6361488],[121.0173787,14.6358096],[121.0174218,14.6357626],[121.0174582,14.6357078],[121.0174958,14.6356231],[121.017576,14.6354146],[121.0175903,14.6353571],[121.018149,14.6354456],[121.0189473,14.6353312],[121.0188455,14.635173],[121.0186175,14.6350114],[121.0184531,14.6349609],[121.0182533,14.6349571],[121.0181724,14.6349792]]]}},{"type":"Feature","properties":{"name":"Marilag","osm_id":366189},"geometry":{"type":"Polygon","coordinates":[[[121.0729973,14.620895],[121.0729341,14.6209217],[121.072057,14.6212776],[121.0719778,14.6215659],[121.0719422,14.6216954],[121.0717941,14.6223095],[121.0717291,14.6225654],[121.0716551,14.6228513],[121.0715678,14.6231823],[121.0709835,14.6230252],[121.0706185,14.6229353],[121.0705382,14.622915],[121.0704649,14.6228981],[121.0694075,14.6226358],[121.0693236,14.6226142],[121.0690316,14.6225441],[121.0688836,14.6225275],[121.0680412,14.6225415],[121.0679371,14.6225435],[121.0674545,14.6225549],[121.0673389,14.6225535],[121.0673398,14.6226398],[121.0673635,14.623127],[121.0673965,14.6236166],[121.0674087,14.624024],[121.0674095,14.6241222],[121.0674228,14.6246038],[121.0674537,14.6246625],[121.0674517,14.6250543],[121.067461,14.6251461],[121.0671781,14.6255035],[121.0668718,14.6258825],[121.0658319,14.6262141],[121.0658539,14.6262703],[121.0659601,14.6266087],[121.0660505,14.6268965],[121.0662476,14.6274871],[121.0664013,14.6280041],[121.0664777,14.6282469],[121.0664928,14.6282949],[121.0670242,14.6283806],[121.0674164,14.6285058],[121.0687097,14.6290924],[121.0704805,14.6299392],[121.0705332,14.6298695],[121.0708912,14.6293219],[121.0709488,14.6292337],[121.071175,14.6288877],[121.0712111,14.6288325],[121.0713955,14.6285505],[121.0714204,14.6285122],[121.0716005,14.6282368],[121.0716148,14.6281997],[121.0716453,14.6281209],[121.0717769,14.627776],[121.0719454,14.6273157],[121.0721191,14.626841],[121.072302,14.6263465],[121.0725458,14.6256876],[121.0729604,14.6245057],[121.0732759,14.6236128],[121.0734879,14.6236549],[121.0735928,14.6236724],[121.0737074,14.6236783],[121.0738186,14.6236775],[121.0742492,14.6236677],[121.0729973,14.620895]]]}},{"type":"Feature","properties":{"name":"Masagana","osm_id":555344},"geometry":{"type":"Polygon","coordinates":[[[121.0658017,14.6215006],[121.0657507,14.6214727],[121.0658426,14.62138],[121.065515,14.6210295],[121.0654862,14.6209735],[121.0654906,14.6208921],[121.0655731,14.6206919],[121.0656816,14.6204603],[121.0659564,14.6198443],[121.0660399,14.6196928],[121.0660376,14.6196073],[121.0660148,14.6195513],[121.0659737,14.6195138],[121.065846,14.619455],[121.064878,14.6190547],[121.0651057,14.6185739],[121.0653427,14.6180468],[121.0655732,14.6175267],[121.0656041,14.6174571],[121.0657441,14.6171374],[121.0657824,14.6170499],[121.0659778,14.6166019],[121.0659779,14.6166017],[121.0661826,14.6161202],[121.0663718,14.615675],[121.0664948,14.6153983],[121.0666025,14.6152185],[121.0667278,14.6150631],[121.0667471,14.6150485],[121.0668685,14.6149568],[121.0669556,14.6149113],[121.0670095,14.6148831],[121.0670934,14.6148528],[121.067139,14.6148364],[121.0671542,14.6148867],[121.0672911,14.6153407],[121.067488,14.6159963],[121.0675524,14.6162102],[121.0680726,14.6173527],[121.0686183,14.6185756],[121.0686207,14.6186638],[121.0686304,14.6189944],[121.0685612,14.6192632],[121.0684753,14.6195455],[121.0683466,14.6197864],[121.0680861,14.6200131],[121.0672514,14.6207783],[121.0668067,14.621186],[121.0663288,14.6216242],[121.066229,14.6217042],[121.066181,14.6217077],[121.0658017,14.6215006]]]}},{"type":"Feature","properties":{"name":"Masambong","osm_id":1697934},"geometry":{"type":"Polygon","coordinates":[[[121.0119947,14.639821],[121.0115404,14.6397583],[121.0113886,14.6397362],[121.0113469,14.6397284],[121.011291,14.6397219],[121.0112211,14.6397123],[121.0111543,14.6397031],[121.0105961,14.6396209],[121.0105192,14.6396128],[121.0102827,14.6395865],[121.0101754,14.6395685],[121.0099768,14.6395464],[121.0097531,14.6395183],[121.0096557,14.6395078],[121.008088,14.6393042],[121.007869,14.6392763],[121.007774,14.6392602],[121.007586,14.6392359],[121.0072376,14.6391929],[121.0071627,14.6391837],[121.0071133,14.639178],[121.0070534,14.6391706],[121.0069299,14.6391611],[121.0068343,14.639137],[121.0066911,14.6393973],[121.0065664,14.6396687],[121.0063787,14.6404214],[121.0060622,14.6418309],[121.0059462,14.6423477],[121.0058894,14.6429622],[121.0058572,14.6434297],[121.0058429,14.6436881],[121.0059013,14.6442285],[121.0059231,14.6444931],[121.0059669,14.6446579],[121.0060299,14.6449011],[121.0061304,14.645191],[121.0070659,14.6453277],[121.0081601,14.6454922],[121.008404,14.6454715],[121.0084635,14.6455354],[121.0107207,14.6444747],[121.0104706,14.6444219],[121.0103117,14.6443341],[121.0101685,14.6442078],[121.0101309,14.6441356],[121.0101022,14.6440683],[121.0100979,14.6439675],[121.0101103,14.6438778],[121.0101262,14.6438077],[121.0101423,14.6437586],[121.0102107,14.643647],[121.0102737,14.6435738],[121.0104466,14.6434264],[121.010621,14.6432876],[121.0109096,14.6430052],[121.0109804,14.6429321],[121.0110367,14.6428659],[121.0110529,14.6427527],[121.0110556,14.6426207],[121.0110541,14.6425376],[121.0110502,14.6423157],[121.011121,14.6418039],[121.0111347,14.6416475],[121.0111843,14.6414723],[121.0112299,14.6413271],[121.0113158,14.6412255],[121.0119823,14.6406828],[121.0122518,14.6405057],[121.0124611,14.6403153],[121.0125187,14.6402137],[121.0125884,14.640058],[121.0126274,14.6398936],[121.0119947,14.639821]]]}},{"type":"Feature","properties":{"name":"Matandang Balara","osm_id":1553812},"geometry":{"type":"Polygon","coordinates":[[[121.0983993,14.6651508],[121.098272,14.6648377],[121.0980536,14.6642888],[121.0979135,14.6640424],[121.0977901,14.6637829],[121.0967374,14.6642299],[121.0966408,14.6645002],[121.0965238,14.6645363],[121.096494,14.6646002],[121.0964764,14.6648531],[121.0963356,14.664908],[121.0961861,14.6648805],[121.0956829,14.6652424],[121.0952371,14.6652695],[121.095218,14.6652617],[121.0951488,14.6652335],[121.0948585,14.6649347],[121.0941136,14.6646918],[121.0938826,14.6645004],[121.0936995,14.6643486],[121.0936321,14.6639892],[121.0935248,14.6634173],[121.0920319,14.6617729],[121.0914765,14.6609324],[121.0911456,14.6605249],[121.0912009,14.6596216],[121.0882081,14.6566672],[121.0874608,14.6573361],[121.0867891,14.6566853],[121.0865123,14.6557911],[121.0859908,14.6562612],[121.0857081,14.6554682],[121.0854564,14.6547612],[121.0861472,14.6545518],[121.0857806,14.6532691],[121.0857761,14.6529528],[121.0858927,14.6527812],[121.0866746,14.652202],[121.0874307,14.651506],[121.0874186,14.651271],[121.0867363,14.6514588],[121.0865934,14.6514982],[121.0868934,14.6493282],[121.0868205,14.6493446],[121.0866033,14.6494758],[121.0862909,14.6495759],[121.0863384,14.6496011],[121.0861902,14.6497619],[121.0862367,14.6497945],[121.0860407,14.6503673],[121.0860914,14.6503868],[121.0859989,14.6511147],[121.0858339,14.6512074],[121.0853774,14.6513492],[121.0851703,14.6513044],[121.0850584,14.6513277],[121.0849772,14.6513894],[121.0848741,14.6516211],[121.0848247,14.6517254],[121.0848016,14.6518383],[121.0847432,14.6519187],[121.0846682,14.6519727],[121.0845849,14.6520345],[121.0843863,14.6522762],[121.0841956,14.6524895],[121.0841618,14.6527426],[121.083936,14.653202],[121.0838498,14.6533455],[121.0837939,14.6534102],[121.0837231,14.6534563],[121.0836139,14.6535392],[121.0834884,14.6537227],[121.083327,14.653828],[121.083211,14.6539831],[121.0831622,14.6540657],[121.0831215,14.6541641],[121.0829751,14.6543292],[121.0827857,14.6544553],[121.0826605,14.6544663],[121.0825682,14.6545346],[121.0824463,14.6552348],[121.0821903,14.6555363],[121.0821338,14.6557326],[121.0821397,14.6560478],[121.0820148,14.6562678],[121.0819048,14.6563898],[121.081926,14.6567485],[121.0819582,14.6572623],[121.081599,14.6586604],[121.0812992,14.6611656],[121.0797752,14.6609355],[121.0786746,14.6607095],[121.0784452,14.660552],[121.078091,14.6603951],[121.0771951,14.6602563],[121.0769394,14.6601098],[121.0767613,14.6599176],[121.0763601,14.6597001],[121.0761934,14.6596882],[121.0760429,14.6600817],[121.075598,14.6610082],[121.075034,14.6621583],[121.0750115,14.6621992],[121.0749877,14.6622372],[121.0748854,14.6623895],[121.07481,14.6624906],[121.0747347,14.6625885],[121.07465,14.6626971],[121.0745669,14.6628034],[121.0744743,14.6629161],[121.0741769,14.6632747],[121.0741278,14.6633241],[121.0740553,14.6633979],[121.0738905,14.6633595],[121.0723078,14.6631414],[121.0691503,14.6627344],[121.0686233,14.6626511],[121.068278,14.6626195],[121.0677067,14.6625565],[121.0675204,14.6625333],[121.0668787,14.6624533],[121.0663191,14.6623241],[121.0657811,14.6622625],[121.0684286,14.6639821],[121.0704699,14.6653664],[121.0703046,14.6656849],[121.0693033,14.6676685],[121.068725,14.6689011],[121.0686331,14.6693804],[121.0685799,14.669946],[121.0685375,14.6718751],[121.0686341,14.6718752],[121.0690605,14.6735706],[121.0690732,14.6737187],[121.0691177,14.6742364],[121.0691892,14.6753048],[121.0691917,14.6754612],[121.069104,14.6770569],[121.0697361,14.6768647],[121.0737668,14.676866],[121.0756914,14.6770828],[121.0764478,14.6770967],[121.0767569,14.6770917],[121.077117,14.6770912],[121.0772267,14.6770922],[121.0772818,14.6770923],[121.0777574,14.6770899],[121.0782255,14.6770953],[121.0782268,14.6767983],[121.0782261,14.6764477],[121.0782311,14.6759741],[121.0782267,14.6757839],[121.0782276,14.6757453],[121.0782275,14.6755176],[121.0782275,14.6753431],[121.0782275,14.6752094],[121.0782275,14.6749415],[121.0782275,14.6748306],[121.0782275,14.6746955],[121.0782275,14.6745815],[121.0782275,14.6744151],[121.0782275,14.6741468],[121.0782268,14.6740891],[121.0782275,14.6739919],[121.0782275,14.6738718],[121.0782275,14.6737986],[121.0782274,14.6733399],[121.0782274,14.6732038],[121.0782274,14.6728814],[121.0782274,14.6727704],[121.0782274,14.6724143],[121.0782274,14.6718461],[121.0785627,14.6714782],[121.0792894,14.6722396],[121.0798372,14.6728962],[121.0815828,14.6752183],[121.0818235,14.6755709],[121.0826462,14.6770183],[121.0832382,14.6770204],[121.0845172,14.6769836],[121.0849257,14.6769853],[121.085907,14.6770124],[121.0864589,14.6770131],[121.0886673,14.6769804],[121.0886216,14.6757298],[121.0886625,14.674584],[121.0886771,14.674469],[121.0886935,14.6743338],[121.0889458,14.6743328],[121.0908153,14.6742679],[121.0917165,14.6741849],[121.0936048,14.6737697],[121.0945778,14.6735689],[121.0955746,14.6735198],[121.096207,14.6734708],[121.0960037,14.6727853],[121.0958273,14.6722472],[121.0962025,14.6720105],[121.0961681,14.6713712],[121.0966579,14.6705378],[121.0984255,14.6708564],[121.0985371,14.6690878],[121.0985886,14.6686975],[121.0987087,14.6683322],[121.0989231,14.66828],[121.0987592,14.6678005],[121.0986737,14.6673511],[121.0986873,14.6671562],[121.0988218,14.6670317],[121.0988701,14.6668294],[121.0988355,14.666584],[121.0987418,14.6661076],[121.0983993,14.6651508]]]}},{"type":"Feature","properties":{"name":"Milagrosa","osm_id":554741},"geometry":{"type":"Polygon","coordinates":[[[121.0651021,14.6219959],[121.0651058,14.6219863],[121.065174,14.6218274],[121.0653035,14.6215232],[121.0653525,14.6214578],[121.0654461,14.6214279],[121.0655884,14.6214199],[121.065717,14.6214617],[121.0657507,14.6214727],[121.0658017,14.6215006],[121.066181,14.6217077],[121.066229,14.6217042],[121.0663288,14.6216242],[121.0668067,14.621186],[121.0672514,14.6207783],[121.0680861,14.6200131],[121.0683466,14.6197864],[121.0684753,14.6195455],[121.0685612,14.6192632],[121.0686304,14.6189944],[121.0686207,14.6186638],[121.0686183,14.6185756],[121.0689425,14.6184338],[121.0694463,14.618214],[121.0699397,14.6180012],[121.070467,14.6177834],[121.0712481,14.6174343],[121.0713699,14.6173807],[121.0729973,14.620895],[121.0729341,14.6209217],[121.072057,14.6212776],[121.0719778,14.6215659],[121.0719422,14.6216954],[121.0717941,14.6223095],[121.0717291,14.6225654],[121.0716551,14.6228513],[121.0715678,14.6231823],[121.0709835,14.6230252],[121.0706185,14.6229353],[121.0705382,14.622915],[121.0704649,14.6228981],[121.0694075,14.6226358],[121.0693236,14.6226142],[121.0690316,14.6225441],[121.0688836,14.6225275],[121.0680412,14.6225415],[121.0679371,14.6225435],[121.0674545,14.6225549],[121.0673389,14.6225535],[121.0672622,14.6225578],[121.0665542,14.6225718],[121.0664329,14.6225659],[121.0663033,14.6225321],[121.0661787,14.6224956],[121.0653777,14.622166],[121.0651289,14.6220591],[121.0650645,14.622032],[121.0650054,14.6221198],[121.0651021,14.6219959]]]}},{"type":"Feature","properties":{"name":"N.S. Amoranto","osm_id":1588392},"geometry":{"type":"Polygon","coordinates":[[[120.9921888,14.6362678],[120.9925993,14.6374219],[120.9923657,14.6379133],[120.9932504,14.6376435],[120.9933392,14.6375973],[120.9935224,14.6372283],[120.9935905,14.637058],[120.9936813,14.636779],[120.9937727,14.6365085],[120.9938725,14.6362186],[120.9942244,14.6350964],[120.9947599,14.6334132],[120.994861,14.6330852],[120.995008,14.6326136],[120.995022,14.6325695],[120.9951425,14.6321748],[120.9952704,14.631746],[120.9953678,14.6314392],[120.9953984,14.631345],[120.9954612,14.6311516],[120.9956207,14.6306567],[120.9956592,14.630536],[120.9957572,14.6302061],[120.9957897,14.6301229],[120.995828,14.6300384],[120.9957071,14.6299212],[120.9954628,14.6296972],[120.9953269,14.6295769],[120.9952877,14.6295389],[120.9949528,14.629238],[120.9946949,14.6294473],[120.9945851,14.629347],[120.9943391,14.6295903],[120.9932947,14.6299152],[120.9912999,14.6305099],[120.9912483,14.6305274],[120.9926061,14.6346564],[120.9927465,14.6350704],[120.9930436,14.6359804],[120.9921888,14.6362678]]]}},{"type":"Feature","properties":{"name":"Nagkaisang Nayon","osm_id":1642934},"geometry":{"type":"Polygon","coordinates":[[[121.0339548,14.7238923],[121.0338714,14.7236791],[121.0337725,14.7235727],[121.0337089,14.7234956],[121.0337558,14.7234488],[121.0337944,14.7234008],[121.0340149,14.7232191],[121.0341645,14.7229002],[121.0342726,14.7227024],[121.0343365,14.7225441],[121.0342898,14.72231],[121.0341764,14.7219028],[121.0342835,14.7217555],[121.0343395,14.7215945],[121.0344,14.7214571],[121.0343385,14.7213045],[121.0343027,14.7212156],[121.0342915,14.7211095],[121.0343072,14.7210722],[121.0346687,14.720917],[121.0347209,14.7207417],[121.034778,14.7206709],[121.0348388,14.7204624],[121.0349027,14.7202553],[121.0349174,14.7202465],[121.0349483,14.7201279],[121.0350011,14.7200488],[121.0350439,14.720011],[121.0351547,14.7198303],[121.0352501,14.7197383],[121.0353001,14.7196901],[121.0353085,14.7194946],[121.0352901,14.7194016],[121.0351515,14.7193306],[121.0350636,14.7193779],[121.0349193,14.7192076],[121.0348807,14.7191105],[121.0347562,14.7189673],[121.0346856,14.7189229],[121.0346178,14.7188803],[121.0345248,14.7188133],[121.034472,14.7187884],[121.034415,14.7187691],[121.0343339,14.7187247],[121.0343247,14.7186668],[121.0343534,14.7186132],[121.0343098,14.7185434],[121.0342838,14.7184828],[121.0342722,14.7184527],[121.0342748,14.7184457],[121.0343124,14.7183854],[121.0343414,14.7183367],[121.0343866,14.7182574],[121.0344001,14.71822],[121.0344028,14.7181587],[121.0344121,14.7181022],[121.0344625,14.7178169],[121.0344533,14.7177141],[121.0344327,14.7176112],[121.0344387,14.7174045],[121.0344315,14.7172683],[121.0344108,14.7171911],[121.034374,14.717047],[121.0344227,14.71694],[121.0343963,14.7167962],[121.0344166,14.716728],[121.0344652,14.7166749],[121.0345238,14.7166238],[121.0345557,14.7165898],[121.0345979,14.7165266],[121.0345891,14.7164116],[121.0345932,14.7163663],[121.034628,14.7163339],[121.0346708,14.716334],[121.0346996,14.7163032],[121.0347572,14.7162529],[121.0347885,14.7162257],[121.0348139,14.7161907],[121.0348377,14.7160991],[121.0348514,14.716034],[121.034895,14.7159335],[121.0348876,14.715914],[121.0348762,14.7158585],[121.0350286,14.7157411],[121.0350769,14.7156321],[121.0350626,14.715544],[121.0349975,14.7154433],[121.035,14.7152856],[121.0350002,14.7152746],[121.0350012,14.7152259],[121.0351376,14.7151222],[121.0352467,14.7149863],[121.0353048,14.714857],[121.0353147,14.714787],[121.0351244,14.7147602],[121.0350697,14.7147391],[121.0349662,14.7146978],[121.0348455,14.7145692],[121.0344099,14.7140667],[121.0342536,14.7138862],[121.0341839,14.7136913],[121.0341969,14.7135132],[121.0342312,14.7133827],[121.0342965,14.7132461],[121.0344816,14.7130565],[121.0345607,14.7129008],[121.0345812,14.7127621],[121.0345279,14.712633],[121.0341479,14.7122626],[121.0339345,14.712102],[121.0335527,14.7118143],[121.0334848,14.711682],[121.0334957,14.7115454],[121.0335308,14.7114846],[121.0335862,14.7114333],[121.0337882,14.7112641],[121.0339523,14.7111092],[121.0340751,14.7109148],[121.0341028,14.7108099],[121.0340604,14.7106753],[121.0339774,14.7105621],[121.0338543,14.7105114],[121.0336751,14.7104859],[121.0335323,14.710492],[121.0331848,14.7105806],[121.0328912,14.7106831],[121.0325778,14.7107582],[121.0323155,14.710777],[121.032077,14.7107634],[121.0316378,14.7106994],[121.0312412,14.7104529],[121.0311279,14.7104447],[121.030941,14.710524],[121.0309143,14.7105568],[121.0308952,14.7106455],[121.0308448,14.7108677],[121.03083,14.71103],[121.0308498,14.7113243],[121.0308177,14.7115253],[121.0304332,14.7119779],[121.0302602,14.7121841],[121.0302126,14.7123197],[121.0301489,14.7125032],[121.0301301,14.7127069],[121.0301154,14.7128937],[121.0300577,14.7130836],[121.0298619,14.7134619],[121.0294864,14.7141586],[121.0293449,14.7144433],[121.0293087,14.7147728],[121.0294548,14.7149835],[121.02953,14.7151169],[121.0296347,14.7153637],[121.0296573,14.7154233],[121.0299112,14.7158015],[121.0300151,14.7159167],[121.0300796,14.7159522],[121.0301779,14.7161044],[121.0303341,14.7163781],[121.0302956,14.7164841],[121.0302534,14.7168393],[121.0302129,14.716972],[121.0301302,14.7171201],[121.0296751,14.7174014],[121.0295253,14.7174881],[121.0294287,14.7176684],[121.0292492,14.7179835],[121.0290244,14.7181807],[121.0288427,14.7182837],[121.0286957,14.7182152],[121.0284984,14.7182305],[121.0284906,14.718125],[121.0283538,14.7181334],[121.0281921,14.7182099],[121.0280635,14.7182715],[121.0279303,14.7182935],[121.0277302,14.7182557],[121.0274814,14.7182027],[121.0274681,14.7182784],[121.0272651,14.7182878],[121.0268137,14.7176284],[121.0267818,14.7176099],[121.026848,14.7170654],[121.0264495,14.7169023],[121.0263334,14.7166825],[121.0262578,14.7165558],[121.0262522,14.7165584],[121.0258231,14.7167559],[121.0253098,14.7168501],[121.0251415,14.7168735],[121.0250607,14.7168291],[121.0249346,14.716728],[121.0246889,14.7164617],[121.0245484,14.7163751],[121.0244626,14.7163544],[121.0243501,14.7163864],[121.0240012,14.7165438],[121.0238292,14.7165845],[121.0235981,14.7166319],[121.0234165,14.7165983],[121.0233199,14.7164524],[121.0232288,14.7163362],[121.0231121,14.7162296],[121.0226633,14.7159795],[121.0222306,14.7157714],[121.0221755,14.7157449],[121.0220137,14.7156073],[121.0219202,14.7154007],[121.0218662,14.7151714],[121.0217992,14.7147901],[121.0217817,14.7144236],[121.0217616,14.7140793],[121.0217375,14.7138769],[121.0216409,14.7134592],[121.0214748,14.7129387],[121.0213943,14.7127752],[121.0212844,14.7126611],[121.0210365,14.7125168],[121.0207591,14.7123378],[121.0203095,14.7120758],[121.0200982,14.7120057],[121.019994,14.712009],[121.0198659,14.7120799],[121.0197519,14.7121595],[121.0196051,14.7122711],[121.0193949,14.7123653],[121.0191632,14.7123912],[121.0189148,14.7123876],[121.0187083,14.7123581],[121.0186492,14.7123497],[121.0185027,14.7122529],[121.0182083,14.7120395],[121.0180436,14.7118786],[121.0178509,14.7115213],[121.0176605,14.7111685],[121.0175941,14.7108606],[121.0175281,14.7105281],[121.0175394,14.710322],[121.0176712,14.7096067],[121.017741,14.709215],[121.0178876,14.7089756],[121.0182097,14.7085714],[121.0185473,14.7082091],[121.0186826,14.7078134],[121.0188085,14.7076136],[121.0188749,14.7073264],[121.0188682,14.7071598],[121.0189258,14.7069833],[121.0188939,14.7068484],[121.0188954,14.7067631],[121.0188513,14.7066736],[121.0188381,14.7064636],[121.018795,14.7063539],[121.0186705,14.7061385],[121.0185632,14.7059991],[121.0184054,14.7057403],[121.0180179,14.7053009],[121.0177571,14.705007],[121.0176421,14.7046522],[121.0176811,14.7044495],[121.0177136,14.7043496],[121.0177575,14.7042541],[121.017801,14.704162],[121.0178362,14.7040907],[121.0178736,14.7039819],[121.0179092,14.7038465],[121.0179495,14.7037269],[121.0179703,14.703623],[121.017979,14.703501],[121.0179631,14.7033858],[121.0161294,14.708755],[121.0136441,14.7159085],[121.0183546,14.7204897],[121.0205352,14.7225911],[121.0224236,14.7243718],[121.0257601,14.7275181],[121.0273872,14.7292097],[121.0280557,14.7298826],[121.0308457,14.732682],[121.0309747,14.7323659],[121.0307054,14.7318569],[121.0305727,14.731678],[121.0315264,14.731661],[121.0321517,14.7314315],[121.0320408,14.731012],[121.0314789,14.7307667],[121.0316926,14.7306084],[121.0320171,14.7303947],[121.0321358,14.7301731],[121.0319854,14.7298011],[121.0319221,14.7294766],[121.031843,14.7287485],[121.0315027,14.7284002],[121.0307429,14.7275929],[121.0308932,14.7273476],[121.030917,14.726564],[121.0305371,14.7259071],[121.0305529,14.7257488],[121.0311666,14.7257024],[121.0313704,14.7260136],[121.03278,14.7251615],[121.0328827,14.7251584],[121.0334697,14.7251677],[121.0335915,14.7251149],[121.0336986,14.7250318],[121.0337791,14.7247737],[121.0337986,14.7242198],[121.0337475,14.7240648],[121.0337262,14.7238841],[121.0337991,14.7237829],[121.0339548,14.7238923]]]}},{"type":"Feature","properties":{"name":"Nayong Kanluran","osm_id":1552369},"geometry":{"type":"Polygon","coordinates":[[[121.0270646,14.6426304],[121.0270556,14.6425943],[121.0270282,14.6424763],[121.0269954,14.6423282],[121.0269812,14.6422705],[121.0269509,14.6421217],[121.0269113,14.6419592],[121.0266576,14.6408629],[121.0265986,14.6405948],[121.0265446,14.6403635],[121.0265045,14.6401865],[121.0264449,14.6399223],[121.0264225,14.6398249],[121.0262911,14.639262],[121.0262319,14.6389859],[121.0262022,14.6388479],[121.02617,14.6387121],[121.0261115,14.638456],[121.0260082,14.6380164],[121.0259525,14.6378746],[121.0259381,14.637798],[121.0258609,14.6378386],[121.0255211,14.6379088],[121.0253936,14.6379431],[121.0252816,14.6379697],[121.0252083,14.6379923],[121.025155,14.6380117],[121.0250087,14.6380492],[121.0249005,14.638079],[121.0246691,14.6381377],[121.0245286,14.6381673],[121.024429,14.6381752],[121.0243941,14.6382388],[121.0243674,14.6383197],[121.0243673,14.6383997],[121.024398,14.6384588],[121.0244384,14.6385282],[121.0244911,14.6386028],[121.0245162,14.6386644],[121.0245148,14.6387059],[121.0243901,14.6390414],[121.0241611,14.6392312],[121.0239041,14.639296],[121.0236431,14.6392808],[121.0233001,14.6391724],[121.0228828,14.6392545],[121.022659,14.6392882],[121.022432,14.6392841],[121.0222398,14.6392763],[121.0220915,14.6392604],[121.0220235,14.639265],[121.0219408,14.6392617],[121.0218537,14.639211],[121.0217526,14.6392065],[121.0216371,14.6392306],[121.0215379,14.6392862],[121.0213737,14.6394111],[121.0215476,14.6396012],[121.0217054,14.6397394],[121.0222102,14.6400231],[121.0224069,14.6401087],[121.0225207,14.6401422],[121.0226488,14.6402262],[121.0227365,14.6403629],[121.0229416,14.6405297],[121.0229514,14.640741],[121.0231574,14.640907],[121.0233353,14.6410325],[121.0238205,14.6411325],[121.0241588,14.6412732],[121.024505,14.6413472],[121.0248041,14.6413782],[121.0251401,14.6414333],[121.0254118,14.6416147],[121.0257246,14.6419142],[121.0258251,14.6420433],[121.025876,14.6422908],[121.0258843,14.6423971],[121.0258741,14.6424955],[121.0259598,14.6425492],[121.0260309,14.6425604],[121.0264158,14.6426361],[121.0264839,14.6426529],[121.0265234,14.6426627],[121.0266326,14.642693],[121.0266827,14.6427141],[121.0267518,14.642729],[121.0267914,14.6427284],[121.0268162,14.6427283],[121.0269498,14.6426965],[121.026972,14.6426912],[121.0270752,14.6426689],[121.0270646,14.6426304]]]}},{"type":"Feature","properties":{"name":"New Era","osm_id":399350},"geometry":{"type":"Polygon","coordinates":[[[121.0533928,14.6620747],[121.0533948,14.662118],[121.0533959,14.6621405],[121.0534023,14.662336],[121.0534061,14.6624407],[121.0537356,14.6626763],[121.0540275,14.6629695],[121.0544401,14.6634201],[121.054738,14.6641719],[121.0547132,14.6641862],[121.0545478,14.6642215],[121.0543058,14.6642416],[121.0537962,14.6643584],[121.0540609,14.6651918],[121.0540896,14.6652877],[121.0542077,14.6656642],[121.0543384,14.665843],[121.0544674,14.666017],[121.0547313,14.6663268],[121.0548383,14.6665032],[121.0548551,14.6665291],[121.0550297,14.6664422],[121.0552317,14.6663309],[121.0554544,14.6662092],[121.0555753,14.6661581],[121.055615,14.6661661],[121.0556918,14.6664809],[121.0558743,14.6665933],[121.0559775,14.6664167],[121.0561191,14.6662581],[121.056262,14.6660771],[121.0564727,14.6658276],[121.0566363,14.6656242],[121.0568818,14.6658417],[121.0571087,14.6660746],[121.0573607,14.6663457],[121.0575695,14.6665684],[121.0575319,14.6669177],[121.0574915,14.6670286],[121.057471,14.6674451],[121.0575231,14.6676232],[121.0575389,14.6676764],[121.0576936,14.6676363],[121.0579063,14.6675848],[121.0580121,14.6675621],[121.0581014,14.6675456],[121.0581897,14.6675272],[121.0583594,14.667501],[121.0584673,14.6674816],[121.0585224,14.6674712],[121.0586068,14.6674548],[121.0587447,14.667434],[121.0588225,14.6674209],[121.0588839,14.6674099],[121.0590925,14.6673676],[121.0590828,14.6673101],[121.0590349,14.6670003],[121.0589649,14.6666828],[121.058794,14.6667096],[121.0587699,14.6665726],[121.0587026,14.6661846],[121.0599556,14.6657268],[121.0596718,14.6653253],[121.0609725,14.6653767],[121.0609619,14.6658236],[121.0616352,14.6658675],[121.0616524,14.6665377],[121.0616705,14.666613],[121.0617693,14.6665817],[121.0620026,14.6665159],[121.0621653,14.6664698],[121.0622416,14.6664514],[121.0623143,14.6664319],[121.0625466,14.6663505],[121.0626574,14.6663028],[121.0628011,14.6662058],[121.0631413,14.6659804],[121.0633648,14.6658179],[121.063449,14.6657576],[121.0635017,14.6657214],[121.0635368,14.6656971],[121.0636483,14.6656151],[121.063748,14.6655802],[121.0638876,14.6655537],[121.0639654,14.6655515],[121.0641275,14.6655803],[121.0644127,14.665651],[121.0644771,14.6656589],[121.0645601,14.6656684],[121.0646504,14.6656731],[121.0646867,14.6656702],[121.0647722,14.665664],[121.0648522,14.6656562],[121.0649589,14.6656383],[121.0650285,14.6656222],[121.0651818,14.6655844],[121.0652636,14.6655602],[121.065353,14.6655354],[121.0654018,14.6655206],[121.0655231,14.665477],[121.0657885,14.6653752],[121.0660126,14.6652876],[121.0660795,14.6652639],[121.0661763,14.6652251],[121.0662145,14.6652082],[121.0663465,14.6651494],[121.0664314,14.6651101],[121.0666778,14.6649794],[121.0667423,14.6649445],[121.0672263,14.6646856],[121.0673329,14.6646318],[121.0674171,14.6645849],[121.0674631,14.6645529],[121.0675432,14.6644879],[121.0676246,14.6644182],[121.0677428,14.6643028],[121.0677923,14.6642563],[121.0678698,14.664177],[121.0679398,14.6641101],[121.0679632,14.6640838],[121.0679914,14.6640496],[121.0681358,14.6640142],[121.0684286,14.6639821],[121.0657811,14.6622625],[121.0650543,14.6617676],[121.0649955,14.6618283],[121.0648865,14.6618944],[121.0647923,14.6619078],[121.0647103,14.6619029],[121.064337,14.6618806],[121.0642766,14.6618747],[121.0641996,14.6618366],[121.064091,14.6618312],[121.064055,14.66183],[121.0636045,14.661821],[121.0635463,14.6618195],[121.0634158,14.6618195],[121.0629867,14.6618055],[121.0625591,14.6618056],[121.0624738,14.6618081],[121.0620683,14.6618154],[121.0616932,14.6618318],[121.061329,14.6618587],[121.0612285,14.6618645],[121.0605796,14.6619073],[121.0602521,14.6619174],[121.0598543,14.6619229],[121.059749,14.6619242],[121.0594541,14.66193],[121.0594022,14.6619304],[121.0593762,14.6619306],[121.0591098,14.6619372],[121.0589698,14.66198],[121.0583477,14.6619979],[121.0580746,14.6620057],[121.0579911,14.6620087],[121.0576025,14.6620109],[121.05723,14.6620212],[121.0571647,14.6619929],[121.0568617,14.6619995],[121.0565459,14.6620063],[121.0560282,14.6620175],[121.0557197,14.6620242],[121.0556492,14.6620257],[121.0556101,14.6620266],[121.0550822,14.6620381],[121.0548798,14.6620425],[121.0548018,14.662045],[121.0547876,14.6620453],[121.0547002,14.6620473],[121.0541781,14.6620577],[121.0533928,14.6620747]]]}},{"type":"Feature","properties":{"name":"North Fairview","osm_id":1783170},"geometry":{"type":"Polygon","coordinates":[[[121.0635085,14.7239733],[121.0635252,14.7237246],[121.0635142,14.7236622],[121.0634834,14.7236272],[121.0634042,14.7235908],[121.0632544,14.7235236],[121.0629487,14.7231837],[121.0626611,14.7227776],[121.0619661,14.7227633],[121.0612796,14.7227723],[121.0611161,14.7227735],[121.0610782,14.7227818],[121.0610073,14.7227134],[121.0608879,14.7225159],[121.0608836,14.722067],[121.0608613,14.721955],[121.0608655,14.7218528],[121.060851,14.721531],[121.0608629,14.7211581],[121.0607641,14.7209281],[121.0606467,14.7207613],[121.0606215,14.720739],[121.0598744,14.7200529],[121.0593486,14.71957],[121.0580529,14.7183801],[121.057801,14.7181488],[121.0577575,14.7181088],[121.0571475,14.7175486],[121.0571413,14.7175421],[121.0570603,14.7174573],[121.0570359,14.7172912],[121.0570415,14.717162],[121.0570461,14.7170574],[121.057096,14.7169924],[121.0578118,14.7160989],[121.0578703,14.715965],[121.0578685,14.7157471],[121.0572055,14.7151887],[121.0560148,14.7142577],[121.0554973,14.7138531],[121.054851,14.7133478],[121.0542975,14.712915],[121.0536729,14.7124266],[121.0533787,14.7121965],[121.0533801,14.7116309],[121.0533582,14.7114735],[121.0534046,14.7113203],[121.0533891,14.7110888],[121.0535266,14.7108964],[121.0533908,14.7107325],[121.0533687,14.709918],[121.0533575,14.709866],[121.0533537,14.7097724],[121.0533523,14.7095],[121.0533434,14.7094989],[121.0533405,14.7093735],[121.0533278,14.7087807],[121.0532718,14.7087518],[121.0533839,14.7086937],[121.0534605,14.7086639],[121.0536182,14.7086144],[121.0537644,14.7086014],[121.054073,14.7085961],[121.0542782,14.708616],[121.0545786,14.7086114],[121.0547105,14.7086],[121.0547948,14.7085687],[121.0549039,14.7084905],[121.0549757,14.7084292],[121.0551175,14.7082791],[121.0551989,14.7081649],[121.055261,14.70808],[121.0553388,14.707984],[121.0554126,14.7078776],[121.0554575,14.7077537],[121.0554233,14.7075871],[121.0554247,14.7074988],[121.055469,14.7073983],[121.0555469,14.7072759],[121.0556805,14.7071274],[121.0557445,14.7070507],[121.0558208,14.7069037],[121.0559899,14.7066667],[121.0560971,14.7065236],[121.0563795,14.7061468],[121.0566337,14.7058723],[121.0571029,14.7054296],[121.0573628,14.7053254],[121.0576783,14.7053311],[121.0578517,14.705382],[121.0581402,14.7057333],[121.0582272,14.7058352],[121.0583351,14.7058902],[121.0585033,14.7058744],[121.0587356,14.7057516],[121.0590624,14.7054828],[121.0595459,14.7052236],[121.0599745,14.7050373],[121.0603974,14.7048694],[121.0607352,14.7047138],[121.0609487,14.7045351],[121.0611005,14.7044771],[121.061436,14.7044048],[121.0616029,14.7044048],[121.0619825,14.7043094],[121.0622727,14.704265],[121.0624411,14.7043468],[121.062518,14.7044301],[121.0626221,14.7045737],[121.0628457,14.7047829],[121.0630158,14.7049045],[121.0632237,14.7050597],[121.0634806,14.7053127],[121.0637235,14.705495],[121.0642816,14.7056465],[121.0644809,14.7056478],[121.0646521,14.705605],[121.0648194,14.7054903],[121.0648967,14.7053723],[121.0649526,14.7053228],[121.0650272,14.7053164],[121.0651111,14.7053093],[121.0657363,14.7056076],[121.0660478,14.705681],[121.0665027,14.7059655],[121.0666175,14.7060544],[121.0667389,14.7062776],[121.066617,14.7067505],[121.0665827,14.7070078],[121.0665574,14.7072704],[121.0665489,14.7074613],[121.0664354,14.7081586],[121.0664787,14.7088377],[121.0664861,14.7091677],[121.0665033,14.7095403],[121.0667096,14.7097969],[121.0669041,14.7099017],[121.0671073,14.7099782],[121.0672146,14.7099832],[121.0670919,14.7102711],[121.0670991,14.7141537],[121.0660553,14.7141368],[121.0660549,14.7142061],[121.0660413,14.7166307],[121.0650606,14.7166355],[121.0650591,14.7218272],[121.0627582,14.7218491],[121.0627565,14.722478],[121.0628195,14.7225662],[121.0629568,14.7227578],[121.0633157,14.7228243],[121.063419,14.7229747],[121.0636445,14.7231542],[121.0638377,14.7231574],[121.0639493,14.7235254],[121.0640809,14.7237442],[121.0643732,14.7238496],[121.0642344,14.724073],[121.0636229,14.7239876],[121.0635085,14.7239733]]]}},{"type":"Feature","properties":{"name":"Obrero","osm_id":105079},"geometry":{"type":"Polygon","coordinates":[[[121.0333512,14.6261117],[121.0331387,14.6260747],[121.0328986,14.6260364],[121.0325319,14.6259313],[121.0323956,14.6259399],[121.0323017,14.6259857],[121.0321424,14.6261339],[121.0319973,14.6263669],[121.0319094,14.6264901],[121.0317604,14.6265386],[121.0313206,14.626447],[121.030734,14.6265327],[121.0300573,14.6266729],[121.0296902,14.6267211],[121.0295815,14.6267354],[121.0295107,14.6267438],[121.0294521,14.6267457],[121.0294393,14.6267469],[121.0294033,14.626751],[121.0295212,14.6274437],[121.0292689,14.6275667],[121.0292114,14.6275762],[121.0281663,14.6278013],[121.0271865,14.6280104],[121.026449,14.6281625],[121.0250824,14.6284631],[121.0251771,14.6289181],[121.0251796,14.6289302],[121.0251952,14.629005],[121.0252113,14.6290796],[121.0252349,14.6291886],[121.0253643,14.6297881],[121.0254278,14.6300821],[121.0255143,14.6304825],[121.0255267,14.6305313],[121.0298216,14.6295781],[121.0339464,14.6286928],[121.0337966,14.6280823],[121.0336771,14.6276066],[121.0336403,14.627439],[121.0335786,14.6271578],[121.0335208,14.6268941],[121.0334182,14.6263895],[121.0333914,14.6262627],[121.0333861,14.6262395],[121.0333512,14.6261117]]]}},{"type":"Feature","properties":{"name":"Old Capitol Site","osm_id":1717232},"geometry":{"type":"Polygon","coordinates":[[[121.0526798,14.647406],[121.0527955,14.6474968],[121.0528325,14.6475309],[121.0533004,14.6480295],[121.0534737,14.6482662],[121.0536461,14.6485228],[121.0538418,14.6488994],[121.0539051,14.6490469],[121.0540053,14.6493108],[121.0541278,14.6497423],[121.0541479,14.6498317],[121.05416,14.649897],[121.054171,14.6499798],[121.0541778,14.6500212],[121.0541846,14.6500627],[121.0541063,14.6500745],[121.0538062,14.6501196],[121.0535739,14.6501545],[121.0535752,14.6501709],[121.0535841,14.6502867],[121.0535867,14.6503271],[121.0535966,14.6505519],[121.0535988,14.6507768],[121.0535953,14.6509216],[121.0535935,14.6509962],[121.0535863,14.6511218],[121.0535847,14.6511499],[121.0535809,14.6512154],[121.053561,14.651434],[121.0535338,14.6516519],[121.0536162,14.6516526],[121.0538567,14.6516819],[121.0541768,14.6517125],[121.0544006,14.6517121],[121.0544674,14.6517102],[121.0550011,14.6516839],[121.0550599,14.6516781],[121.0554731,14.6516278],[121.0554917,14.6519648],[121.0553819,14.6524374],[121.0553049,14.6525619],[121.0549996,14.652558],[121.0548479,14.6524781],[121.0546606,14.6523442],[121.0545515,14.6523826],[121.0542953,14.6524751],[121.0540807,14.652444],[121.0539599,14.6522392],[121.0538387,14.6521443],[121.0536515,14.6522468],[121.0535764,14.6525685],[121.0534799,14.6528384],[121.0534378,14.6529197],[121.0534155,14.6530149],[121.0532331,14.653129],[121.0530219,14.6532426],[121.0528791,14.6534093],[121.0527342,14.6536001],[121.052096,14.6531863],[121.0515737,14.6528648],[121.0514497,14.6527913],[121.0515438,14.6526443],[121.0516283,14.6524919],[121.0517036,14.6523351],[121.0517694,14.6521744],[121.0517959,14.6521063],[121.0518875,14.651858],[121.0519329,14.6516956],[121.05197,14.6515312],[121.051999,14.6513653],[121.0520025,14.6513373],[121.0520184,14.6512086],[121.052032,14.6510304],[121.0520359,14.6508622],[121.0520315,14.650694],[121.0520235,14.6505772],[121.0520114,14.6504608],[121.0519954,14.6503448],[121.0519904,14.6503159],[121.0519753,14.6502294],[121.0519472,14.6501156],[121.0519105,14.6499765],[121.0518349,14.6497874],[121.0518167,14.6497441],[121.0517598,14.6496403],[121.0516822,14.6495271],[121.0516015,14.6494163],[121.0515148,14.6493097],[121.0514225,14.6492077],[121.0513248,14.6491105],[121.0512721,14.6490625],[121.0512327,14.6490279],[121.051118,14.6489296],[121.0509751,14.6488333],[121.0510722,14.6486933],[121.0511087,14.6486428],[121.0511258,14.6486217],[121.051162,14.6485643],[121.051672,14.6477699],[121.0519777,14.6473026],[121.0521672,14.6470271],[121.0522155,14.6470574],[121.0523245,14.647135],[121.0525359,14.6472844],[121.0526798,14.647406]]]}},{"type":"Feature","properties":{"name":"Paang Bundok","osm_id":1588391},"geometry":{"type":"Polygon","coordinates":[[[120.9949528,14.629238],[120.9946949,14.6294473],[120.9945851,14.629347],[120.9943391,14.6295903],[120.9932947,14.6299152],[120.9912999,14.6305099],[120.9912483,14.6305274],[120.9898422,14.6262956],[120.9897923,14.6261965],[120.9897283,14.6260506],[120.9897057,14.6259918],[120.989696,14.6259392],[120.9897009,14.6258964],[120.989728,14.6258347],[120.9897748,14.6257718],[120.9898485,14.6256993],[120.9900091,14.6255676],[120.9903794,14.6252891],[120.9904808,14.6252066],[120.9905163,14.6252448],[120.9905558,14.6252874],[120.9907594,14.6254774],[120.9910423,14.6257384],[120.9912387,14.6259081],[120.9913692,14.6260217],[120.9917441,14.6263432],[120.991782,14.6263758],[120.9922627,14.6267866],[120.992335,14.6268526],[120.9925953,14.6270907],[120.992933,14.6273968],[120.993265,14.6277052],[120.9936126,14.6280134],[120.9939518,14.6283252],[120.9942916,14.6286311],[120.9946321,14.6289398],[120.9949528,14.629238]]]}},{"type":"Feature","properties":{"name":"Pag-ibig sa Nayon","osm_id":1693444},"geometry":{"type":"Polygon","coordinates":[[[121.0006283,14.6494419],[121.000596,14.6495168],[121.0005976,14.6497953],[121.000128,14.649822],[120.9997667,14.6498328],[120.999605,14.6498439],[120.9994533,14.6498472],[120.9990609,14.6498394],[120.9989318,14.6498391],[120.9986521,14.6498437],[120.9985775,14.6498583],[120.9976921,14.6501228],[120.9971832,14.6502748],[120.9966344,14.6504424],[120.9965201,14.6504725],[120.9955689,14.6507248],[120.9951615,14.6497136],[120.9945753,14.6480502],[120.9943354,14.6474992],[120.994172,14.6471239],[120.9941546,14.647084],[120.9940588,14.6468884],[120.9934932,14.645824],[120.9933546,14.6455495],[120.9931041,14.6450106],[120.9928718,14.644469],[120.9928787,14.6442386],[120.9928964,14.6438027],[120.9937301,14.6438309],[120.9950128,14.6438902],[120.9949613,14.6443137],[120.9950967,14.6443249],[120.9954636,14.6443552],[120.9973913,14.6445143],[121.0005231,14.6447372],[121.0003944,14.6453849],[120.9978795,14.6450361],[120.9978671,14.6460656],[120.9977302,14.6463839],[120.9979125,14.6465116],[120.9988335,14.6471967],[120.9990556,14.6471516],[120.9991948,14.647044],[120.9992858,14.6468555],[120.999536,14.6469959],[120.9997077,14.6474527],[120.9997982,14.6476783],[120.9998034,14.6477077],[120.9997302,14.6479167],[120.9996566,14.6484464],[120.9993043,14.6488228],[120.9999566,14.6491301],[121.0005402,14.6488399],[121.0006356,14.6489207],[121.0006283,14.6494419]]]}},{"type":"Feature","properties":{"name":"Paligsahan","osm_id":105076},"geometry":{"type":"Polygon","coordinates":[[[121.0270601,14.6366694],[121.0271944,14.636643],[121.0272402,14.6366341],[121.0272671,14.6366288],[121.027598,14.6365639],[121.0276901,14.6365459],[121.02801,14.6364832],[121.0287758,14.636323],[121.0290175,14.6362698],[121.0291279,14.6362428],[121.029028,14.6361769],[121.0288704,14.6360728],[121.0287231,14.6359828],[121.0280739,14.635586],[121.0272333,14.6350708],[121.0271579,14.6350245],[121.0265041,14.6346227],[121.0264594,14.6345953],[121.026427,14.6345736],[121.0264189,14.6345283],[121.0263838,14.6343128],[121.0263403,14.6340847],[121.0262164,14.6335417],[121.026096,14.6330195],[121.0259839,14.6325044],[121.0258511,14.6319664],[121.0257387,14.6314953],[121.0256338,14.6310341],[121.0256243,14.6309925],[121.0256179,14.6309607],[121.0255462,14.630618],[121.0255343,14.6305635],[121.0255267,14.6305313],[121.0255143,14.6304825],[121.0254278,14.6300821],[121.0253643,14.6297881],[121.0252349,14.6291886],[121.0252113,14.6290796],[121.0251952,14.629005],[121.0251796,14.6289302],[121.0251771,14.6289181],[121.0250824,14.6284631],[121.0239942,14.6287004],[121.0234547,14.628818],[121.0234434,14.6288205],[121.0224038,14.6290472],[121.0217646,14.6291865],[121.0213873,14.6292688],[121.0213128,14.629285],[121.0208408,14.629388],[121.0198284,14.6296087],[121.0188127,14.6298302],[121.0187507,14.6298442],[121.0172392,14.6301845],[121.0170348,14.6302306],[121.016391,14.6303756],[121.0159733,14.6304696],[121.0158131,14.6305057],[121.0156952,14.6305278],[121.016234,14.630954],[121.0170097,14.6315147],[121.0172318,14.6316579],[121.0185684,14.6325308],[121.0188431,14.6326978],[121.0191773,14.6329011],[121.0199666,14.6333811],[121.021139,14.6341135],[121.0216384,14.6344255],[121.0217941,14.6345218],[121.0248578,14.6364162],[121.025958,14.6370718],[121.0260926,14.6371518],[121.026153,14.6370695],[121.0262804,14.6369328],[121.0263551,14.6368684],[121.0264364,14.6368191],[121.0265418,14.6367729],[121.0266501,14.6367408],[121.0267566,14.6367159],[121.0270601,14.6366694]]]}},{"type":"Feature","properties":{"name":"Paltok","osm_id":1552371},"geometry":{"type":"Polygon","coordinates":[[[121.0277996,14.6458797],[121.0279074,14.6463466],[121.0282706,14.6479192],[121.0282363,14.6479281],[121.0281746,14.6479439],[121.0280883,14.6479652],[121.027913,14.6480095],[121.0279009,14.6480124],[121.0277843,14.6480417],[121.0276644,14.6480686],[121.0275294,14.6480877],[121.0274299,14.6480899],[121.0273261,14.6480878],[121.0272031,14.6480666],[121.0270697,14.6480318],[121.0268734,14.6479787],[121.0253954,14.6475481],[121.0248826,14.6473928],[121.0233234,14.6469237],[121.0232272,14.6468947],[121.0229741,14.6468207],[121.0229061,14.6468037],[121.0228362,14.6467848],[121.0224998,14.6466798],[121.0219913,14.6465274],[121.0215034,14.6463814],[121.0208882,14.646188],[121.020587,14.6460966],[121.0199659,14.6459117],[121.0198409,14.6455459],[121.0195477,14.644688],[121.0191337,14.6434564],[121.01866,14.642088],[121.0185745,14.6418104],[121.0183766,14.6412157],[121.0182356,14.640772],[121.018203,14.6406705],[121.0181948,14.6406403],[121.0181969,14.6405485],[121.0182076,14.6404174],[121.0182184,14.6402527],[121.0182215,14.640123],[121.0182025,14.639923],[121.01815,14.6396774],[121.0181057,14.639563],[121.0180551,14.6394723],[121.0184275,14.6392817],[121.0184905,14.6392357],[121.0187374,14.6389681],[121.0194034,14.6380873],[121.0195123,14.6378541],[121.0196202,14.6380384],[121.0197338,14.6384075],[121.0198773,14.6387514],[121.0199511,14.6390212],[121.0200503,14.6391341],[121.0201362,14.639188],[121.0204623,14.6393541],[121.0209663,14.6393707],[121.021146,14.6394272],[121.0213737,14.6394111],[121.0215476,14.6396012],[121.0217054,14.6397394],[121.0222102,14.6400231],[121.0224069,14.6401087],[121.0225207,14.6401422],[121.0226488,14.6402262],[121.0227365,14.6403629],[121.0229416,14.6405297],[121.0229514,14.640741],[121.0231574,14.640907],[121.0233353,14.6410325],[121.0238205,14.6411325],[121.0241588,14.6412732],[121.024505,14.6413472],[121.0248041,14.6413782],[121.0251401,14.6414333],[121.0254118,14.6416147],[121.0257246,14.6419142],[121.0258251,14.6420433],[121.025876,14.6422908],[121.0258843,14.6423971],[121.0258741,14.6424955],[121.0259598,14.6425492],[121.0260309,14.6425604],[121.0264158,14.6426361],[121.0264839,14.6426529],[121.0265234,14.6426627],[121.0266326,14.642693],[121.0266827,14.6427141],[121.0267518,14.642729],[121.0267914,14.6427284],[121.0268162,14.6427283],[121.0269498,14.6426965],[121.026972,14.6426912],[121.0270752,14.6426689],[121.0270851,14.6427077],[121.0271003,14.6427818],[121.0271263,14.6428933],[121.0273173,14.6437097],[121.0273333,14.6437866],[121.0273755,14.6439633],[121.0274414,14.6442603],[121.027546,14.644713],[121.0275624,14.6447824],[121.027613,14.6450051],[121.027659,14.6452018],[121.0276899,14.6453321],[121.027734,14.6455416],[121.0277551,14.6456501],[121.0277996,14.6458797]]]}},{"type":"Feature","properties":{"name":"Pansol","osm_id":415512},"geometry":{"type":"Polygon","coordinates":[[[121.0819048,14.6563898],[121.081926,14.6567485],[121.0819582,14.6572623],[121.081599,14.6586604],[121.0812992,14.6611656],[121.0797752,14.6609355],[121.0786746,14.6607095],[121.0784452,14.660552],[121.078091,14.6603951],[121.0771951,14.6602563],[121.0769394,14.6601098],[121.0767613,14.6599176],[121.0763601,14.6597001],[121.0761934,14.6596882],[121.0762104,14.6595715],[121.0761837,14.6594549],[121.0761416,14.6593586],[121.076099,14.6592863],[121.0760363,14.6591939],[121.0759393,14.65912],[121.0746818,14.6579868],[121.0745011,14.65779],[121.0744293,14.6576824],[121.0743639,14.6574462],[121.0744175,14.654981],[121.0744178,14.6549274],[121.0744164,14.6548596],[121.0743831,14.6529602],[121.0745921,14.6529699],[121.07618,14.652964],[121.0761811,14.6522741],[121.0762037,14.6514037],[121.0762038,14.6508123],[121.0762245,14.6508105],[121.0762358,14.6503807],[121.0762382,14.6502623],[121.0762148,14.6501337],[121.0762181,14.6500383],[121.0762237,14.6499623],[121.0762234,14.649911],[121.076226,14.6498127],[121.0762255,14.6497422],[121.0762264,14.6495293],[121.0761935,14.6494893],[121.076024,14.6493308],[121.0754726,14.6487689],[121.0747662,14.6480743],[121.0742564,14.6475639],[121.0744088,14.6463609],[121.0744826,14.6463482],[121.0747585,14.6463252],[121.0751225,14.6462948],[121.0754136,14.6462615],[121.0754644,14.6462545],[121.0755404,14.6462479],[121.0755905,14.6462436],[121.0755994,14.646242],[121.0757927,14.6462019],[121.0760789,14.6461468],[121.0761556,14.6460963],[121.0763157,14.6460449],[121.0765243,14.6459269],[121.0766472,14.645843],[121.076997,14.6455009],[121.0771566,14.6453415],[121.0773792,14.6451692],[121.0776168,14.6450727],[121.077749,14.6450225],[121.077974,14.6449771],[121.0780987,14.6449693],[121.0782272,14.6449743],[121.0785307,14.6450355],[121.0786869,14.6450941],[121.0788173,14.6451672],[121.0788994,14.6452236],[121.0790092,14.645339],[121.0792654,14.645625],[121.0796924,14.6461399],[121.0797545,14.6462075],[121.0797938,14.6462511],[121.0803347,14.64685],[121.0804195,14.6469026],[121.0805355,14.6469493],[121.0806977,14.6469985],[121.0807279,14.6470077],[121.0809198,14.6470579],[121.0810548,14.6470932],[121.0811303,14.6471056],[121.0812065,14.6470973],[121.0817201,14.646812],[121.0819813,14.6466599],[121.0824953,14.6462709],[121.0827174,14.6461866],[121.0828178,14.646006],[121.0828836,14.6457813],[121.0830492,14.6453474],[121.0831984,14.6442567],[121.083191,14.6439884],[121.0835988,14.6439511],[121.0837125,14.6439275],[121.0844846,14.643628],[121.0845527,14.643604],[121.0846143,14.6435892],[121.0846987,14.6435798],[121.0847817,14.6435815],[121.0850099,14.6436198],[121.0853961,14.6437005],[121.0856098,14.6443397],[121.0856328,14.6443841],[121.0856666,14.644422],[121.0857192,14.6444544],[121.0863634,14.644596],[121.0870707,14.6447519],[121.0873794,14.644818],[121.0876805,14.6448716],[121.0876126,14.6453564],[121.0875442,14.6458453],[121.0878872,14.6458947],[121.0882268,14.6459437],[121.0889727,14.6464517],[121.0895925,14.646864],[121.0877901,14.6485394],[121.0877308,14.6489835],[121.0868934,14.6493282],[121.0868205,14.6493446],[121.0866033,14.6494758],[121.0862909,14.6495759],[121.0863384,14.6496011],[121.0861902,14.6497619],[121.0862367,14.6497945],[121.0860407,14.6503673],[121.0860914,14.6503868],[121.0859989,14.6511147],[121.0858339,14.6512074],[121.0853774,14.6513492],[121.0851703,14.6513044],[121.0850584,14.6513277],[121.0849772,14.6513894],[121.0848741,14.6516211],[121.0848247,14.6517254],[121.0848016,14.6518383],[121.0847432,14.6519187],[121.0846682,14.6519727],[121.0845849,14.6520345],[121.0843863,14.6522762],[121.0841956,14.6524895],[121.0841618,14.6527426],[121.083936,14.653202],[121.0838498,14.6533455],[121.0837939,14.6534102],[121.0837231,14.6534563],[121.0836139,14.6535392],[121.0834884,14.6537227],[121.083327,14.653828],[121.083211,14.6539831],[121.0831622,14.6540657],[121.0831215,14.6541641],[121.0829751,14.6543292],[121.0827857,14.6544553],[121.0826605,14.6544663],[121.0825682,14.6545346],[121.0824463,14.6552348],[121.0821903,14.6555363],[121.0821338,14.6557326],[121.0821397,14.6560478],[121.0820148,14.6562678],[121.0819048,14.6563898]]]}},{"type":"Feature","properties":{"name":"Paraiso","osm_id":1552368},"geometry":{"type":"Polygon","coordinates":[[[121.0195123,14.6378541],[121.019184,14.6373331],[121.0189743,14.6368161],[121.018897,14.6366075],[121.0188232,14.6361549],[121.0189248,14.6357515],[121.0189739,14.6354253],[121.0189473,14.6353312],[121.018149,14.6354456],[121.0175903,14.6353571],[121.017576,14.6354146],[121.0174958,14.6356231],[121.0174582,14.6357078],[121.0174218,14.6357626],[121.0173787,14.6358096],[121.0169264,14.6361488],[121.0165465,14.6364188],[121.0161718,14.6367049],[121.0157964,14.6369449],[121.0154192,14.6371444],[121.0157799,14.6379434],[121.0159643,14.63835],[121.0161456,14.6387437],[121.0163231,14.6391559],[121.0164582,14.6394289],[121.0164944,14.6394858],[121.0165266,14.6395318],[121.0165011,14.6396097],[121.0164781,14.639692],[121.0164508,14.6398086],[121.0163788,14.6403024],[121.0164196,14.6404166],[121.0165168,14.640427],[121.0166892,14.6404453],[121.0170725,14.6404963],[121.0173982,14.6405371],[121.0181948,14.6406403],[121.0181969,14.6405485],[121.0182076,14.6404174],[121.0182184,14.6402527],[121.0182215,14.640123],[121.0182025,14.639923],[121.01815,14.6396774],[121.0181057,14.639563],[121.0180551,14.6394723],[121.0184275,14.6392817],[121.0184905,14.6392357],[121.0187374,14.6389681],[121.0194034,14.6380873],[121.0195123,14.6378541]]]}},{"type":"Feature","properties":{"name":"Pasong Putik Proper","osm_id":1783171},"geometry":{"type":"Polygon","coordinates":[[[121.0770302,14.7420002],[121.0769046,14.7423243],[121.075878,14.7423099],[121.0663291,14.7421927],[121.0587677,14.7421837],[121.0570057,14.7421825],[121.0531742,14.742157],[121.0531742,14.7362212],[121.0530546,14.7334838],[121.0530322,14.7312669],[121.0530278,14.7308312],[121.0530435,14.7292652],[121.0530455,14.7290281],[121.0521687,14.7290212],[121.0496732,14.7290296],[121.0496433,14.7267623],[121.0499034,14.7258944],[121.0502654,14.7247504],[121.0504733,14.7240163],[121.0507481,14.7230576],[121.0513267,14.722261],[121.0487152,14.722219],[121.048693,14.7211262],[121.0487126,14.7207883],[121.0487113,14.7184144],[121.0487081,14.7181592],[121.0521298,14.7213635],[121.0567265,14.7256715],[121.0577783,14.7266572],[121.0579474,14.7268113],[121.0578735,14.7268932],[121.0577519,14.7270642],[121.0575655,14.7273265],[121.0575359,14.727369],[121.0574485,14.7274944],[121.0573734,14.7275991],[121.057285,14.7277292],[121.0572199,14.7278201],[121.0571723,14.7278924],[121.0571414,14.7279393],[121.0571092,14.7279855],[121.0570869,14.7280175],[121.0570639,14.7280512],[121.0569939,14.7281537],[121.056614,14.7287058],[121.0566013,14.7287243],[121.0565574,14.7287884],[121.0564978,14.728875],[121.0563999,14.7290172],[121.0562672,14.7292215],[121.0561398,14.7293969],[121.0561052,14.7294445],[121.05605,14.7295234],[121.0560071,14.7295817],[121.0558565,14.7297885],[121.0557489,14.7299352],[121.0556731,14.7300406],[121.0556111,14.730137],[121.0555201,14.73032],[121.0555001,14.7303789],[121.0554796,14.7304393],[121.0554631,14.7305869],[121.0554658,14.7308989],[121.0554679,14.7313251],[121.05547,14.7316034],[121.0554702,14.7316407],[121.0554709,14.7316919],[121.05548,14.7320603],[121.0554984,14.7322168],[121.0555004,14.7322733],[121.0555055,14.7323102],[121.0555204,14.7324246],[121.0555319,14.7324911],[121.0555496,14.732628],[121.0555729,14.7328714],[121.0555794,14.7329718],[121.0555802,14.7329803],[121.055582,14.7329983],[121.0555923,14.7330822],[121.0555973,14.7331215],[121.055628,14.7332999],[121.0556463,14.7334183],[121.0556982,14.7338919],[121.0556983,14.7340021],[121.0556862,14.7340858],[121.0556634,14.7341669],[121.0556424,14.7342277],[121.0556433,14.7342953],[121.0556513,14.7343459],[121.0556634,14.7343939],[121.0556795,14.7344393],[121.0557009,14.7344795],[121.0557291,14.7345184],[121.0557546,14.7345469],[121.0557962,14.7345806],[121.0558444,14.7346105],[121.055886,14.7346299],[121.0559571,14.7346584],[121.0560402,14.7346857],[121.0563575,14.7347812],[121.0570665,14.7349964],[121.0577364,14.7351997],[121.0578493,14.7352272],[121.0579802,14.7352486],[121.0581078,14.735264],[121.0581692,14.7352674],[121.0582403,14.7352692],[121.0589181,14.7352888],[121.0589471,14.7352894],[121.0590524,14.7352905],[121.0590947,14.735291],[121.0594422,14.7352976],[121.0597023,14.7353003],[121.0600196,14.7353035],[121.0605578,14.7353142],[121.0606016,14.7353151],[121.0606782,14.7353177],[121.0609238,14.7353262],[121.0610647,14.7353288],[121.0612074,14.7353341],[121.0615368,14.7353497],[121.0616039,14.7353518],[121.0618423,14.7353579],[121.0622116,14.7353657],[121.0626086,14.7353709],[121.0628878,14.7353745],[121.0633473,14.7353806],[121.0638981,14.7353878],[121.0640271,14.7353894],[121.0642443,14.7353923],[121.0644978,14.7353956],[121.0645949,14.7353969],[121.0646591,14.7353977],[121.0647105,14.7353984],[121.0651367,14.735404],[121.0653665,14.735407],[121.0655856,14.7354098],[121.0658484,14.7354133],[121.0660583,14.735416],[121.0672184,14.7354312],[121.0673472,14.7354329],[121.0674415,14.7354341],[121.0675068,14.7354356],[121.0679889,14.7354455],[121.0680338,14.7354464],[121.0680932,14.7354476],[121.0681338,14.7354484],[121.0681518,14.7354488],[121.0683739,14.7354533],[121.0685755,14.7354574],[121.0692596,14.7354751],[121.0693659,14.7355014],[121.0694447,14.7355408],[121.0695511,14.735626],[121.0697017,14.7357664],[121.069853,14.7359074],[121.0704408,14.7364553],[121.0704895,14.7365007],[121.0707547,14.7367548],[121.0712468,14.7372262],[121.0713217,14.7372909],[121.0714109,14.7373511],[121.0715696,14.7374505],[121.0718203,14.7375793],[121.0722215,14.7377784],[121.0724312,14.7378825],[121.0725068,14.73792],[121.0726613,14.7380128],[121.0728238,14.7381202],[121.0729056,14.738184],[121.0730917,14.7383291],[121.0734989,14.7386467],[121.073559,14.738696],[121.0736548,14.7387747],[121.0739465,14.7390139],[121.0740395,14.7390902],[121.0743309,14.7393438],[121.0743776,14.7393891],[121.0744704,14.739479],[121.074611,14.7396404],[121.0749143,14.7400727],[121.0749905,14.7401813],[121.0754957,14.7408783],[121.075698,14.7411806],[121.0758151,14.7413556],[121.0759144,14.7414841],[121.07602,14.741584],[121.0761239,14.7416563],[121.0762462,14.7417322],[121.0764176,14.7418026],[121.0765307,14.7418341],[121.0767708,14.7419009],[121.0770383,14.7419754],[121.0770302,14.7420002]]]}},{"type":"Feature","properties":{"name":"Pasong Tamo","osm_id":1783172},"geometry":{"type":"Polygon","coordinates":[[[121.0564141,14.6932779],[121.0568517,14.693321],[121.0602932,14.6933747],[121.0658914,14.693069],[121.0696031,14.6928864],[121.06956,14.6892063],[121.069509,14.6853702],[121.0693374,14.6832945],[121.0691979,14.6804404],[121.069112,14.6792157],[121.069104,14.6770569],[121.0691917,14.6754612],[121.0691892,14.6753048],[121.0691177,14.6742364],[121.0690732,14.6737187],[121.0690605,14.6735706],[121.0686341,14.6718752],[121.0685375,14.6718751],[121.0671836,14.6718945],[121.0639572,14.67237],[121.0596597,14.6730219],[121.0584046,14.6731758],[121.0574153,14.6733693],[121.055989,14.6736019],[121.0543509,14.6738115],[121.0531783,14.6738688],[121.0522734,14.6738307],[121.0510691,14.6736751],[121.050575,14.673579],[121.0499271,14.6734324],[121.0496512,14.6734301],[121.0492173,14.6733905],[121.0490616,14.6733443],[121.0490987,14.6733064],[121.0491941,14.6732303],[121.0494223,14.6730351],[121.0495169,14.6729537],[121.0495965,14.6728773],[121.0496847,14.672785],[121.0497389,14.6727175],[121.0498644,14.6725869],[121.0496837,14.6725042],[121.0495654,14.6724649],[121.0493161,14.6724099],[121.0491121,14.672374],[121.0489056,14.6723377],[121.0488314,14.6723442],[121.04875,14.6723663],[121.0486373,14.6724065],[121.0484469,14.6725362],[121.0483921,14.6725663],[121.0483329,14.6725712],[121.0482538,14.6725674],[121.047999,14.6725284],[121.0479285,14.6724988],[121.047885,14.6724701],[121.0478058,14.6723935],[121.0475796,14.6721706],[121.0475175,14.6721366],[121.0473566,14.6720821],[121.0472437,14.6720676],[121.0470843,14.6720238],[121.0468728,14.6719392],[121.0467496,14.6719106],[121.0466431,14.6719122],[121.0462931,14.6719135],[121.0461974,14.671895],[121.0460249,14.6718071],[121.0458892,14.6716626],[121.0458264,14.6715671],[121.0457803,14.6715263],[121.0456279,14.6714581],[121.0454951,14.6713725],[121.045199,14.6712352],[121.0449694,14.671087],[121.0447573,14.6709324],[121.044665,14.6708263],[121.0445939,14.6707083],[121.0445563,14.6705992],[121.0445425,14.6704954],[121.0445537,14.6704085],[121.0445926,14.6703203],[121.044705,14.6701382],[121.0449442,14.6698454],[121.0449748,14.6697819],[121.0449855,14.669717],[121.0449835,14.6696516],[121.0449667,14.669586],[121.0449165,14.6694982],[121.0448621,14.6694498],[121.044301,14.6692344],[121.0440841,14.6690968],[121.0437641,14.6689514],[121.0437025,14.6689679],[121.0436166,14.6690492],[121.0434285,14.6691929],[121.0432816,14.6692897],[121.0433904,14.6708775],[121.0434129,14.6719574],[121.0434197,14.6721131],[121.0434512,14.6728255],[121.0434559,14.6728984],[121.0434856,14.6733737],[121.0435052,14.6736793],[121.0435083,14.6737252],[121.0436189,14.6753372],[121.0436609,14.6759695],[121.0436846,14.6761099],[121.0438767,14.6768407],[121.0441252,14.6772051],[121.0443548,14.6774545],[121.0447086,14.6779436],[121.0449486,14.6782575],[121.0455324,14.6790409],[121.0461825,14.6798912],[121.0474411,14.6813764],[121.0481289,14.682567],[121.048856,14.6835595],[121.0497957,14.6845336],[121.051048,14.6859005],[121.0514008,14.686218],[121.0518505,14.6864473],[121.0522386,14.6866148],[121.0536408,14.6866854],[121.0543375,14.6868],[121.0548842,14.6871881],[121.0553605,14.6876026],[121.0558631,14.6880788],[121.0563041,14.6887226],[121.0564187,14.6891635],[121.0564141,14.6932779]]]}},{"type":"Feature","properties":{"name":"Payatas","osm_id":1762723},"geometry":{"type":"Polygon","coordinates":[[[121.0945856,14.6966323],[121.095401,14.6958493],[121.0957326,14.6962161],[121.0959843,14.6964463],[121.0963771,14.6968231],[121.0968498,14.6972356],[121.0971743,14.6978884],[121.0972387,14.6979588],[121.0988205,14.6997491],[121.0999442,14.7005952],[121.1003961,14.704584],[121.1062072,14.7114827],[121.1065893,14.7117137],[121.10814,14.7121021],[121.1105084,14.7131772],[121.111825,14.7138232],[121.1116552,14.7215613],[121.111406,14.7215268],[121.1113491,14.7215278],[121.111293,14.7215277],[121.1105945,14.7215034],[121.110499,14.7215007],[121.1104246,14.7214985],[121.1103577,14.7215102],[121.1102907,14.7215191],[121.1102391,14.7215383],[121.1101734,14.7215637],[121.1101121,14.7215887],[121.1100417,14.7216266],[121.10997,14.7216702],[121.1098365,14.7217639],[121.1093889,14.7220771],[121.1093393,14.7221123],[121.1092843,14.7221511],[121.1092421,14.722179],[121.1091954,14.7222042],[121.1091432,14.722226],[121.1090065,14.7222814],[121.1083725,14.7225538],[121.1083014,14.7225892],[121.1080907,14.7227111],[121.1077107,14.7229295],[121.1075605,14.7229987],[121.1074899,14.7230244],[121.107422,14.7230502],[121.1073427,14.7230787],[121.1072757,14.7231021],[121.1071974,14.723116],[121.1071253,14.72312],[121.1065855,14.7231366],[121.1064913,14.7231445],[121.1063957,14.7231599],[121.106313,14.7231797],[121.1062362,14.7232033],[121.1056379,14.7233952],[121.1055526,14.7234158],[121.1054532,14.7234362],[121.105381,14.7234375],[121.1053026,14.7234313],[121.105235,14.7234134],[121.1051718,14.7233925],[121.1050967,14.7233648],[121.1050299,14.7233391],[121.1049692,14.7233131],[121.1048561,14.7232666],[121.1047379,14.7232042],[121.1046061,14.7231358],[121.1043624,14.722989],[121.1038386,14.7226765],[121.1033273,14.7223636],[121.1030084,14.7221639],[121.1026396,14.7219098],[121.1025779,14.7218631],[121.1025256,14.721819],[121.1024726,14.7217639],[121.1024424,14.7217308],[121.1024076,14.7216867],[121.1023687,14.7216349],[121.1020748,14.7212032],[121.1017811,14.7208131],[121.101737,14.7207645],[121.1016941,14.720723],[121.1016311,14.7206737],[121.1015709,14.7206344],[121.1013226,14.7206309],[121.1009914,14.7205985],[121.1009136,14.7205998],[121.1008304,14.7205959],[121.1007567,14.7205829],[121.1006869,14.7205609],[121.1006306,14.7205285],[121.1005819,14.72049],[121.1003833,14.7205685],[121.0999633,14.7203541],[121.0998313,14.7202146],[121.0997401,14.7195775],[121.0997587,14.719452],[121.0998519,14.7193651],[121.1002199,14.71918],[121.1004862,14.7190008],[121.1006133,14.7189253],[121.100766,14.7185716],[121.1008489,14.7182587],[121.1008755,14.7180301],[121.1008495,14.7178307],[121.1007477,14.7175067],[121.1007097,14.7174554],[121.1006716,14.7174172],[121.1003997,14.7171328],[121.1000081,14.7167216],[121.0994879,14.7162249],[121.0990287,14.7158217],[121.0980193,14.7150006],[121.0978676,14.7149127],[121.097137,14.7149418],[121.096559,14.7148925],[121.0958203,14.7147612],[121.0953252,14.7143561],[121.094827,14.7139352],[121.0945906,14.7138238],[121.0941804,14.7139915],[121.0932525,14.7143958],[121.0921454,14.7144891],[121.090817,14.7144285],[121.0901574,14.7143061],[121.0901365,14.7136356],[121.0903031,14.7123972],[121.0898332,14.7121533],[121.090023,14.7117509],[121.0901977,14.7114135],[121.0904498,14.7110573],[121.0905796,14.7108739],[121.0907215,14.7106804],[121.0907247,14.71053],[121.0907306,14.709957],[121.0907377,14.7097015],[121.0907371,14.7096367],[121.0907465,14.7092711],[121.0907357,14.7091702],[121.0907034,14.7089766],[121.0906401,14.7088386],[121.0904697,14.7085516],[121.0904414,14.708499],[121.090377,14.7083878],[121.0903205,14.7082936],[121.0902373,14.7081433],[121.0901677,14.7080413],[121.0901239,14.7079944],[121.0899289,14.7077883],[121.0898469,14.7077221],[121.0897098,14.7076287],[121.0895685,14.7075577],[121.0893762,14.7075281],[121.0892284,14.7075231],[121.089173,14.7075099],[121.0891248,14.707481],[121.0890824,14.7074385],[121.0890453,14.7073643],[121.0890059,14.7072841],[121.0889315,14.7071324],[121.0889178,14.7071079],[121.0888375,14.7069638],[121.0887232,14.7068043],[121.0883329,14.7064466],[121.0882223,14.7063197],[121.0881411,14.7061522],[121.0881212,14.7060821],[121.0881071,14.7060096],[121.0881173,14.7058734],[121.0881562,14.7056096],[121.08822,14.7052547],[121.0883021,14.7049157],[121.0883689,14.7046344],[121.0884169,14.7044326],[121.0884541,14.7043004],[121.0885088,14.704127],[121.0885581,14.7039989],[121.0886155,14.7038624],[121.088729,14.7036547],[121.0888896,14.7033806],[121.088917,14.7033333],[121.0889519,14.7032712],[121.0889751,14.7032301],[121.0890545,14.7030846],[121.089117,14.7029694],[121.0891752,14.7028696],[121.0892668,14.7027123],[121.0893315,14.7025806],[121.0893489,14.7025146],[121.0893621,14.7023804],[121.089362,14.7022724],[121.0893603,14.7021353],[121.0893598,14.7020426],[121.0893599,14.7019963],[121.0893579,14.7019005],[121.089355,14.7018396],[121.089351,14.7017641],[121.089328,14.7015229],[121.0893191,14.7014306],[121.0893156,14.7014093],[121.0893023,14.7013282],[121.0892798,14.701238],[121.0892205,14.7011234],[121.0891231,14.7010617],[121.0886613,14.7008878],[121.0885158,14.7008171],[121.0884299,14.7007282],[121.0880872,14.7003187],[121.0879446,14.7001603],[121.0878517,14.7000567],[121.0877497,14.6999409],[121.0878347,14.6998756],[121.0882377,14.6999812],[121.0888875,14.7001514],[121.0893063,14.7002606],[121.089683,14.7003204],[121.0901125,14.700319],[121.0905641,14.7002206],[121.0908265,14.700101],[121.0910747,14.6999553],[121.0913908,14.6997168],[121.0923053,14.6987895],[121.0939586,14.6971992],[121.0945856,14.6966323]]]}},{"type":"Feature","properties":{"name":"Phil-Am","osm_id":1552386},"geometry":{"type":"Polygon","coordinates":[[[121.0277996,14.6458797],[121.0279074,14.6463466],[121.0282706,14.6479192],[121.0297182,14.6542161],[121.0297509,14.6543623],[121.0300067,14.655559],[121.0300975,14.6554911],[121.0302037,14.655381],[121.030348,14.6551968],[121.0304915,14.6549683],[121.0311506,14.6539713],[121.0318336,14.652939],[121.0318872,14.6528552],[121.031896,14.6528414],[121.0319439,14.6527666],[121.0320135,14.652664],[121.0326664,14.6516747],[121.0327071,14.6516121],[121.0327129,14.6516031],[121.0327675,14.6515191],[121.0327739,14.6515094],[121.0328416,14.6514052],[121.0329753,14.6511994],[121.0335452,14.6503228],[121.0343092,14.6491475],[121.0351029,14.6479266],[121.0348862,14.6477527],[121.0348536,14.6477313],[121.0348178,14.647712],[121.0347896,14.6477007],[121.0347573,14.6476908],[121.0347197,14.647693],[121.0346713,14.6477022],[121.0345846,14.6477301],[121.0344989,14.6477512],[121.0344552,14.6477607],[121.0344185,14.6477612],[121.0343782,14.6477511],[121.0343314,14.6477334],[121.0342523,14.6476901],[121.0340288,14.6475625],[121.0338459,14.6474516],[121.0337388,14.6474107],[121.0336595,14.6473907],[121.0334679,14.6473597],[121.0333988,14.647353],[121.0333387,14.647348],[121.0333046,14.6473477],[121.0330989,14.647364],[121.0329392,14.6473695],[121.0329093,14.6473621],[121.0328954,14.6473561],[121.0328807,14.6473462],[121.0328708,14.6473327],[121.0328625,14.6473184],[121.0328484,14.6472897],[121.0328299,14.6472401],[121.0328021,14.6471666],[121.0327601,14.6469673],[121.0326997,14.64665],[121.0325837,14.6464497],[121.0324857,14.646343],[121.0323876,14.6462556],[121.0322577,14.6461608],[121.0321291,14.6460703],[121.0319357,14.6459618],[121.0317086,14.6458679],[121.0316355,14.6457614],[121.031535,14.6455802],[121.031438,14.6454941],[121.0313175,14.6454308],[121.0312327,14.6453943],[121.0310685,14.6453754],[121.0309568,14.645435],[121.0308194,14.6453957],[121.0307071,14.6453901],[121.0306525,14.6454078],[121.0305944,14.6454384],[121.0304994,14.6454763],[121.0304495,14.6455081],[121.0303994,14.6455321],[121.0302345,14.6456068],[121.0301671,14.6456318],[121.0299735,14.6457096],[121.0298829,14.6457941],[121.0297602,14.6458279],[121.0296431,14.6458453],[121.0295133,14.6458412],[121.0293954,14.6458216],[121.0292657,14.6457628],[121.0291269,14.6456647],[121.0290667,14.6456038],[121.0289862,14.6455803],[121.0288907,14.6455903],[121.0287605,14.6456142],[121.0285964,14.645714],[121.0284088,14.6457853],[121.0282332,14.645831],[121.0280576,14.6458494],[121.0279766,14.6458616],[121.0278742,14.6458731],[121.0277996,14.6458797]]]}},{"type":"Feature","properties":{"name":"Pinagkaisahan","osm_id":1086418},"geometry":{"type":"Polygon","coordinates":[[[121.0469044,14.6285633],[121.0466093,14.6285329],[121.0465157,14.6285925],[121.0462528,14.6286275],[121.0460032,14.6286089],[121.0453516,14.6285812],[121.0444583,14.6285591],[121.0441321,14.6283847],[121.0434798,14.6276206],[121.0431966,14.6276954],[121.0429648,14.6277369],[121.0425786,14.6275127],[121.0417632,14.6270974],[121.0413535,14.6269544],[121.0407161,14.626732],[121.0397033,14.626242],[121.0394219,14.6261265],[121.0394595,14.6260134],[121.0395707,14.6256735],[121.0396289,14.6255415],[121.0397245,14.6253441],[121.0399262,14.6249707],[121.0400442,14.6247677],[121.040069,14.6247073],[121.0400846,14.6246462],[121.040147,14.6246515],[121.0402275,14.6246584],[121.0404018,14.6246734],[121.0406616,14.6246956],[121.0409042,14.6247109],[121.0411539,14.6247128],[121.0413297,14.6247049],[121.0415164,14.6246839],[121.0416591,14.6246639],[121.0419126,14.6246143],[121.0420823,14.6245765],[121.0421359,14.6245565],[121.042312,14.6244952],[121.0424368,14.6244525],[121.0425642,14.6244021],[121.0426207,14.6243765],[121.0428405,14.62427],[121.0431871,14.6240921],[121.0432707,14.6240492],[121.0432908,14.6240391],[121.0437891,14.6237831],[121.044211,14.6235666],[121.0443904,14.6234745],[121.0445035,14.6234165],[121.0449922,14.6231657],[121.0450775,14.6231219],[121.0451417,14.623191],[121.0452606,14.6232952],[121.0456655,14.6236501],[121.0460796,14.6240722],[121.0464877,14.6244543],[121.0470301,14.6249603],[121.0473963,14.625313],[121.0474949,14.6253537],[121.04758,14.625394],[121.0476034,14.625404],[121.0480439,14.6255933],[121.0481084,14.6256225],[121.0482313,14.6256817],[121.0469044,14.6285633]]]}},{"type":"Feature","properties":{"name":"Pinyahan","osm_id":556085},"geometry":{"type":"Polygon","coordinates":[[[121.0375322,14.6441894],[121.0407669,14.6462063],[121.0409308,14.6459973],[121.041225,14.645615],[121.041441,14.6453442],[121.041901,14.6448106],[121.0420256,14.6446818],[121.0424489,14.6442443],[121.0425987,14.6440922],[121.042808,14.6439062],[121.043049,14.6436936],[121.0431018,14.6436474],[121.0432783,14.643493],[121.0437387,14.6431082],[121.0444157,14.6425858],[121.0446219,14.6424451],[121.0448499,14.6422895],[121.0449752,14.642204],[121.0451932,14.6420729],[121.0456741,14.6417914],[121.0459778,14.6416224],[121.0467008,14.6412132],[121.0468935,14.6411491],[121.0468589,14.6409677],[121.0468293,14.6408319],[121.0468809,14.6408202],[121.0469542,14.6408044],[121.0477684,14.6406297],[121.0479511,14.6405897],[121.0481622,14.6405435],[121.0483462,14.6404971],[121.0487149,14.6404147],[121.0493935,14.6402953],[121.0499637,14.6402647],[121.0505558,14.6402695],[121.05118,14.6403431],[121.0516132,14.6404159],[121.0515199,14.6410357],[121.0520632,14.6411648],[121.0526401,14.641299],[121.0531958,14.6414166],[121.0534874,14.6414985],[121.0538028,14.6411531],[121.0538421,14.6411316],[121.0538727,14.6411169],[121.0539398,14.6411137],[121.0539945,14.6411168],[121.0545415,14.6412346],[121.0546685,14.6412613],[121.0547126,14.6412659],[121.0548259,14.6406074],[121.0548639,14.639912],[121.0549139,14.6393362],[121.054921,14.6385518],[121.0548832,14.6379287],[121.0548355,14.6375416],[121.05475,14.6368263],[121.0546079,14.6361387],[121.0541966,14.6343992],[121.0541712,14.6342573],[121.0541577,14.6341367],[121.0541514,14.634],[121.0541724,14.6338675],[121.054211,14.6337481],[121.0542705,14.6335406],[121.054305,14.6334212],[121.0543362,14.6333192],[121.0543387,14.6333103],[121.05437,14.6332163],[121.0542377,14.6331739],[121.0540566,14.6331218],[121.0522201,14.6325938],[121.0520719,14.6325515],[121.0519744,14.6325233],[121.0499137,14.6319279],[121.0498081,14.6318953],[121.0497227,14.6318707],[121.0488679,14.6316244],[121.0474721,14.6312223],[121.0473796,14.6311956],[121.0473446,14.6311855],[121.0470933,14.6311131],[121.0469595,14.6310745],[121.046646,14.6309842],[121.0461577,14.6308435],[121.0461471,14.6308404],[121.0461324,14.6308362],[121.0460206,14.630804],[121.0458928,14.6307641],[121.0458294,14.6309032],[121.0457671,14.631033],[121.0450873,14.6325107],[121.0449804,14.6327291],[121.044879,14.6329137],[121.0448313,14.6329922],[121.0447766,14.6330823],[121.0447685,14.6330947],[121.0447472,14.6331269],[121.044723,14.6331635],[121.0446877,14.6332171],[121.0442809,14.6338343],[121.0436165,14.6348422],[121.0429645,14.6358426],[121.0429117,14.6359222],[121.0429034,14.6359351],[121.0428624,14.6359978],[121.042805,14.6360818],[121.0425518,14.6364649],[121.0423894,14.6367099],[121.0421523,14.6370674],[121.0397623,14.6407414],[121.0389671,14.6419875],[121.0383073,14.6429971],[121.0375322,14.6441894]]]}},{"type":"Feature","properties":{"name":"Project 6","osm_id":1552385},"geometry":{"type":"Polygon","coordinates":[[[121.0430717,14.6527845],[121.0430749,14.6529752],[121.0431088,14.6531248],[121.0432063,14.6534842],[121.043428,14.6545344],[121.0440192,14.656884],[121.0443956,14.658561],[121.0444053,14.6586084],[121.0440436,14.6586855],[121.043853,14.6587261],[121.0440104,14.6593799],[121.0437955,14.6601933],[121.0435285,14.6613937],[121.0431941,14.6627968],[121.0438592,14.6629414],[121.0433421,14.6652057],[121.0428389,14.6651083],[121.0416373,14.6656813],[121.0408048,14.6658058],[121.0401988,14.6657657],[121.0398005,14.6657394],[121.03944,14.6656647],[121.0393644,14.6655897],[121.0394051,14.6651955],[121.0393837,14.6649397],[121.0391997,14.6647347],[121.0388564,14.6648426],[121.0386418,14.6652495],[121.0386783,14.665468],[121.038693,14.6655861],[121.0386969,14.6657311],[121.0386783,14.6658287],[121.0386407,14.6659052],[121.0385817,14.6659649],[121.0384881,14.6660142],[121.0382263,14.6661401],[121.0381338,14.666137],[121.0380412,14.6660791],[121.0379772,14.6659776],[121.037895,14.6657482],[121.0377797,14.6655342],[121.0377331,14.6653657],[121.0377368,14.6652371],[121.0377301,14.6651372],[121.0376942,14.6650354],[121.0375866,14.6649257],[121.0374431,14.6648374],[121.037341,14.6647923],[121.0372191,14.6647765],[121.0370662,14.66477],[121.0367994,14.6647622],[121.0365905,14.664743],[121.0365002,14.6647138],[121.0364593,14.6646953],[121.0364188,14.664677],[121.0362651,14.6645755],[121.0363942,14.6641558],[121.0364495,14.6639215],[121.0366208,14.6632064],[121.0366252,14.6631879],[121.0366314,14.663022],[121.0366548,14.6624656],[121.0366667,14.6621923],[121.0366651,14.6619823],[121.036654,14.6616877],[121.0366059,14.6612003],[121.0365837,14.6610598],[121.0364659,14.6603406],[121.0363957,14.6600661],[121.0351386,14.654527],[121.0385832,14.6537603],[121.0385971,14.6535951],[121.0386394,14.6531215],[121.0387486,14.6522101],[121.0387598,14.6521169],[121.0387746,14.6519999],[121.0388185,14.6516601],[121.0389427,14.6509501],[121.0389979,14.6506734],[121.0391035,14.6502449],[121.0391123,14.6502091],[121.0391726,14.6499645],[121.0392159,14.6498057],[121.0392411,14.6497134],[121.0392603,14.6496429],[121.0394822,14.6490563],[121.0398137,14.6481719],[121.0398573,14.6480663],[121.0399184,14.6479298],[121.0402399,14.6471905],[121.0403438,14.6469853],[121.0406374,14.6464061],[121.0407669,14.6462063],[121.044291,14.648375],[121.0468161,14.6499289],[121.0471159,14.6501171],[121.0470091,14.650286],[121.046977,14.6503435],[121.0469119,14.6504601],[121.0468246,14.6506391],[121.0468076,14.6506862],[121.0467384,14.6508502],[121.0466776,14.6510172],[121.0466251,14.6511869],[121.0465813,14.6513589],[121.0465559,14.651491],[121.0465364,14.6516241],[121.046522,14.6517578],[121.0465127,14.651892],[121.0465084,14.6520263],[121.0430717,14.6527845]]]}},{"type":"Feature","properties":{"name":"Quirino 2-A","osm_id":554737},"geometry":{"type":"Polygon","coordinates":[[[121.0618873,14.6289783],[121.0617275,14.6290692],[121.0614387,14.6292861],[121.0612578,14.6293444],[121.0610358,14.6293399],[121.0608912,14.629345],[121.0607811,14.6294126],[121.0606405,14.6294595],[121.060431,14.6294165],[121.0602184,14.6293375],[121.0596232,14.629007],[121.0594378,14.6289041],[121.0592763,14.6288416],[121.0590602,14.6287787],[121.0587358,14.6287884],[121.058502,14.6287616],[121.0582276,14.6286788],[121.0579486,14.6285593],[121.0575794,14.6283463],[121.057471,14.6283352],[121.0573311,14.628383],[121.0571955,14.6284926],[121.0571226,14.6285956],[121.057119,14.6287199],[121.0571561,14.6287978],[121.0572049,14.6288474],[121.0572613,14.6289971],[121.0572647,14.629134],[121.0571784,14.6292733],[121.0570776,14.6293781],[121.0569146,14.6294178],[121.0567169,14.6294273],[121.0560295,14.6292906],[121.0558024,14.629199],[121.0554436,14.6290181],[121.05946,14.6330549],[121.0596963,14.6328274],[121.0600654,14.6324816],[121.0603364,14.632202],[121.060436,14.6320992],[121.0605337,14.6319862],[121.0605961,14.6318955],[121.06061,14.6318686],[121.0607243,14.6316603],[121.0607964,14.631528],[121.0609679,14.6312133],[121.0609902,14.6311709],[121.0611828,14.6308053],[121.061399,14.6303914],[121.0616301,14.6299795],[121.0617574,14.6297598],[121.0618817,14.629608],[121.0620295,14.6294987],[121.0621942,14.6294086],[121.0622339,14.6293725],[121.0620066,14.6290792],[121.0618873,14.6289783]]]}},{"type":"Feature","properties":{"name":"Quirino 2-B","osm_id":554733},"geometry":{"type":"Polygon","coordinates":[[[121.0614362,14.6349176],[121.0616509,14.634698],[121.0619897,14.634357],[121.0623281,14.6340269],[121.0623791,14.6339772],[121.0624049,14.6339498],[121.0626611,14.633685],[121.0626983,14.6336472],[121.0631907,14.6331595],[121.0632571,14.633094],[121.0635591,14.6327986],[121.0635883,14.6327688],[121.0636499,14.6327059],[121.0636691,14.6326766],[121.0635805,14.632571],[121.0635927,14.6324675],[121.0636827,14.6323051],[121.0637629,14.632098],[121.0637654,14.6319685],[121.0637451,14.6318367],[121.0636939,14.6317236],[121.063667,14.6316493],[121.0636657,14.6315718],[121.0636792,14.6314966],[121.0636802,14.631399],[121.0636637,14.6313499],[121.0636403,14.631298],[121.0635914,14.6311951],[121.0634905,14.6310507],[121.0631949,14.6308079],[121.0631394,14.6307186],[121.0630466,14.6305924],[121.0629014,14.6303973],[121.0628444,14.6302682],[121.0627715,14.6300258],[121.0626523,14.6297998],[121.0625527,14.6296946],[121.0622339,14.6293725],[121.0621942,14.6294086],[121.0620295,14.6294987],[121.0618817,14.629608],[121.0617574,14.6297598],[121.0616301,14.6299795],[121.061399,14.6303914],[121.0611828,14.6308053],[121.0609902,14.6311709],[121.0609679,14.6312133],[121.0607964,14.631528],[121.0607243,14.6316603],[121.06061,14.6318686],[121.0605961,14.6318955],[121.0605337,14.6319862],[121.060436,14.6320992],[121.0603364,14.632202],[121.0600654,14.6324816],[121.0596963,14.6328274],[121.05946,14.6330549],[121.0614362,14.6349176]]]}},{"type":"Feature","properties":{"name":"Quirino 2-C","osm_id":554732},"geometry":{"type":"Polygon","coordinates":[[[121.0644917,14.6338236],[121.064402,14.633805],[121.0643193,14.6337728],[121.0642759,14.6337168],[121.0642618,14.6336479],[121.0642391,14.6334676],[121.0642205,14.6332902],[121.0641293,14.6330996],[121.0640312,14.6329849],[121.064005,14.6329505],[121.0639796,14.6329194],[121.0639427,14.6328811],[121.0638861,14.6328401],[121.0637143,14.6327216],[121.0636691,14.6326766],[121.0636499,14.6327059],[121.0635883,14.6327688],[121.0635591,14.6327986],[121.0632571,14.633094],[121.0631907,14.6331595],[121.0626983,14.6336472],[121.0626611,14.633685],[121.0624049,14.6339498],[121.0623791,14.6339772],[121.0623281,14.6340269],[121.0619897,14.634357],[121.0616509,14.634698],[121.0614362,14.6349176],[121.0617364,14.6351551],[121.061785,14.6352029],[121.0627408,14.6361433],[121.062813,14.6361557],[121.0634295,14.6362968],[121.0639417,14.636414],[121.0639773,14.6363321],[121.06406,14.6358697],[121.0643451,14.6344956],[121.0644917,14.6338236]]]}},{"type":"Feature","properties":{"name":"Quirino 3-A","osm_id":554738},"geometry":{"type":"Polygon","coordinates":[[[121.0651845,14.6281298],[121.065043,14.6289623],[121.0648747,14.6289336],[121.0647281,14.6289105],[121.0647214,14.6289811],[121.064691,14.6292183],[121.0646923,14.6294049],[121.064709,14.6295228],[121.064716,14.629572],[121.064223,14.6296252],[121.0634577,14.6297048],[121.0633079,14.6297193],[121.0632302,14.6297177],[121.0631703,14.6296971],[121.0629871,14.6295822],[121.0627929,14.6294519],[121.0624496,14.6292214],[121.0624149,14.6292474],[121.0622843,14.629345],[121.0622729,14.6293546],[121.0622667,14.6293598],[121.0622339,14.6293725],[121.0620066,14.6290792],[121.0618873,14.6289783],[121.0620055,14.6288549],[121.0621154,14.6287139],[121.0622046,14.628622],[121.0622909,14.628575],[121.0623758,14.6285549],[121.0624383,14.628492],[121.0624742,14.6283942],[121.0624944,14.6282381],[121.0624747,14.6280112],[121.0624751,14.6279386],[121.0624816,14.6278594],[121.0625126,14.6277351],[121.0625455,14.6276451],[121.0625817,14.6275669],[121.062933,14.6276945],[121.063365,14.6277892],[121.0651914,14.628099],[121.0651845,14.6281298]]]}},{"type":"Feature","properties":{"name":"Ramon Magsaysay","osm_id":331584},"geometry":{"type":"Polygon","coordinates":[[[121.0256022,14.6599944],[121.0248165,14.6602162],[121.0247077,14.6602623],[121.0245985,14.6603426],[121.0245377,14.6604318],[121.0244042,14.6603606],[121.0242409,14.6602931],[121.0241318,14.6602696],[121.0239525,14.6602681],[121.0236985,14.6603053],[121.0235291,14.6603644],[121.0234643,14.6603909],[121.023487,14.6605559],[121.0235259,14.6606713],[121.0235688,14.6607709],[121.0236045,14.6608334],[121.0231662,14.6610335],[121.0227083,14.6612377],[121.0223701,14.6613721],[121.0222352,14.6614194],[121.0220706,14.6614182],[121.0220537,14.6616416],[121.0218498,14.6616313],[121.021402,14.6616197],[121.020756,14.6616095],[121.0206377,14.6616023],[121.0204987,14.6615822],[121.0203618,14.6615476],[121.0202583,14.6615213],[121.0198929,14.6613498],[121.0197617,14.6612531],[121.0194901,14.661053],[121.0191746,14.6608349],[121.0189985,14.6606726],[121.0187455,14.6604018],[121.0186384,14.6601653],[121.0185757,14.6598752],[121.018604,14.6595868],[121.0186327,14.6590991],[121.01874,14.6585384],[121.0188294,14.6578816],[121.0188575,14.6576402],[121.019073,14.6576471],[121.0195143,14.6576548],[121.0196921,14.6576553],[121.01996,14.6576544],[121.0202593,14.6576446],[121.0205204,14.6576204],[121.0205936,14.6576165],[121.0216344,14.6574735],[121.0218338,14.6574386],[121.0222457,14.6573526],[121.0236185,14.6570366],[121.0249966,14.6567247],[121.0258624,14.6565279],[121.0259905,14.6564988],[121.0260239,14.6566335],[121.0260496,14.6567403],[121.026422,14.6582909],[121.0264752,14.6585114],[121.0265153,14.6586774],[121.0267167,14.6595069],[121.026729,14.6595567],[121.0268214,14.6599553],[121.0270099,14.6607415],[121.0274154,14.660652],[121.0275662,14.6613036],[121.0275715,14.6613321],[121.0275703,14.6613667],[121.0275589,14.6614095],[121.0275502,14.6614351],[121.0275358,14.6614655],[121.0275156,14.6615014],[121.0274887,14.66154],[121.0274437,14.6616057],[121.0269483,14.6611774],[121.0268917,14.6611287],[121.0267495,14.6609834],[121.026654,14.6608832],[121.0266151,14.6608386],[121.0265766,14.6607917],[121.026545,14.6607452],[121.0265093,14.6606789],[121.0264506,14.6605573],[121.026405,14.660341],[121.0263452,14.6600577],[121.0261534,14.6599918],[121.0257487,14.6598512],[121.0257218,14.6598418],[121.0256022,14.6599944]]]}},{"type":"Feature","properties":{"name":"Rosario","osm_id":6314587},"geometry":{"type":"Polygon","coordinates":[[[121.0904573,14.5979394],[121.0907744,14.5970461],[121.0913733,14.594871],[121.0920918,14.5948835],[121.0926249,14.5948368],[121.092615,14.5964648],[121.0931513,14.59643],[121.0932203,14.5965385],[121.0932713,14.5971583],[121.0935078,14.5981673],[121.0936418,14.5981499],[121.0938298,14.5987104],[121.0939212,14.5989829],[121.0941495,14.5989026],[121.0944543,14.5987953],[121.0951337,14.5985495],[121.0967465,14.5979552],[121.0967745,14.5981065],[121.0983895,14.5976705],[121.0992957,14.5975376],[121.1006689,14.5974617],[121.1006628,14.5977768],[121.1008249,14.5977693],[121.1009307,14.5977632],[121.1011912,14.59792],[121.1013112,14.5977067],[121.102518,14.5975243],[121.1028119,14.5974631],[121.1029354,14.5974769],[121.1037078,14.5966033],[121.1042907,14.5961447],[121.1048862,14.5959295],[121.1051504,14.5958363],[121.1052592,14.5957502],[121.1053656,14.5956929],[121.1057001,14.5956295],[121.1059659,14.5954559],[121.1064907,14.5949431],[121.1068716,14.5946049],[121.1071466,14.5946862],[121.1073289,14.5940001],[121.1074693,14.5938474],[121.1075029,14.5938033],[121.1079016,14.5939906],[121.1084271,14.5931151],[121.1087942,14.5932798],[121.1103043,14.5941063],[121.1103363,14.5934305],[121.1103161,14.5930397],[121.1103306,14.592885],[121.1103845,14.5927062],[121.1105981,14.5921318],[121.1109495,14.5913346],[121.1110273,14.5910769],[121.1109938,14.591006],[121.1108092,14.5908457],[121.1107517,14.5906784],[121.1106281,14.5906235],[121.1099544,14.5900719],[121.1094443,14.5891134],[121.1093541,14.5889153],[121.1093145,14.5888283],[121.1092478,14.5887028],[121.1091755,14.5886151],[121.1090914,14.5885308],[121.1090587,14.5883815],[121.1089561,14.5881974],[121.1087419,14.5878347],[121.1086689,14.5877365],[121.1082316,14.5878405],[121.1057429,14.5884323],[121.102503,14.5891518],[121.1014339,14.5893195],[121.0972961,14.5896809],[121.0955581,14.5898475],[121.0927353,14.5900874],[121.0937359,14.5868148],[121.09453,14.5848641],[121.0953037,14.5831104],[121.0972204,14.5804243],[121.0979957,14.5793379],[121.0961498,14.5782643],[121.0955456,14.5783238],[121.095136,14.5782842],[121.0923709,14.578413],[121.0914166,14.5785788],[121.0915196,14.5788063],[121.0916741,14.5791036],[121.0919377,14.5795097],[121.0919257,14.5795934],[121.0914922,14.5797602],[121.0898592,14.5799443],[121.0891321,14.5799295],[121.0880926,14.579984],[121.0870224,14.5801921],[121.0868929,14.5802596],[121.0869038,14.5802989],[121.0869258,14.580371],[121.0868272,14.5804002],[121.0860531,14.5806291],[121.0859464,14.580341],[121.0858234,14.580408],[121.0856532,14.5805006],[121.0852157,14.5806629],[121.0849663,14.5807465],[121.084557,14.5808497],[121.0841377,14.5809344],[121.0832966,14.5811095],[121.0826573,14.581385],[121.082212,14.5815659],[121.0828314,14.5830679],[121.0833893,14.5856014],[121.0836468,14.5873457],[121.0830518,14.5903997],[121.0827285,14.5921634],[121.0825605,14.5933792],[121.0823165,14.5951453],[121.0823855,14.596288],[121.0843021,14.5962678],[121.0842914,14.595785],[121.0860348,14.5957694],[121.0860295,14.595567],[121.0867728,14.5955585],[121.0887426,14.5955658],[121.0888565,14.5957566],[121.0889918,14.5959833],[121.0893625,14.5965784],[121.0894848,14.5967596],[121.0896162,14.5969119],[121.0896507,14.5969478],[121.089754,14.5970368],[121.0898318,14.5971105],[121.0900254,14.5973478],[121.0904573,14.5979394]]]}},{"type":"Feature","properties":{"name":"Roxas","osm_id":105081},"geometry":{"type":"Polygon","coordinates":[[[121.0156952,14.6305278],[121.0158131,14.6305057],[121.0159733,14.6304696],[121.016391,14.6303756],[121.0170348,14.6302306],[121.0172392,14.6301845],[121.0187507,14.6298442],[121.0188127,14.6298302],[121.0198284,14.6296087],[121.0208408,14.629388],[121.0213128,14.629285],[121.0213873,14.6292688],[121.0217646,14.6291865],[121.0224038,14.6290472],[121.0234434,14.6288205],[121.0234547,14.628818],[121.0239942,14.6287004],[121.0250824,14.6284631],[121.026449,14.6281625],[121.0271865,14.6280104],[121.0281663,14.6278013],[121.0292114,14.6275762],[121.0292689,14.6275667],[121.0295212,14.6274437],[121.0294033,14.626751],[121.0293026,14.6267401],[121.0291276,14.6267167],[121.0289182,14.6266656],[121.0284852,14.6265901],[121.0283525,14.6265661],[121.0282361,14.626562],[121.0280368,14.6265345],[121.0277423,14.6264653],[121.0276263,14.6263747],[121.0274094,14.6261165],[121.0270862,14.6256893],[121.0267943,14.6253035],[121.0263309,14.624988],[121.0260905,14.6250398],[121.0258121,14.6252186],[121.0255226,14.6253993],[121.0252894,14.6254887],[121.0249858,14.6255256],[121.0247865,14.6255548],[121.024505,14.6256388],[121.024183,14.6260002],[121.0239462,14.6262161],[121.0236581,14.626252],[121.0234727,14.6262171],[121.0229749,14.6259679],[121.0222196,14.6258018],[121.0216702,14.6257105],[121.0211151,14.6254564],[121.0208979,14.6254016],[121.0204974,14.6253636],[121.0202203,14.6253694],[121.020076,14.6254073],[121.0200389,14.6256163],[121.0199374,14.6258044],[121.0198081,14.6260438],[121.019652,14.626252],[121.019578,14.6263575],[121.0193645,14.626489],[121.0193284,14.6264969],[121.0189319,14.6265842],[121.0186435,14.6265472],[121.0180751,14.626563],[121.0177125,14.6268244],[121.0172596,14.6275469],[121.0170042,14.6279084],[121.0165819,14.6284986],[121.016383,14.6286306],[121.0162286,14.62874],[121.0161103,14.6288237],[121.0155704,14.6291094],[121.0150786,14.6294279],[121.0148561,14.6297799],[121.0150709,14.6299714],[121.0156952,14.6305278]]]}},{"type":"Feature","properties":{"name":"Sacred Heart","osm_id":275067},"geometry":{"type":"Polygon","coordinates":[[[121.0340544,14.6291511],[121.0340768,14.6292621],[121.0341711,14.6296622],[121.0341909,14.6297465],[121.0342796,14.6301356],[121.0342887,14.6301769],[121.0342947,14.6302014],[121.0343645,14.6305011],[121.0343783,14.6305644],[121.0344054,14.6306719],[121.0345264,14.6311967],[121.0346417,14.6317069],[121.0347659,14.6322421],[121.0348562,14.6326293],[121.0348866,14.6327596],[121.03498,14.6331815],[121.0350103,14.6333186],[121.035136,14.6338419],[121.0351527,14.6339023],[121.0351817,14.6340359],[121.0352425,14.6342948],[121.035362,14.6348547],[121.035878,14.6347354],[121.0359285,14.6347279],[121.0361981,14.6346662],[121.036936,14.6345101],[121.0370546,14.6344812],[121.037233,14.6344371],[121.0374841,14.6343882],[121.0377448,14.6343343],[121.0385196,14.6341575],[121.0395659,14.6339272],[121.0398576,14.6338639],[121.0409662,14.6336235],[121.0409969,14.6336142],[121.0411681,14.6335767],[121.0412488,14.6335594],[121.0412818,14.6335532],[121.0413167,14.6335478],[121.0414722,14.6335164],[121.0416488,14.6334763],[121.0418618,14.6334311],[121.0422256,14.6333517],[121.0425291,14.6332877],[121.0427486,14.633242],[121.0430342,14.6331735],[121.0430987,14.6331607],[121.043373,14.6330946],[121.043474,14.6330732],[121.0435113,14.6330673],[121.0441048,14.6329563],[121.0441932,14.6329543],[121.0442669,14.6329601],[121.0443307,14.6329682],[121.0443981,14.6329809],[121.0444562,14.6329933],[121.0447472,14.6331269],[121.0447685,14.6330947],[121.0447766,14.6330823],[121.0448313,14.6329922],[121.044879,14.6329137],[121.0449804,14.6327291],[121.0450873,14.6325107],[121.0457671,14.631033],[121.0455164,14.6309617],[121.0384957,14.6289831],[121.0363505,14.6283971],[121.0336771,14.6276066],[121.0337966,14.6280823],[121.0339464,14.6286928],[121.0340544,14.6291511]]]}},{"type":"Feature","properties":{"name":"Saint Ignatius","osm_id":106568},"geometry":{"type":"Polygon","coordinates":[[[121.0705654,14.6108169],[121.0704844,14.6113192],[121.0704371,14.6116887],[121.0702613,14.6125207],[121.0701456,14.6132903],[121.0701372,14.6133361],[121.0701075,14.6134987],[121.0700734,14.6136841],[121.0700613,14.6137495],[121.0699696,14.614248],[121.0699635,14.6142827],[121.0699587,14.6143106],[121.0698958,14.6145094],[121.0705064,14.6146138],[121.0706541,14.6146101],[121.0711567,14.6144795],[121.0712836,14.6144528],[121.0713511,14.6144496],[121.0714267,14.6144561],[121.0725283,14.614682],[121.0725887,14.6146958],[121.0726679,14.6147248],[121.0727286,14.6147533],[121.0728239,14.6148016],[121.0728956,14.6148539],[121.0729779,14.6149212],[121.0730542,14.6150024],[121.0731935,14.6151647],[121.0734444,14.6152168],[121.0741586,14.6154015],[121.0742017,14.6152517],[121.0744464,14.6153058],[121.074474,14.6151401],[121.07481,14.6150168],[121.0748704,14.614819],[121.0749823,14.6142395],[121.0752217,14.6129703],[121.0756721,14.6110915],[121.0757479,14.6108352],[121.0753769,14.6107365],[121.0720127,14.610753],[121.0708655,14.6108188],[121.0705654,14.6108169]]]}},{"type":"Feature","properties":{"name":"Saint Peter","osm_id":1588394},"geometry":{"type":"Polygon","coordinates":[[[121.0017254,14.6326998],[121.0020084,14.6321199],[121.0023095,14.6315108],[121.0002649,14.6305834],[120.9999983,14.6311777],[120.9996964,14.6317804],[120.9996109,14.6319669],[120.9995003,14.6321928],[120.9993307,14.6325391],[120.9989473,14.6333221],[120.9988937,14.6334774],[120.998879,14.633478],[120.9988659,14.6334835],[120.9988515,14.6334907],[120.9988424,14.6335046],[120.9981986,14.6348602],[120.9981726,14.6349279],[120.9974604,14.6364943],[120.9971444,14.6371248],[120.9969338,14.6375562],[120.9968167,14.6378275],[120.9983123,14.6380151],[121.0002221,14.6382786],[121.000265,14.6382842],[121.0005069,14.6383159],[121.0009421,14.6383729],[121.0010441,14.6376252],[121.001136,14.6369695],[121.0013579,14.6352833],[121.0015819,14.6336679],[121.0017254,14.6326998]]]}},{"type":"Feature","properties":{"name":"Salvacion","osm_id":1588396},"geometry":{"type":"Polygon","coordinates":[[[120.9904808,14.6252066],[120.9905163,14.6252448],[120.9905558,14.6252874],[120.9907594,14.6254774],[120.9910423,14.6257384],[120.9912387,14.6259081],[120.9913692,14.6260217],[120.9917441,14.6263432],[120.991782,14.6263758],[120.9922627,14.6267866],[120.992335,14.6268526],[120.9925953,14.6270907],[120.992933,14.6273968],[120.993265,14.6277052],[120.9936126,14.6280134],[120.9939518,14.6283252],[120.9942916,14.6286311],[120.9946321,14.6289398],[120.9949528,14.629238],[120.9952877,14.6295389],[120.9953269,14.6295769],[120.9954628,14.6296972],[120.9957071,14.6299212],[120.995828,14.6300384],[120.9963905,14.6288357],[120.9970249,14.6275099],[120.9968161,14.6273283],[120.9964742,14.6270202],[120.9961362,14.6267137],[120.9957816,14.6263924],[120.9954568,14.6260975],[120.9951173,14.6257854],[120.9947739,14.6254764],[120.9944355,14.6251808],[120.9941078,14.6248674],[120.9937701,14.6245732],[120.9934435,14.6242744],[120.9931013,14.6239619],[120.9926283,14.6235315],[120.9918209,14.6241457],[120.9914965,14.6243846],[120.9914118,14.624452],[120.9913338,14.6245156],[120.9905542,14.625143],[120.9904808,14.6252066]]]}},{"type":"Feature","properties":{"name":"San Agustin","osm_id":1751066},"geometry":{"type":"Polygon","coordinates":[[[121.0397334,14.7268438],[121.0394521,14.7265209],[121.0390348,14.7262977],[121.0389222,14.7263639],[121.0386285,14.7262665],[121.0382155,14.7262017],[121.0380048,14.7258975],[121.0378052,14.725845],[121.0375542,14.7257789],[121.0374644,14.7259099],[121.0373104,14.7261798],[121.0363294,14.7260979],[121.0361597,14.7258101],[121.0360202,14.7256467],[121.0358157,14.7253211],[121.0357821,14.7252793],[121.0358589,14.7240308],[121.0353129,14.7240297],[121.0352766,14.7241053],[121.0351899,14.7243223],[121.0350397,14.7244468],[121.0348466,14.7244987],[121.0345247,14.7245091],[121.0343209,14.7241666],[121.0340238,14.7239494],[121.0339548,14.7238923],[121.0337991,14.7237829],[121.0337262,14.7238841],[121.0337475,14.7240648],[121.0337986,14.7242198],[121.0337791,14.7247737],[121.0336986,14.7250318],[121.0335915,14.7251149],[121.0334697,14.7251677],[121.0328827,14.7251584],[121.03278,14.7251615],[121.0313704,14.7260136],[121.0311666,14.7257024],[121.0305529,14.7257488],[121.0305371,14.7259071],[121.030917,14.726564],[121.0308932,14.7273476],[121.0307429,14.7275929],[121.0315027,14.7284002],[121.031843,14.7287485],[121.0319221,14.7294766],[121.0319854,14.7298011],[121.0321358,14.7301731],[121.0320171,14.7303947],[121.0316926,14.7306084],[121.0314789,14.7307667],[121.0320408,14.731012],[121.0321517,14.7314315],[121.0315264,14.731661],[121.0305727,14.731678],[121.0307054,14.7318569],[121.0309747,14.7323659],[121.0308457,14.732682],[121.0362582,14.7380574],[121.0385103,14.740294],[121.038909,14.739963],[121.039221,14.7397119],[121.0394248,14.739706],[121.0394351,14.737755],[121.0394341,14.7358148],[121.038535,14.7358244],[121.0385801,14.7348807],[121.0381155,14.7347706],[121.0383244,14.7345512],[121.0379938,14.7345354],[121.0377287,14.73424],[121.0376692,14.7342024],[121.0376321,14.7340467],[121.037854,14.7340211],[121.0380761,14.7338206],[121.0388367,14.7335077],[121.0389137,14.7328398],[121.0391779,14.7324043],[121.0383709,14.7315364],[121.0372535,14.7310267],[121.0382884,14.730555],[121.0384023,14.7303893],[121.0388874,14.7298568],[121.038925,14.7298116],[121.0390071,14.7293253],[121.0389827,14.7291367],[121.0388126,14.7291038],[121.0387385,14.7290053],[121.0385628,14.7284417],[121.0387346,14.7284522],[121.0389531,14.7284975],[121.039177,14.7277309],[121.0392253,14.7276168],[121.0392635,14.7274917],[121.0392783,14.7271199],[121.0392642,14.7269442],[121.039594,14.7269708],[121.0397334,14.7268438]]]}},{"type":"Feature","properties":{"name":"San Antonio","osm_id":1552388},"geometry":{"type":"Polygon","coordinates":[[[121.0199659,14.6459117],[121.0197437,14.6458771],[121.0195579,14.6458243],[121.0192371,14.6457293],[121.0192015,14.6457208],[121.018974,14.6456495],[121.0187774,14.6455868],[121.0182857,14.6454314],[121.0179712,14.6453496],[121.0178602,14.6453141],[121.0175725,14.6452318],[121.0173662,14.6451765],[121.0173051,14.6451567],[121.0172704,14.6451496],[121.0172334,14.6451488],[121.0171862,14.645147],[121.0171609,14.6451419],[121.0171795,14.6452565],[121.0172123,14.6454548],[121.0172465,14.6456798],[121.0172612,14.6457863],[121.0172781,14.6458966],[121.0172939,14.6459848],[121.0173282,14.6462211],[121.0173783,14.6465439],[121.0173887,14.6465946],[121.0174004,14.6466674],[121.0171283,14.6466814],[121.0165811,14.6467081],[121.015791,14.6468092],[121.015732,14.6468111],[121.0156836,14.6468062],[121.0156428,14.6467923],[121.0155865,14.6467651],[121.014776,14.6463018],[121.0139648,14.6459951],[121.0131505,14.6457863],[121.0123179,14.6456534],[121.0119336,14.6456506],[121.0121419,14.6460358],[121.012288,14.6463628],[121.0123403,14.6465094],[121.0123966,14.646658],[121.0124234,14.6468234],[121.0123577,14.6472529],[121.0122881,14.6476753],[121.0122196,14.6480703],[121.01217,14.648467],[121.0121271,14.6486282],[121.0121069,14.6487204],[121.0121012,14.6488308],[121.0121123,14.6489695],[121.0121575,14.6491267],[121.0121807,14.6491823],[121.012217,14.649229],[121.0124083,14.649333],[121.0125415,14.6493847],[121.0126662,14.6493899],[121.0127869,14.6493886],[121.0129193,14.6494316],[121.0130672,14.64946],[121.0131571,14.6494807],[121.0132466,14.6495237],[121.0133663,14.6496131],[121.0134846,14.6497153],[121.0136683,14.64992],[121.0138188,14.6504193],[121.0143194,14.6531609],[121.0143788,14.6535004],[121.0144377,14.6537272],[121.0145547,14.654032],[121.0146292,14.6541473],[121.0147279,14.6542688],[121.0148343,14.6543547],[121.0150403,14.6544959],[121.0153413,14.6545234],[121.01557,14.6545912],[121.0157574,14.6546929],[121.0158403,14.6547769],[121.0158982,14.6548512],[121.01599,14.6547369],[121.0161645,14.6546862],[121.0163821,14.65466],[121.0164077,14.6546642],[121.0164841,14.6546964],[121.0168208,14.6550591],[121.0170581,14.6551125],[121.0173051,14.6550632],[121.0175761,14.6549844],[121.0178084,14.6549507],[121.0178683,14.6549937],[121.0179449,14.6550273],[121.018013,14.6550329],[121.0180991,14.6550271],[121.0181509,14.6550192],[121.0181983,14.6550059],[121.0182895,14.6549444],[121.0184238,14.6548787],[121.0185553,14.6548475],[121.0186671,14.6548192],[121.0187493,14.654833],[121.0189026,14.6548223],[121.0190519,14.6547822],[121.0191672,14.6547323],[121.0193503,14.6546551],[121.019416,14.6545734],[121.0194844,14.6545033],[121.019581,14.6543801],[121.0196292,14.6543282],[121.0197121,14.6541741],[121.0197163,14.6541111],[121.0197155,14.6540465],[121.0197383,14.6540008],[121.01977,14.653959],[121.0198237,14.6539084],[121.0198746,14.6538039],[121.0199122,14.6537696],[121.0199323,14.6537592],[121.0199651,14.6537657],[121.0201347,14.6538345],[121.020222,14.6539097],[121.0202911,14.6539519],[121.0203923,14.6538792],[121.0204647,14.6537936],[121.0205405,14.6536762],[121.0204151,14.6535867],[121.0204782,14.6534997],[121.0205754,14.6534342],[121.0206659,14.6533933],[121.0207564,14.6532389],[121.0208751,14.6531157],[121.0209663,14.6530456],[121.0210736,14.6529476],[121.0211621,14.6528932],[121.0211968,14.6528737],[121.0212292,14.6528386],[121.0212275,14.6528089],[121.0212153,14.652732],[121.0211911,14.6525886],[121.0211412,14.6523096],[121.0210917,14.6520655],[121.0210557,14.651886],[121.021025,14.6517517],[121.0209874,14.6515665],[121.0209378,14.6512725],[121.0208768,14.6509474],[121.0207853,14.6503812],[121.020693,14.6498626],[121.0206848,14.6498186],[121.0206303,14.6495257],[121.0206185,14.6494604],[121.0204798,14.6486842],[121.0204599,14.6485581],[121.0204067,14.6482783],[121.0203647,14.6480598],[121.0203594,14.6480323],[121.0203341,14.6479011],[121.0202856,14.6475734],[121.0201253,14.6467024],[121.0199659,14.6459117]]]}},{"type":"Feature","properties":{"name":"San Bartolome","osm_id":271002},"geometry":{"type":"Polygon","coordinates":[[[121.0198579,14.7036248],[121.0200902,14.7036547],[121.0205025,14.7037499],[121.020747,14.7038084],[121.0210019,14.7038702],[121.0213328,14.7039074],[121.0221108,14.7038071],[121.0222216,14.7036709],[121.0224269,14.7030731],[121.0226614,14.7024115],[121.0235882,14.7023361],[121.0244882,14.7022582],[121.0250886,14.7022745],[121.0260183,14.702268],[121.0260003,14.7021657],[121.0263227,14.7017582],[121.026434,14.701849],[121.0265272,14.7017354],[121.026972,14.7011391],[121.0270976,14.7006934],[121.0275992,14.7005645],[121.0276272,14.7003574],[121.0277396,14.7002343],[121.0277865,14.7002296],[121.0278093,14.7002729],[121.0282816,14.7002994],[121.0283223,14.700203],[121.0282925,14.7000479],[121.0288833,14.6991261],[121.0292419,14.6991672],[121.0294994,14.6992585],[121.0305294,14.6990012],[121.0308073,14.6990593],[121.0307925,14.6993818],[121.0313062,14.6993467],[121.031742,14.6993117],[121.0321595,14.6994207],[121.0323774,14.6992339],[121.0325253,14.6992806],[121.0325111,14.6995945],[121.0325398,14.699613],[121.0327372,14.6997469],[121.0328767,14.6998208],[121.032988,14.6998506],[121.0331061,14.6998306],[121.0333293,14.6997813],[121.0336237,14.6998247],[121.0336968,14.6998694],[121.033853,14.6998643],[121.0339308,14.6998325],[121.0344328,14.69978],[121.0345356,14.6996659],[121.0348171,14.6998662],[121.0354332,14.6995803],[121.0355857,14.6994939],[121.0357553,14.6991521],[121.0365931,14.6993031],[121.0370751,14.699396],[121.0373931,14.6994582],[121.0379717,14.6995824],[121.0387131,14.6997286],[121.0393129,14.6995139],[121.0397754,14.6993584],[121.0398597,14.6996087],[121.0399299,14.6995906],[121.0407785,14.6999041],[121.0407691,14.6998886],[121.0409944,14.6997939],[121.0410108,14.6998224],[121.0411308,14.6997855],[121.0412733,14.6997679],[121.0413825,14.6997748],[121.0414314,14.6997848],[121.0415434,14.6994038],[121.0415627,14.6993029],[121.0416468,14.699179],[121.0416877,14.6991852],[121.0417394,14.6991287],[121.0418215,14.6990399],[121.0418792,14.6989406],[121.0419529,14.6988521],[121.0421053,14.6986468],[121.0422597,14.6986306],[121.0422812,14.6986556],[121.0424227,14.6986614],[121.0424255,14.6986673],[121.0424637,14.6986663],[121.0424656,14.6986572],[121.0426982,14.6986643],[121.0427153,14.6986741],[121.0427824,14.6986724],[121.0427837,14.6986497],[121.0431167,14.6986514],[121.0431515,14.6986611],[121.0433011,14.698652],[121.0433514,14.6986313],[121.0436138,14.6986107],[121.0441829,14.6991949],[121.0441051,14.6995388],[121.0446816,14.6997015],[121.044619,14.6997946],[121.0461093,14.7005706],[121.0463122,14.7004619],[121.0466552,14.7002382],[121.0467675,14.7001516],[121.046796,14.7001571],[121.0469247,14.7000744],[121.047023,14.7000105],[121.0470488,14.7000459],[121.0473673,14.6998442],[121.0477819,14.699577],[121.0478716,14.6996619],[121.04784,14.6997034],[121.0481951,14.7000245],[121.0482555,14.7001496],[121.0482145,14.7003011],[121.0482001,14.700327],[121.0481512,14.700509],[121.0480431,14.7009135],[121.0474598,14.7016375],[121.0474518,14.7016682],[121.0473914,14.7017527],[121.047323,14.7018754],[121.0473177,14.7021156],[121.0473405,14.7021201],[121.0473664,14.7023599],[121.0477384,14.7024721],[121.047897,14.7023954],[121.0475163,14.7032275],[121.0468517,14.7033249],[121.0467778,14.7040567],[121.0455003,14.704594],[121.0454888,14.7052707],[121.0440479,14.7052824],[121.0419812,14.7052453],[121.0418078,14.7058151],[121.0415217,14.7066561],[121.0415248,14.7075016],[121.0401844,14.7080705],[121.0400809,14.7080861],[121.0396347,14.7080226],[121.0389081,14.7083563],[121.0387662,14.7084187],[121.0387608,14.708583],[121.0384375,14.7090308],[121.03848,14.7091378],[121.0384845,14.709263],[121.0382147,14.7094565],[121.0375888,14.709336],[121.0372903,14.7091637],[121.03699,14.7091458],[121.036688,14.7089056],[121.0366244,14.7089794],[121.0364442,14.709162],[121.0363582,14.7092669],[121.0362553,14.7093446],[121.0350814,14.7094277],[121.0345597,14.7094757],[121.0339713,14.7095436],[121.0338342,14.709774],[121.033562,14.7101886],[121.0335323,14.710492],[121.0331848,14.7105806],[121.0328912,14.7106831],[121.0325778,14.7107582],[121.0323155,14.710777],[121.032077,14.7107634],[121.0316378,14.7106994],[121.0312412,14.7104529],[121.0311279,14.7104447],[121.030941,14.710524],[121.0309143,14.7105568],[121.0308952,14.7106455],[121.0308448,14.7108677],[121.03083,14.71103],[121.0308498,14.7113243],[121.0308177,14.7115253],[121.0304332,14.7119779],[121.0302602,14.7121841],[121.0302126,14.7123197],[121.0301489,14.7125032],[121.0301301,14.7127069],[121.0301154,14.7128937],[121.0300577,14.7130836],[121.0298619,14.7134619],[121.0294864,14.7141586],[121.0293449,14.7144433],[121.0293087,14.7147728],[121.0291542,14.7153668],[121.0290138,14.7156003],[121.0287349,14.7157145],[121.0283289,14.7157662],[121.0281002,14.7157648],[121.0279029,14.7158203],[121.0270821,14.7161971],[121.0266213,14.7163382],[121.0262578,14.7165558],[121.0262522,14.7165584],[121.0258231,14.7167559],[121.0253098,14.7168501],[121.0251415,14.7168735],[121.0250607,14.7168291],[121.0249346,14.716728],[121.0246889,14.7164617],[121.0245484,14.7163751],[121.0244626,14.7163544],[121.0243501,14.7163864],[121.0240012,14.7165438],[121.0238292,14.7165845],[121.0235981,14.7166319],[121.0234165,14.7165983],[121.0233199,14.7164524],[121.0232288,14.7163362],[121.0231121,14.7162296],[121.0226633,14.7159795],[121.0222306,14.7157714],[121.0221755,14.7157449],[121.0220137,14.7156073],[121.0219202,14.7154007],[121.0218662,14.7151714],[121.0217992,14.7147901],[121.0217817,14.7144236],[121.0217616,14.7140793],[121.0217375,14.7138769],[121.0216409,14.7134592],[121.0214748,14.7129387],[121.0213943,14.7127752],[121.0212844,14.7126611],[121.0210365,14.7125168],[121.0207591,14.7123378],[121.0203095,14.7120758],[121.0200982,14.7120057],[121.019994,14.712009],[121.0198659,14.7120799],[121.0197519,14.7121595],[121.0196051,14.7122711],[121.0193949,14.7123653],[121.0191632,14.7123912],[121.0189148,14.7123876],[121.0187083,14.7123581],[121.0186492,14.7123497],[121.0185027,14.7122529],[121.0182083,14.7120395],[121.0180436,14.7118786],[121.0178509,14.7115213],[121.0176605,14.7111685],[121.0175941,14.7108606],[121.0175281,14.7105281],[121.0175394,14.710322],[121.0176712,14.7096067],[121.017741,14.709215],[121.0178876,14.7089756],[121.0182097,14.7085714],[121.0185473,14.7082091],[121.0186826,14.7078134],[121.0188085,14.7076136],[121.0188749,14.7073264],[121.0188682,14.7071598],[121.0189258,14.7069833],[121.0188939,14.7068484],[121.0188954,14.7067631],[121.0188513,14.7066736],[121.0188381,14.7064636],[121.018795,14.7063539],[121.0186705,14.7061385],[121.0185632,14.7059991],[121.0184054,14.7057403],[121.0180179,14.7053009],[121.0177571,14.705007],[121.0176421,14.7046522],[121.0176811,14.7044495],[121.0177136,14.7043496],[121.0177575,14.7042541],[121.017801,14.704162],[121.0178362,14.7040907],[121.0178736,14.7039819],[121.0179092,14.7038465],[121.0179495,14.7037269],[121.0179703,14.703623],[121.017979,14.703501],[121.0179631,14.7033858],[121.0182391,14.7034735],[121.0183135,14.7035407],[121.0184585,14.7036375],[121.0187187,14.703518],[121.0188763,14.7034459],[121.0189555,14.7033939],[121.0189913,14.7033725],[121.0193842,14.7034905],[121.0194527,14.703506],[121.0198579,14.7036248]]]}},{"type":"Feature","properties":{"name":"San Isidro","osm_id":1580785},"geometry":{"type":"Polygon","coordinates":[[[121.010841,14.6126208],[121.0106289,14.6123571],[121.0103876,14.6120807],[121.0101729,14.6118163],[121.0099423,14.6115322],[121.00973,14.6112707],[121.0094996,14.6109869],[121.0092936,14.6107331],[121.0081408,14.6115939],[121.0069471,14.6125167],[121.0052731,14.6139723],[121.0054007,14.6144324],[121.0079283,14.6143947],[121.0079175,14.6140908],[121.0078868,14.6138599],[121.0080743,14.6138894],[121.008493,14.6139613],[121.0087837,14.6139891],[121.0091141,14.6139945],[121.009115,14.6139755],[121.0091217,14.6139502],[121.0091378,14.6139307],[121.0093765,14.6137603],[121.0097009,14.6135077],[121.010841,14.6126208]]]}},{"type":"Feature","properties":{"name":"San Isidro Labrador","osm_id":1588393},"geometry":{"type":"Polygon","coordinates":[[[120.9926283,14.6235315],[120.9931013,14.6239619],[120.9934435,14.6242744],[120.9937701,14.6245732],[120.9941078,14.6248674],[120.9944355,14.6251808],[120.9947739,14.6254764],[120.9951173,14.6257854],[120.9954568,14.6260975],[120.9957816,14.6263924],[120.9961362,14.6267137],[120.9964742,14.6270202],[120.9968161,14.6273283],[120.9970249,14.6275099],[120.9971109,14.6273315],[120.9972676,14.6270115],[120.9976891,14.6261359],[120.9982871,14.6248884],[120.9983498,14.6247664],[120.9989625,14.6234744],[120.9990037,14.6233919],[120.9989363,14.6233504],[120.9987986,14.6232357],[120.9984845,14.6229335],[120.9981379,14.6226179],[120.9978041,14.6223243],[120.9974617,14.6220131],[120.9971249,14.6217055],[120.9968037,14.6214236],[120.9964687,14.6211082],[120.9963908,14.6210352],[120.9963834,14.6210286],[120.9963769,14.6210243],[120.9962922,14.6209439],[120.9962072,14.6208644],[120.9961595,14.6208149],[120.996077,14.6208793],[120.9959497,14.6209761],[120.9953714,14.6214035],[120.9949899,14.6217121],[120.9938174,14.6226095],[120.9926283,14.6235315]]]}},{"type":"Feature","properties":{"name":"San Jose","osm_id":1693445},"geometry":{"type":"Polygon","coordinates":[[[120.9928758,14.6436994],[120.9928964,14.6438027],[120.9937301,14.6438309],[120.9950128,14.6438902],[120.9950789,14.6438221],[120.9951884,14.642999],[120.9954637,14.6409294],[120.9958006,14.6383964],[120.9958838,14.6377089],[120.9954751,14.6376478],[120.9950132,14.6375897],[120.9947919,14.637554],[120.9946394,14.6375245],[120.9944103,14.637474],[120.9943342,14.6374593],[120.9940135,14.6374026],[120.9938417,14.6373436],[120.9936534,14.6372793],[120.9935224,14.6372283],[120.9933392,14.6375973],[120.9932504,14.6376435],[120.9923657,14.6379133],[120.9920194,14.6385471],[120.9913141,14.6398144],[120.9912629,14.6398421],[120.9913863,14.6402168],[120.9915513,14.6406945],[120.9917593,14.6410924],[120.9919297,14.6415352],[120.9921201,14.6419929],[120.9923392,14.642419],[120.9925111,14.6428751],[120.9926892,14.6433075],[120.9928758,14.6436994]]]}},{"type":"Feature","properties":{"name":"San Martin de Porres","osm_id":108743},"geometry":{"type":"Polygon","coordinates":[[[121.052484,14.6164537],[121.0522781,14.616466],[121.0521912,14.6164712],[121.0521659,14.6164724],[121.0519213,14.6164838],[121.0518888,14.6164843],[121.051734,14.6164935],[121.0516436,14.6164982],[121.0515928,14.6164878],[121.0515113,14.6164736],[121.0514216,14.6164373],[121.0512703,14.6163728],[121.0511717,14.6163133],[121.0510157,14.6162192],[121.0508287,14.6160799],[121.050672,14.6159632],[121.0506365,14.6159386],[121.0506116,14.6159201],[121.0504014,14.6157566],[121.0500843,14.61551],[121.0499645,14.6154192],[121.0499206,14.6153822],[121.0498378,14.6153223],[121.0496752,14.6152046],[121.0494281,14.6150179],[121.0491579,14.6148024],[121.0491363,14.6147838],[121.0491162,14.6147673],[121.0489735,14.6146688],[121.0488339,14.6145997],[121.0487179,14.6145579],[121.0486506,14.6145388],[121.0485995,14.6145236],[121.0483844,14.614497],[121.0483612,14.6144958],[121.0481682,14.6145005],[121.0479714,14.614533],[121.0478416,14.6145707],[121.0478223,14.6145775],[121.0477858,14.6145912],[121.0475841,14.6146825],[121.0475461,14.6147001],[121.0474976,14.6147221],[121.0472614,14.6148338],[121.0471305,14.6148954],[121.0470017,14.6149581],[121.0469393,14.6149854],[121.0469815,14.6150452],[121.0471094,14.6152268],[121.0471423,14.6152769],[121.0471572,14.6152997],[121.0472605,14.61546],[121.0473319,14.6155731],[121.047608,14.6159534],[121.048123,14.6166759],[121.0483226,14.6169546],[121.0484766,14.6171829],[121.0485102,14.6172312],[121.0486078,14.6173832],[121.0486762,14.6175418],[121.0488887,14.6183545],[121.0489132,14.6184482],[121.0489941,14.6187095],[121.0490075,14.6189548],[121.049012,14.6190954],[121.0490091,14.6192695],[121.0490141,14.6198326],[121.0490163,14.6200617],[121.0490181,14.6202422],[121.0489905,14.6205723],[121.0489105,14.6208898],[121.0488934,14.620961],[121.0488761,14.6210549],[121.048999,14.6211066],[121.0501155,14.6215921],[121.0508207,14.620041],[121.0513341,14.6189039],[121.0523435,14.6167391],[121.052484,14.6164537]]]}},{"type":"Feature","properties":{"name":"San Roque","osm_id":555349},"geometry":{"type":"Polygon","coordinates":[[[121.0629711,14.6211903],[121.0630409,14.6210341],[121.0631988,14.6206666],[121.0632949,14.6204506],[121.0633163,14.620402],[121.0634106,14.6201825],[121.0634963,14.6199855],[121.0635691,14.6198256],[121.0636724,14.6195904],[121.0638418,14.6192076],[121.0639726,14.6188985],[121.0640511,14.6187136],[121.064878,14.6190547],[121.0651057,14.6185739],[121.0653427,14.6180468],[121.0655732,14.6175267],[121.0656041,14.6174571],[121.0657441,14.6171374],[121.0657824,14.6170499],[121.0659778,14.6166019],[121.0659779,14.6166017],[121.0661826,14.6161202],[121.0663718,14.615675],[121.0664948,14.6153983],[121.0666025,14.6152185],[121.0667278,14.6150631],[121.0667471,14.6150485],[121.0668685,14.6149568],[121.0669556,14.6149113],[121.0670095,14.6148831],[121.0670934,14.6148528],[121.067139,14.6148364],[121.0670151,14.614121],[121.0670939,14.6137985],[121.0663098,14.613608],[121.0657199,14.6134633],[121.0653765,14.613378],[121.0645299,14.6131814],[121.0642083,14.6131008],[121.0641926,14.6130969],[121.0640697,14.6130664],[121.0636503,14.6129621],[121.0634871,14.6129242],[121.0628114,14.6127671],[121.0627345,14.6127492],[121.0627053,14.6128608],[121.0625708,14.613202],[121.0622367,14.6140073],[121.0622034,14.6140901],[121.0619062,14.6147811],[121.0618681,14.6148831],[121.0618413,14.614955],[121.0617538,14.6151663],[121.0616859,14.6153217],[121.0616228,14.6154844],[121.0614978,14.6157915],[121.0614823,14.6158446],[121.0611307,14.6167035],[121.0604844,14.6180513],[121.0600673,14.618923],[121.0594963,14.6200931],[121.0594099,14.6202628],[121.0591885,14.6207365],[121.0590632,14.6209959],[121.0589366,14.6212722],[121.0587955,14.6215488],[121.0587624,14.6216139],[121.058686,14.621772],[121.0585685,14.6220263],[121.0585607,14.6220448],[121.0585013,14.6221691],[121.0583788,14.6224168],[121.0583444,14.6224813],[121.0583173,14.6225353],[121.0582424,14.6226939],[121.0581528,14.6228783],[121.0580894,14.6230153],[121.0579601,14.623275],[121.0578665,14.6234711],[121.0576599,14.6239162],[121.0574312,14.6243904],[121.0572034,14.6248429],[121.0571745,14.6248966],[121.0575009,14.6250417],[121.0604137,14.6265158],[121.0604418,14.6264571],[121.06046,14.6264257],[121.0606584,14.6260307],[121.0606983,14.6259485],[121.0608864,14.6255653],[121.060946,14.6254355],[121.0609923,14.625335],[121.0610599,14.6251929],[121.0610854,14.625144],[121.061122,14.6250716],[121.0613094,14.6246841],[121.0614265,14.6244375],[121.0615695,14.6241366],[121.0615879,14.6240986],[121.061609,14.6240535],[121.0616729,14.6239244],[121.0618202,14.6236145],[121.0618415,14.6235721],[121.0618619,14.6235229],[121.0619882,14.6232536],[121.0620069,14.6232146],[121.0620677,14.6230881],[121.0621377,14.6229413],[121.0624393,14.6223169],[121.0625063,14.6221719],[121.0627302,14.6217081],[121.0627981,14.6215625],[121.0629711,14.6211903]]]}},{"type":"Feature","properties":{"name":"San Vicente","osm_id":401157},"geometry":{"type":"Polygon","coordinates":[[[121.0539629,14.6544013],[121.0551055,14.6546247],[121.0559553,14.6547077],[121.0575614,14.6541218],[121.0576135,14.6539559],[121.0577304,14.6532857],[121.0579216,14.6530724],[121.0579272,14.6530008],[121.0579446,14.6527777],[121.0579876,14.6525685],[121.058109,14.6522964],[121.0581448,14.6522163],[121.0581529,14.6521981],[121.0581732,14.6521527],[121.0582251,14.6518619],[121.0581381,14.6519012],[121.0581071,14.651931],[121.0580845,14.6519641],[121.0580593,14.6520368],[121.0579894,14.6521182],[121.0579418,14.6521452],[121.0578635,14.6521702],[121.0577581,14.6522038],[121.0576027,14.652209],[121.0572132,14.652211],[121.0571283,14.6522155],[121.0570454,14.6521997],[121.0569554,14.6521827],[121.0566232,14.6521702],[121.0564875,14.6521546],[121.0561851,14.6520887],[121.0557921,14.6520802],[121.0556315,14.6521141],[121.0556102,14.6521272],[121.055564,14.6521731],[121.0553819,14.6524374],[121.0553049,14.6525619],[121.0549996,14.652558],[121.0548479,14.6524781],[121.0546606,14.6523442],[121.0545515,14.6523826],[121.0542953,14.6524751],[121.0540807,14.652444],[121.0539599,14.6522392],[121.0538387,14.6521443],[121.0536515,14.6522468],[121.0535764,14.6525685],[121.0534799,14.6528384],[121.0534378,14.6529197],[121.0534155,14.6530149],[121.0532331,14.653129],[121.0530219,14.6532426],[121.0528791,14.6534093],[121.0527342,14.6536001],[121.0532579,14.6539216],[121.0539629,14.6544013]]]}},{"type":"Feature","properties":{"name":"Sangandaan","osm_id":1751067},"geometry":{"type":"Polygon","coordinates":[[[121.0248409,14.6790832],[121.0250119,14.6790233],[121.0249528,14.6789172],[121.0248783,14.6788202],[121.0245425,14.6783992],[121.0244795,14.6782738],[121.0244309,14.678177],[121.0243613,14.6779401],[121.0243112,14.6777837],[121.0242976,14.6776306],[121.0242894,14.6775391],[121.0242859,14.677295],[121.0243289,14.6771716],[121.0244037,14.6769806],[121.0244746,14.6767683],[121.0245328,14.6765057],[121.0246051,14.6764183],[121.0248657,14.6762494],[121.0249179,14.6761448],[121.0247892,14.6759414],[121.0246076,14.6757678],[121.0244911,14.67569],[121.0239561,14.6754512],[121.0239028,14.6754253],[121.0237361,14.6753443],[121.0236923,14.6752631],[121.0237437,14.6751289],[121.0238601,14.674937],[121.0240186,14.6747333],[121.0241917,14.6745092],[121.0242862,14.6743383],[121.0243888,14.6742724],[121.024657,14.6742734],[121.0247844,14.6742682],[121.0248488,14.6742267],[121.0249289,14.6742093],[121.0250688,14.674202],[121.0251573,14.6741203],[121.0252042,14.6740152],[121.0252623,14.6739753],[121.025292,14.6739128],[121.0253527,14.6738082],[121.0253799,14.6737285],[121.025349,14.6736299],[121.0253452,14.6735682],[121.0250969,14.6733211],[121.0250339,14.6732699],[121.0248829,14.6731387],[121.0248569,14.673098],[121.0247811,14.6727707],[121.0247749,14.6724001],[121.0247281,14.672278],[121.0246799,14.6722076],[121.024653,14.6721561],[121.0246047,14.6721288],[121.024542,14.6721237],[121.0244626,14.6721379],[121.0243392,14.6722028],[121.0242641,14.67223],[121.0241941,14.6722405],[121.0236183,14.6719792],[121.0235466,14.6719226],[121.0235171,14.6718629],[121.0234688,14.6717435],[121.0234569,14.6715704],[121.0233131,14.671177],[121.0232154,14.6709223],[121.0231347,14.6707938],[121.0228157,14.6705727],[121.0222647,14.6703101],[121.0220486,14.6701854],[121.021834,14.6701189],[121.0216463,14.6700764],[121.0213512,14.6700453],[121.0209157,14.6700172],[121.0205466,14.6699492],[121.0203878,14.6699314],[121.0202736,14.6699447],[121.0201306,14.670008],[121.0199491,14.6700167],[121.0196923,14.6699888],[121.0195343,14.6699324],[121.0192473,14.6697818],[121.0191679,14.6697105],[121.0190588,14.6694782],[121.0189855,14.6692954],[121.0188929,14.6691849],[121.0182584,14.668609],[121.0179526,14.6683146],[121.0178683,14.6681686],[121.0175954,14.6678617],[121.017527,14.6677817],[121.0174519,14.6677968],[121.0173705,14.6678553],[121.0172672,14.6679532],[121.0172159,14.6680066],[121.017164,14.6680531],[121.017097,14.6680882],[121.0169978,14.6681144],[121.0169081,14.6681305],[121.0168062,14.668152],[121.0167274,14.668183],[121.0166654,14.668216],[121.0165246,14.6682989],[121.0165003,14.6683147],[121.0164112,14.6683672],[121.0160938,14.6685684],[121.0157995,14.6687442],[121.0157388,14.6687785],[121.0156845,14.6688112],[121.0155616,14.6688824],[121.0157056,14.6691843],[121.0158084,14.6694014],[121.0157883,14.669451],[121.0157449,14.6695478],[121.0155599,14.669728],[121.0156386,14.6697577],[121.0158746,14.670038],[121.0162608,14.6703182],[121.0163302,14.6716693],[121.01645,14.6723571],[121.0174911,14.6724896],[121.0170668,14.6736973],[121.0166752,14.6734131],[121.0167405,14.6746068],[121.0168022,14.6752166],[121.0169096,14.6758082],[121.0170626,14.6779145],[121.0171803,14.6780483],[121.0172711,14.678153],[121.0174192,14.6783319],[121.0175525,14.6784886],[121.017635,14.6785849],[121.0177321,14.6786965],[121.0180197,14.6790392],[121.01813,14.6791702],[121.0184058,14.6795012],[121.0185905,14.6797169],[121.0186269,14.6797566],[121.0186817,14.6798245],[121.0188223,14.6799928],[121.018837,14.6800122],[121.018905,14.6800915],[121.0190676,14.6800701],[121.0191609,14.6800579],[121.0192235,14.6800468],[121.0193552,14.6800256],[121.0193609,14.6800247],[121.0194718,14.6800069],[121.0195974,14.6799867],[121.0197968,14.6799551],[121.0199641,14.6799286],[121.0200894,14.6799077],[121.0204229,14.6798541],[121.0206138,14.679822],[121.0208399,14.679784],[121.0208582,14.6797809],[121.021042,14.6797568],[121.0212471,14.6797234],[121.0215598,14.6796666],[121.0217002,14.679644],[121.0221626,14.6796009],[121.0224056,14.6795744],[121.0225563,14.6795615],[121.0228597,14.6795341],[121.0229305,14.6795314],[121.0231999,14.6794995],[121.0233871,14.6794733],[121.0234318,14.6794689],[121.0234825,14.6794617],[121.0237646,14.6793868],[121.0239588,14.6793294],[121.0241044,14.6792824],[121.0244921,14.6791776],[121.0247169,14.6791159],[121.0247901,14.679097],[121.0248409,14.6790832]]]}},{"type":"Feature","properties":{"name":"Santa Cruz","osm_id":104865},"geometry":{"type":"Polygon","coordinates":[[[121.0195123,14.6378541],[121.019184,14.6373331],[121.0189743,14.6368161],[121.018897,14.6366075],[121.0188232,14.6361549],[121.0189248,14.6357515],[121.0189739,14.6354253],[121.0189473,14.6353312],[121.0188455,14.635173],[121.0186175,14.6350114],[121.0184531,14.6349609],[121.0182533,14.6349571],[121.0181724,14.6349792],[121.0179426,14.6349989],[121.0177965,14.6349871],[121.0173411,14.6348575],[121.0172451,14.6347373],[121.0172018,14.6345735],[121.0172471,14.6335421],[121.0172321,14.633398],[121.0171692,14.6332087],[121.0169371,14.6330497],[121.016723,14.6330653],[121.0164731,14.6332127],[121.0162401,14.6333012],[121.0160855,14.6333206],[121.016001,14.6332744],[121.0158544,14.6331943],[121.0156656,14.6330746],[121.0153983,14.6328607],[121.0151554,14.6326318],[121.0150843,14.632489],[121.0152593,14.6321002],[121.0154224,14.631469],[121.0152662,14.6311521],[121.0150497,14.6308846],[121.0148638,14.6306238],[121.0147763,14.63042],[121.0147459,14.6302077],[121.0148561,14.6297799],[121.0150709,14.6299714],[121.0156952,14.6305278],[121.016234,14.630954],[121.0170097,14.6315147],[121.0172318,14.6316579],[121.0185684,14.6325308],[121.0188431,14.6326978],[121.0191773,14.6329011],[121.0199666,14.6333811],[121.021139,14.6341135],[121.0216384,14.6344255],[121.0217941,14.6345218],[121.0248578,14.6364162],[121.025958,14.6370718],[121.0260926,14.6371518],[121.0260357,14.6372282],[121.0259697,14.6373824],[121.0259473,14.6374777],[121.0259367,14.6375482],[121.0259345,14.6376],[121.0259318,14.6376414],[121.0259321,14.6377159],[121.0259381,14.637798],[121.0258609,14.6378386],[121.0255211,14.6379088],[121.0253936,14.6379431],[121.0252816,14.6379697],[121.0252083,14.6379923],[121.025155,14.6380117],[121.0250087,14.6380492],[121.0249005,14.638079],[121.0246691,14.6381377],[121.0245286,14.6381673],[121.024429,14.6381752],[121.0243941,14.6382388],[121.0243674,14.6383197],[121.0243673,14.6383997],[121.024398,14.6384588],[121.0244384,14.6385282],[121.0244911,14.6386028],[121.0245162,14.6386644],[121.0245148,14.6387059],[121.0243901,14.6390414],[121.0241611,14.6392312],[121.0239041,14.639296],[121.0236431,14.6392808],[121.0233001,14.6391724],[121.0228828,14.6392545],[121.022659,14.6392882],[121.022432,14.6392841],[121.0222398,14.6392763],[121.0220915,14.6392604],[121.0220235,14.639265],[121.0219408,14.6392617],[121.0218537,14.639211],[121.0217526,14.6392065],[121.0216371,14.6392306],[121.0215379,14.6392862],[121.0213737,14.6394111],[121.021146,14.6394272],[121.0209663,14.6393707],[121.0204623,14.6393541],[121.0201362,14.639188],[121.0200503,14.6391341],[121.0199511,14.6390212],[121.0198773,14.6387514],[121.0197338,14.6384075],[121.0196202,14.6380384],[121.0195123,14.6378541]]]}},{"type":"Feature","properties":{"name":"Santa Lucia","osm_id":1751068},"geometry":{"type":"Polygon","coordinates":[[[121.0571029,14.7054296],[121.0571199,14.7045937],[121.0558686,14.7045504],[121.054622,14.704524],[121.0529031,14.704501],[121.0526078,14.7041024],[121.0526141,14.7040803],[121.0510553,14.7040487],[121.0507792,14.7038397],[121.0509168,14.7036095],[121.0508987,14.7034527],[121.0502169,14.7029572],[121.0500954,14.7027505],[121.0499797,14.7025537],[121.0497494,14.7023637],[121.0496878,14.7023129],[121.0493874,14.7021884],[121.0491729,14.702122],[121.0489154,14.7021386],[121.0484921,14.7021705],[121.0480415,14.7022652],[121.047897,14.7023954],[121.0475163,14.7032275],[121.0468517,14.7033249],[121.0467778,14.7040567],[121.0455003,14.704594],[121.0468975,14.7050443],[121.0474573,14.7053168],[121.0472436,14.7061441],[121.0472437,14.7061633],[121.0471759,14.7063696],[121.047172,14.7070541],[121.0468812,14.7074933],[121.0468267,14.7079836],[121.0467387,14.7084147],[121.0466027,14.7087975],[121.0465679,14.7088773],[121.0465237,14.708988],[121.0465472,14.7090729],[121.0466418,14.7091216],[121.0467319,14.7091885],[121.0467944,14.7093433],[121.0467645,14.709431],[121.0466762,14.7095276],[121.0464922,14.709637],[121.0459819,14.7097493],[121.0459727,14.7098169],[121.0460219,14.7098539],[121.0460159,14.7099082],[121.0460252,14.7099786],[121.0460252,14.7100798],[121.0460581,14.7100518],[121.0461331,14.7100018],[121.0463109,14.7099967],[121.04674,14.7099718],[121.0471017,14.7099751],[121.0473701,14.7099971],[121.0475299,14.7100075],[121.0476511,14.7099683],[121.0478966,14.7098479],[121.0480841,14.7097442],[121.0481756,14.7097397],[121.0483451,14.7098081],[121.0485135,14.7099462],[121.048758,14.7101643],[121.0490738,14.7103636],[121.0491101,14.7103735],[121.0493054,14.7104269],[121.0497111,14.7103452],[121.0501809,14.7104382],[121.0506484,14.7104971],[121.0508377,14.710383],[121.0510239,14.710052],[121.0511934,14.7097725],[121.0514618,14.7095386],[121.0517011,14.7094495],[121.0518074,14.709502],[121.0519725,14.70958],[121.0520596,14.7096098],[121.0521124,14.7096219],[121.0521652,14.7095962],[121.0522592,14.7094444],[121.0523142,14.70919],[121.0524106,14.7090502],[121.0525775,14.7089945],[121.0526702,14.7089754],[121.0529393,14.7089201],[121.0531008,14.7088776],[121.0532718,14.7087518],[121.0533839,14.7086937],[121.0534605,14.7086639],[121.0536182,14.7086144],[121.0537644,14.7086014],[121.054073,14.7085961],[121.0542782,14.708616],[121.0545786,14.7086114],[121.0547105,14.7086],[121.0547948,14.7085687],[121.0549039,14.7084905],[121.0549757,14.7084292],[121.0551175,14.7082791],[121.0551989,14.7081649],[121.055261,14.70808],[121.0553388,14.707984],[121.0554126,14.7078776],[121.0554575,14.7077537],[121.0554233,14.7075871],[121.0554247,14.7074988],[121.055469,14.7073983],[121.0555469,14.7072759],[121.0556805,14.7071274],[121.0557445,14.7070507],[121.0558208,14.7069037],[121.0559899,14.7066667],[121.0560971,14.7065236],[121.0563795,14.7061468],[121.0566337,14.7058723],[121.0571029,14.7054296]]]}},{"type":"Feature","properties":{"name":"Santa Monica","osm_id":1751069},"geometry":{"type":"Polygon","coordinates":[[[121.0533787,14.7121965],[121.0533801,14.7116309],[121.0533582,14.7114735],[121.0534046,14.7113203],[121.0533891,14.7110888],[121.0535266,14.7108964],[121.0533908,14.7107325],[121.0533687,14.709918],[121.0533575,14.709866],[121.0533537,14.7097724],[121.0533523,14.7095],[121.0533434,14.7094989],[121.0533405,14.7093735],[121.0533278,14.7087807],[121.0532718,14.7087518],[121.0531008,14.7088776],[121.0529393,14.7089201],[121.0526702,14.7089754],[121.0525775,14.7089945],[121.0524106,14.7090502],[121.0523142,14.70919],[121.0522592,14.7094444],[121.0521652,14.7095962],[121.0521124,14.7096219],[121.0520596,14.7096098],[121.0519725,14.70958],[121.0518074,14.709502],[121.0517011,14.7094495],[121.0514618,14.7095386],[121.0511934,14.7097725],[121.0510239,14.710052],[121.0508377,14.710383],[121.0506484,14.7104971],[121.0501809,14.7104382],[121.0497111,14.7103452],[121.0493054,14.7104269],[121.0491101,14.7103735],[121.0490738,14.7103636],[121.048758,14.7101643],[121.0485135,14.7099462],[121.0483451,14.7098081],[121.0481756,14.7097397],[121.0480841,14.7097442],[121.0478966,14.7098479],[121.0476511,14.7099683],[121.0475299,14.7100075],[121.0473701,14.7099971],[121.0471017,14.7099751],[121.04674,14.7099718],[121.0463109,14.7099967],[121.0461331,14.7100018],[121.0460581,14.7100518],[121.0460252,14.7100798],[121.045984,14.7102054],[121.0460574,14.7104115],[121.046219,14.7105981],[121.046361,14.7107014],[121.0467486,14.7109051],[121.0469001,14.7110597],[121.0470558,14.7112651],[121.0470603,14.7113701],[121.0468657,14.7118121],[121.046788,14.7119105],[121.04668,14.7120473],[121.0463628,14.7122458],[121.0461321,14.7125295],[121.0459071,14.712751],[121.04565,14.7128774],[121.0452638,14.7129189],[121.0449875,14.7128681],[121.0446371,14.7126643],[121.0444294,14.7125356],[121.0441094,14.7122657],[121.0436705,14.7119655],[121.0434683,14.7119706],[121.0434184,14.7119718],[121.0432508,14.7120946],[121.0431034,14.7122324],[121.0429966,14.7123962],[121.0429383,14.7125755],[121.0429079,14.7127791],[121.0429966,14.7130402],[121.0431543,14.7133731],[121.0432095,14.7135],[121.0432103,14.7136163],[121.0430658,14.7139198],[121.0428879,14.7146356],[121.0428612,14.7148887],[121.0429258,14.7150544],[121.0430697,14.7151967],[121.0434241,14.7154815],[121.0436062,14.7155733],[121.0438905,14.7157166],[121.0442338,14.7158245],[121.0443492,14.7159932],[121.0443099,14.7161024],[121.0441341,14.7162898],[121.0440041,14.7165224],[121.0439937,14.7165682],[121.0438154,14.7173538],[121.0437188,14.717601],[121.0436498,14.7178396],[121.0434931,14.7184845],[121.0434293,14.7185908],[121.0433855,14.7186606],[121.0433491,14.718696],[121.0432445,14.7187068],[121.0430669,14.7186606],[121.0427013,14.7184907],[121.042527,14.7184298],[121.0421883,14.7183594],[121.0420877,14.7183753],[121.0418588,14.7185368],[121.0417516,14.7185946],[121.0415498,14.7187822],[121.0413025,14.7189784],[121.0411167,14.7190563],[121.0411341,14.7191284],[121.0411506,14.719245],[121.0410552,14.7195603],[121.0407671,14.7198637],[121.040668,14.7200769],[121.0406792,14.720116],[121.0407818,14.7202548],[121.0407576,14.7203646],[121.040659,14.7205963],[121.0405143,14.7208644],[121.0404705,14.7210346],[121.0404834,14.7210849],[121.0405867,14.7212444],[121.0405827,14.7213999],[121.0405612,14.7215226],[121.0405099,14.721606],[121.0404619,14.721727],[121.0404291,14.7218028],[121.040378,14.7219648],[121.0403964,14.722652],[121.0401052,14.7228387],[121.0400968,14.7231187],[121.0400871,14.723358],[121.0400511,14.7235733],[121.0400958,14.7238282],[121.040032,14.7240537],[121.0399801,14.7245093],[121.0397756,14.7247834],[121.0396643,14.7253089],[121.0396319,14.7253637],[121.0394017,14.7255823],[121.0391757,14.725797],[121.0390348,14.7262977],[121.0394521,14.7265209],[121.0397334,14.7268438],[121.0398862,14.7266965],[121.0403106,14.7268847],[121.0404521,14.7267953],[121.0407539,14.7270099],[121.0407911,14.72714],[121.0408,14.7273625],[121.0409215,14.7277631],[121.0410235,14.7280834],[121.0413196,14.7282119],[121.0413811,14.7280834],[121.0416158,14.7284019],[121.0417275,14.7281504],[121.041979,14.7281057],[121.0426719,14.7279604],[121.0427781,14.7279157],[121.0428507,14.7277146],[121.0430183,14.7276866],[121.0430183,14.7272787],[121.0430803,14.7270346],[121.0429927,14.7266056],[121.0428934,14.726579],[121.0428798,14.7261226],[121.042735,14.725989],[121.0427309,14.7257257],[121.0429147,14.7255778],[121.0429384,14.7253844],[121.043284,14.7255904],[121.0436042,14.7256954],[121.0438677,14.7258017],[121.0441892,14.726193],[121.0442177,14.7263085],[121.0445374,14.7265742],[121.0447322,14.7266319],[121.0448984,14.7267414],[121.045066,14.7267583],[121.0453019,14.7267739],[121.0455247,14.7267738],[121.0471929,14.7267937],[121.0474437,14.7267891],[121.0478683,14.7268053],[121.0487185,14.7267596],[121.0496433,14.7267623],[121.0499034,14.7258944],[121.0502654,14.7247504],[121.0504733,14.7240163],[121.0507481,14.7230576],[121.0513267,14.722261],[121.0487152,14.722219],[121.048693,14.7211262],[121.0487126,14.7207883],[121.0487113,14.7184144],[121.0487081,14.7181592],[121.0486784,14.7153698],[121.0506302,14.7153444],[121.0509319,14.7153381],[121.052008,14.7153566],[121.0521207,14.7149227],[121.0521128,14.7137903],[121.0519004,14.7134727],[121.0516372,14.7132095],[121.05334,14.713225],[121.0533739,14.7127719],[121.0534003,14.7124593],[121.0533787,14.7121965]]]}},{"type":"Feature","properties":{"name":"Santa Teresita","osm_id":1588390},"geometry":{"type":"Polygon","coordinates":[[[121.0035908,14.6195014],[121.0035437,14.6195676],[121.0027067,14.6212663],[121.0024455,14.6218717],[121.0020851,14.6226517],[121.0018988,14.6230473],[121.0016902,14.6234829],[121.0012307,14.6244228],[121.0004279,14.6240606],[120.9998902,14.6238214],[120.9997077,14.6237363],[120.9996441,14.6237083],[120.9995895,14.6236867],[120.9990522,14.6234188],[120.9990037,14.6233919],[120.9989363,14.6233504],[120.9987986,14.6232357],[120.9984845,14.6229335],[120.9981379,14.6226179],[120.9978041,14.6223243],[120.9974617,14.6220131],[120.9971249,14.6217055],[120.9968037,14.6214236],[120.9964687,14.6211082],[120.9963908,14.6210352],[120.9963834,14.6210286],[120.9963769,14.6210243],[120.9962922,14.6209439],[120.9962072,14.6208644],[120.9961595,14.6208149],[120.9962762,14.6207256],[120.9963925,14.6206346],[120.9971376,14.6200475],[120.9972557,14.6199604],[120.9973311,14.6198972],[120.9974951,14.6197686],[120.9976895,14.6195797],[120.9978929,14.6193355],[121.0009647,14.6170829],[121.0014651,14.6175307],[121.0016784,14.6177855],[121.0035908,14.6195014]]]}},{"type":"Feature","properties":{"name":"Santo Cristo","osm_id":534737},"geometry":{"type":"Polygon","coordinates":[[[121.0265118,14.6626727],[121.0268298,14.6623139],[121.0271343,14.6619573],[121.0274437,14.6616057],[121.0274887,14.66154],[121.0275156,14.6615014],[121.0275358,14.6614655],[121.0275502,14.6614351],[121.0275589,14.6614095],[121.0275703,14.6613667],[121.0275715,14.6613321],[121.0275662,14.6613036],[121.0274154,14.660652],[121.0270099,14.6607415],[121.0268214,14.6599553],[121.026729,14.6595567],[121.0267167,14.6595069],[121.0265153,14.6586774],[121.0264752,14.6585114],[121.026422,14.6582909],[121.0260496,14.6567403],[121.0260239,14.6566335],[121.0259905,14.6564988],[121.026461,14.6563959],[121.0265891,14.656368],[121.0281126,14.6560375],[121.0284879,14.6559561],[121.0288787,14.655868],[121.0292075,14.6557932],[121.029369,14.6557565],[121.0294198,14.655745],[121.0296247,14.6556985],[121.0296963,14.6557023],[121.0297883,14.6556731],[121.0298644,14.6556446],[121.0299396,14.6556049],[121.0300067,14.655559],[121.0304358,14.6555309],[121.0304902,14.6555193],[121.0307175,14.6554706],[121.0333073,14.6549241],[121.0333309,14.6550614],[121.0333965,14.6553423],[121.0334186,14.6554398],[121.0334695,14.655665],[121.0334733,14.6556813],[121.0338317,14.6572756],[121.0341325,14.658591],[121.0342588,14.6591436],[121.0342629,14.6591634],[121.0342406,14.6591682],[121.0340519,14.6592072],[121.033959,14.6592277],[121.0338159,14.659256],[121.0336419,14.659292],[121.0335114,14.6593193],[121.0334565,14.6593307],[121.0327604,14.6594795],[121.0324493,14.6595448],[121.0316684,14.6597145],[121.0314151,14.659769],[121.0311072,14.659834],[121.0309204,14.6598732],[121.0310246,14.6603218],[121.0313545,14.6617405],[121.0314595,14.6622128],[121.0316267,14.6629435],[121.031871,14.6640049],[121.0322068,14.6653415],[121.0323271,14.6656766],[121.0322194,14.6655582],[121.0321349,14.6654542],[121.0320612,14.665339],[121.0319662,14.6651857],[121.0319129,14.6650709],[121.0318026,14.6648302],[121.0316784,14.6646172],[121.0313391,14.6641359],[121.031293,14.664069],[121.0312484,14.6640044],[121.0311737,14.6639166],[121.0310591,14.6638172],[121.0309635,14.6637628],[121.0308402,14.6637338],[121.0307255,14.6637181],[121.0305337,14.6637138],[121.0303429,14.6636802],[121.0301506,14.6636046],[121.0300481,14.663551],[121.0299582,14.6634915],[121.029866,14.6633992],[121.0297893,14.6633089],[121.0296709,14.6631884],[121.0294983,14.6630536],[121.0292919,14.6629679],[121.0291456,14.662927],[121.0289893,14.6629007],[121.0287896,14.6628686],[121.0285316,14.6628561],[121.028349,14.6628746],[121.028226,14.662903],[121.0281222,14.6629511],[121.0280098,14.663038],[121.0278953,14.6631404],[121.0277839,14.663249],[121.0275766,14.6634041],[121.0274917,14.6634635],[121.0273934,14.6635021],[121.0272546,14.6635186],[121.0271153,14.6635161],[121.026955,14.6634851],[121.0268248,14.6634126],[121.0267145,14.6633348],[121.0266323,14.6632644],[121.0265645,14.6631877],[121.0264359,14.6630118],[121.0263588,14.6628226],[121.0265118,14.6626727]]]}},{"type":"Feature","properties":{"name":"Santo Domingo","osm_id":104861},"geometry":{"type":"Polygon","coordinates":[[[121.0079581,14.6235801],[121.0080124,14.6235279],[121.01328,14.6283278],[121.0145757,14.6294953],[121.0148561,14.6297799],[121.0147459,14.6302077],[121.0147763,14.63042],[121.0148638,14.6306238],[121.0147702,14.6306487],[121.0139785,14.6308084],[121.0136819,14.6308335],[121.0120123,14.6300031],[121.0118206,14.6299695],[121.0116858,14.630009],[121.0113963,14.6302689],[121.011114,14.6305429],[121.0110491,14.6305924],[121.0102018,14.6313024],[121.0099159,14.6315876],[121.0096325,14.6319746],[121.0094558,14.6322185],[121.0092827,14.6325127],[121.009179,14.6327343],[121.0091049,14.6329613],[121.0090686,14.6331748],[121.0089403,14.634242],[121.0088034,14.6358797],[121.0086795,14.6358712],[121.0078275,14.6354855],[121.0072153,14.6351988],[121.0071491,14.6351678],[121.0066875,14.6349516],[121.0060286,14.634658],[121.0053573,14.6343523],[121.0047241,14.634054],[121.0046914,14.6340392],[121.0041084,14.6337892],[121.0035063,14.633522],[121.0029133,14.6332492],[121.0028057,14.6331989],[121.0023183,14.6329815],[121.0017254,14.6326998],[121.0020084,14.6321199],[121.0023095,14.6315108],[121.0026091,14.6308632],[121.0029295,14.6302065],[121.0032564,14.6295134],[121.0035861,14.6288284],[121.0038133,14.6283439],[121.0039192,14.6281271],[121.0039885,14.627976],[121.0041256,14.6277037],[121.0042762,14.6274717],[121.0047759,14.6268896],[121.0052266,14.6264184],[121.0055993,14.6260411],[121.0064486,14.6251445],[121.0079581,14.6235801]]]}},{"type":"Feature","properties":{"name":"Santo Niño","osm_id":1580778},"geometry":{"type":"Polygon","coordinates":[[[121.01205,14.6146041],[121.0119654,14.6145822],[121.0116993,14.6145186],[121.0112391,14.6144133],[121.0104317,14.61423],[121.0103524,14.6142137],[121.0100625,14.614148],[121.0097532,14.6140779],[121.0096569,14.6140557],[121.0093463,14.613995],[121.0091411,14.6139942],[121.0091141,14.6139945],[121.009115,14.6139755],[121.0091217,14.6139502],[121.0091378,14.6139307],[121.0093765,14.6137603],[121.0097009,14.6135077],[121.010841,14.6126208],[121.0106289,14.6123571],[121.0103876,14.6120807],[121.0101729,14.6118163],[121.0099423,14.6115322],[121.00973,14.6112707],[121.0094996,14.6109869],[121.0092936,14.6107331],[121.0104299,14.6098411],[121.0139822,14.607205],[121.0139692,14.6072888],[121.0138587,14.6079984],[121.0138099,14.6083123],[121.0137721,14.6085678],[121.0137368,14.6087883],[121.013729,14.6088356],[121.0136996,14.6089691],[121.0135715,14.6092402],[121.0135026,14.6093669],[121.0133521,14.6096136],[121.0133359,14.6096576],[121.0133259,14.6097149],[121.0133006,14.6100831],[121.0132719,14.6103945],[121.0132711,14.6104004],[121.0132646,14.6104496],[121.0132534,14.6105678],[121.0132038,14.6108265],[121.0130675,14.6113286],[121.0129912,14.6115444],[121.0128705,14.6119686],[121.0127606,14.612324],[121.0126858,14.6125929],[121.0126538,14.6126939],[121.0125748,14.6129429],[121.0125599,14.6129876],[121.0124862,14.6132091],[121.0121971,14.61414],[121.0121887,14.6141662],[121.0121617,14.6142501],[121.0121109,14.6144075],[121.0120735,14.6145234],[121.01205,14.6146041]]]}},{"type":"Feature","properties":{"name":"Santol","osm_id":1580780},"geometry":{"type":"Polygon","coordinates":[[[121.0121971,14.61414],[121.0124862,14.6132091],[121.0125599,14.6129876],[121.0125748,14.6129429],[121.0126538,14.6126939],[121.0126858,14.6125929],[121.0127606,14.612324],[121.0128705,14.6119686],[121.0129912,14.6115444],[121.0130675,14.6113286],[121.0132038,14.6108265],[121.0132534,14.6105678],[121.0132646,14.6104496],[121.0132711,14.6104004],[121.0132719,14.6103945],[121.0133006,14.6100831],[121.0133259,14.6097149],[121.0133359,14.6096576],[121.0133521,14.6096136],[121.0135026,14.6093669],[121.0135715,14.6092402],[121.0136996,14.6089691],[121.013729,14.6088356],[121.0137368,14.6087883],[121.0137721,14.6085678],[121.0138099,14.6083123],[121.0138587,14.6079984],[121.0139692,14.6072888],[121.0139822,14.607205],[121.0153858,14.6061298],[121.0163648,14.6053799],[121.0175128,14.6044948],[121.0187145,14.6056742],[121.0180579,14.6063181],[121.0176275,14.6067666],[121.0174159,14.6070826],[121.0173514,14.607233],[121.0172275,14.6075643],[121.0171111,14.6080086],[121.0170322,14.6095612],[121.0168597,14.6130399],[121.0167672,14.6147501],[121.0166883,14.6152751],[121.0165746,14.6153332],[121.0157777,14.6153278],[121.0155145,14.6153198],[121.0153007,14.6152788],[121.0148676,14.6151823],[121.0147088,14.6151565],[121.0142591,14.6150614],[121.0141383,14.6150336],[121.0132646,14.614855],[121.0130768,14.6148152],[121.01205,14.6146041],[121.0120735,14.6145234],[121.0121109,14.6144075],[121.0121617,14.6142501],[121.0121887,14.6141662],[121.0121971,14.61414]]]}},{"type":"Feature","properties":{"name":"Sauyo","osm_id":1751070},"geometry":{"type":"Polygon","coordinates":[[[121.0441829,14.6991949],[121.0445732,14.6995532],[121.0456957,14.6983619],[121.0462233,14.6978464],[121.0464912,14.6974448],[121.0469145,14.6967679],[121.0462817,14.6963882],[121.0462606,14.6963756],[121.0464346,14.6958712],[121.0464052,14.6951471],[121.0464316,14.694348],[121.0431344,14.6943537],[121.0428745,14.6945919],[121.0423943,14.6941274],[121.0419439,14.6945787],[121.0418441,14.6947696],[121.0413714,14.6947824],[121.0412296,14.6946274],[121.0406746,14.6945761],[121.0406365,14.6947486],[121.0399055,14.6944479],[121.0389923,14.6942357],[121.0383571,14.6937209],[121.0381941,14.6942274],[121.0372684,14.6947439],[121.0368907,14.6951726],[121.0363228,14.6950814],[121.0363038,14.6953369],[121.035819,14.6948005],[121.0356066,14.6945649],[121.0351733,14.6946443],[121.0347903,14.6947123],[121.0347251,14.6947424],[121.0335089,14.6949904],[121.0332348,14.6947806],[121.0332166,14.6946514],[121.0331741,14.6944892],[121.0331634,14.6942608],[121.0331795,14.6939236],[121.0331929,14.693683],[121.0331795,14.6935603],[121.0331266,14.693461],[121.0330954,14.6934024],[121.0329917,14.6932075],[121.0304123,14.6932694],[121.0302277,14.6932702],[121.0303733,14.6925938],[121.030502,14.6919077],[121.031808,14.6857789],[121.0319539,14.6843177],[121.0320059,14.6821607],[121.0323396,14.6823259],[121.0325477,14.6826906],[121.0328869,14.6829305],[121.0330038,14.6832911],[121.0330103,14.683537],[121.032764,14.6838313],[121.0331264,14.6838208],[121.0335384,14.6839717],[121.0338133,14.6843199],[121.034257,14.6848978],[121.0341594,14.6850399],[121.0341199,14.6851612],[121.0340954,14.6852916],[121.0340881,14.6855925],[121.0344069,14.6857359],[121.0347218,14.6858447],[121.0352738,14.686046],[121.0355052,14.6862129],[121.0356427,14.6865726],[121.0360461,14.6869877],[121.0362588,14.6871482],[121.0363698,14.6871507],[121.0366288,14.6871564],[121.0367308,14.6871586],[121.0370969,14.6871975],[121.0372673,14.6873143],[121.0375891,14.6873856],[121.0377287,14.687513],[121.0378951,14.6875678],[121.0379776,14.687612],[121.0380546,14.687686],[121.038159,14.6876991],[121.038246,14.6877084],[121.0385005,14.6877085],[121.0385871,14.6877085],[121.0386662,14.6877188],[121.0387644,14.6877644],[121.0389009,14.6878252],[121.039097,14.6880019],[121.039149,14.6881534],[121.0392681,14.6882335],[121.039395,14.6882574],[121.039519,14.6881311],[121.0396384,14.6880096],[121.039865,14.6880918],[121.0400728,14.6881535],[121.0402606,14.6882068],[121.0405396,14.6881134],[121.0406469,14.6879266],[121.0407101,14.6878602],[121.040789,14.6878318],[121.0412303,14.6880369],[121.0416279,14.6882451],[121.0418016,14.6884727],[121.0420699,14.6885958],[121.0422343,14.6885638],[121.0423175,14.6884923],[121.0425649,14.6885422],[121.0428694,14.6888024],[121.0430081,14.6889347],[121.043243,14.6890164],[121.0435289,14.6890791],[121.0437811,14.6891001],[121.0440894,14.6891832],[121.0443745,14.6892123],[121.0445518,14.6893354],[121.0447443,14.6894809],[121.0448919,14.6894932],[121.0450047,14.6891229],[121.0452764,14.6891435],[121.0453791,14.6894325],[121.0455528,14.689558],[121.0458072,14.6897741],[121.0460964,14.6898694],[121.0461864,14.6903182],[121.0460141,14.6905159],[121.0460599,14.6911958],[121.0460275,14.6916105],[121.0460239,14.6916565],[121.0459644,14.6921134],[121.0461635,14.692951],[121.0461821,14.6930294],[121.0477592,14.6930677],[121.0564141,14.6932779],[121.0568517,14.693321],[121.0602932,14.6933747],[121.0603103,14.6951758],[121.0598143,14.6951482],[121.0579874,14.6951383],[121.0580009,14.6994128],[121.0580023,14.6995925],[121.0580084,14.7020114],[121.0579759,14.7041217],[121.0585253,14.7041134],[121.0585033,14.7058744],[121.0583351,14.7058902],[121.0582272,14.7058352],[121.0581402,14.7057333],[121.0578517,14.705382],[121.0576783,14.7053311],[121.0573628,14.7053254],[121.0571029,14.7054296],[121.0571199,14.7045937],[121.0558686,14.7045504],[121.054622,14.704524],[121.0529031,14.704501],[121.0526078,14.7041024],[121.0526141,14.7040803],[121.0510553,14.7040487],[121.0507792,14.7038397],[121.0509168,14.7036095],[121.0508987,14.7034527],[121.0502169,14.7029572],[121.0500954,14.7027505],[121.0499797,14.7025537],[121.0497494,14.7023637],[121.0496878,14.7023129],[121.0493874,14.7021884],[121.0491729,14.702122],[121.0489154,14.7021386],[121.0484921,14.7021705],[121.0480415,14.7022652],[121.047897,14.7023954],[121.0477384,14.7024721],[121.0473664,14.7023599],[121.0473405,14.7021201],[121.0473177,14.7021156],[121.047323,14.7018754],[121.0473914,14.7017527],[121.0474518,14.7016682],[121.0474598,14.7016375],[121.0480431,14.7009135],[121.0481512,14.700509],[121.0482001,14.700327],[121.0482145,14.7003011],[121.0482555,14.7001496],[121.0481951,14.7000245],[121.04784,14.6997034],[121.0478716,14.6996619],[121.0477819,14.699577],[121.0473673,14.6998442],[121.0470488,14.7000459],[121.047023,14.7000105],[121.0469247,14.7000744],[121.046796,14.7001571],[121.0467675,14.7001516],[121.0466552,14.7002382],[121.0463122,14.7004619],[121.0461093,14.7005706],[121.044619,14.6997946],[121.0446816,14.6997015],[121.0441051,14.6995388],[121.0441829,14.6991949]]]}},{"type":"Feature","properties":{"name":"Sienna","osm_id":104860},"geometry":{"type":"Polygon","coordinates":[[[121.0086795,14.6358712],[121.0078275,14.6354855],[121.0072153,14.6351988],[121.0071491,14.6351678],[121.0066875,14.6349516],[121.0060286,14.634658],[121.0053573,14.6343523],[121.0047241,14.634054],[121.0046914,14.6340392],[121.0041084,14.6337892],[121.0035063,14.633522],[121.0029133,14.6332492],[121.0028057,14.6331989],[121.0023183,14.6329815],[121.0017254,14.6326998],[121.0015819,14.6336679],[121.0013579,14.6352833],[121.001136,14.6369695],[121.0010441,14.6376252],[121.0009421,14.6383729],[121.0033604,14.6386779],[121.0034304,14.6386863],[121.0035071,14.6386956],[121.0035722,14.638706],[121.00425,14.6387942],[121.0047456,14.6388609],[121.0049055,14.6388814],[121.0054346,14.638953],[121.0057053,14.638985],[121.0059149,14.6390149],[121.0062544,14.639059],[121.0062739,14.6390601],[121.0067281,14.6391278],[121.0068343,14.639137],[121.0070406,14.6388924],[121.0072496,14.6387198],[121.0076507,14.6383937],[121.0078535,14.6382372],[121.0081555,14.6379709],[121.0083046,14.6378112],[121.0084171,14.6376484],[121.0084961,14.6375022],[121.0085318,14.6373515],[121.0085928,14.6371651],[121.0086477,14.6369505],[121.0088034,14.6358797],[121.0086795,14.6358712]]]}},{"type":"Feature","properties":{"name":"Sikatuna Village","osm_id":1368817},"geometry":{"type":"Polygon","coordinates":[[[121.0613996,14.6352503],[121.061201,14.6351584],[121.0610379,14.6351084],[121.0596486,14.6347361],[121.059356,14.6346554],[121.0589513,14.6345344],[121.0588489,14.6345081],[121.0587491,14.6344793],[121.0584756,14.6344004],[121.0578978,14.6342338],[121.0576142,14.6353237],[121.0574692,14.6352828],[121.0573299,14.6352482],[121.0571934,14.6352326],[121.0570665,14.6352298],[121.0569097,14.6352376],[121.0568481,14.6352463],[121.0567728,14.6352683],[121.0567153,14.6352854],[121.0566025,14.6353239],[121.056508,14.6353665],[121.0563949,14.6354211],[121.0563161,14.6354749],[121.0562504,14.63552],[121.0560809,14.6356364],[121.056028,14.6356751],[121.0561169,14.636103],[121.0562039,14.6365847],[121.0563202,14.6374314],[121.0563465,14.6381121],[121.056367,14.6386452],[121.0563952,14.6393778],[121.0569762,14.6393993],[121.0571564,14.6394036],[121.0575445,14.6394128],[121.0575361,14.6395308],[121.0575251,14.6397516],[121.0574957,14.6403382],[121.0574976,14.6405803],[121.05752,14.6406847],[121.0575598,14.6407727],[121.0576387,14.640847],[121.0577202,14.6408833],[121.0578212,14.6409244],[121.0578773,14.6409437],[121.0579726,14.6409706],[121.0580463,14.6409856],[121.0581376,14.6410042],[121.0581764,14.6410121],[121.0587722,14.6410517],[121.0594081,14.6411011],[121.0599739,14.6411423],[121.059931,14.6417005],[121.0598918,14.6422476],[121.0598457,14.6428994],[121.0604097,14.6429384],[121.0610603,14.6429798],[121.0614785,14.6429569],[121.0616332,14.6408237],[121.0617596,14.6390819],[121.061742,14.6390647],[121.0619192,14.6371115],[121.0619146,14.6370983],[121.0615342,14.637083],[121.0615426,14.6369821],[121.0615387,14.6368809],[121.0615224,14.636781],[121.061494,14.6366836],[121.0614538,14.6365901],[121.0614025,14.6365019],[121.0613433,14.6364232],[121.0612753,14.6363513],[121.06119,14.6359522],[121.0613996,14.6352503]]]}},{"type":"Feature","properties":{"name":"Silangan","osm_id":554743},"geometry":{"type":"Polygon","coordinates":[[[121.0625455,14.6276451],[121.0625126,14.6277351],[121.0624816,14.6278594],[121.0624751,14.6279386],[121.0624747,14.6280112],[121.0624944,14.6282381],[121.0624742,14.6283942],[121.0624383,14.628492],[121.0623758,14.6285549],[121.0622909,14.628575],[121.0622046,14.628622],[121.0621154,14.6287139],[121.0620055,14.6288549],[121.0618873,14.6289783],[121.0617275,14.6290692],[121.0614387,14.6292861],[121.0612578,14.6293444],[121.0610358,14.6293399],[121.0608912,14.629345],[121.0607811,14.6294126],[121.0606405,14.6294595],[121.060431,14.6294165],[121.0602184,14.6293375],[121.0596232,14.629007],[121.0594378,14.6289041],[121.0592763,14.6288416],[121.0590602,14.6287787],[121.0587358,14.6287884],[121.058502,14.6287616],[121.0582276,14.6286788],[121.0579486,14.6285593],[121.0575794,14.6283463],[121.057471,14.6283352],[121.0573311,14.628383],[121.0571955,14.6284926],[121.0571226,14.6285956],[121.057119,14.6287199],[121.0571561,14.6287978],[121.0572049,14.6288474],[121.0572613,14.6289971],[121.0572647,14.629134],[121.0571784,14.6292733],[121.0570776,14.6293781],[121.0569146,14.6294178],[121.0567169,14.6294273],[121.0560295,14.6292906],[121.0558024,14.629199],[121.0554436,14.6290181],[121.0553008,14.6288289],[121.0554072,14.6286105],[121.0554626,14.6284967],[121.056246,14.6268657],[121.0564149,14.6265136],[121.0570521,14.6251431],[121.0571523,14.6249404],[121.0571745,14.6248966],[121.0575009,14.6250417],[121.0604137,14.6265158],[121.0618981,14.6272617],[121.0625817,14.6275669],[121.0625455,14.6276451]]]}},{"type":"Feature","properties":{"name":"Socorro","osm_id":108742},"geometry":{"type":"Polygon","coordinates":[[[121.0501155,14.6215921],[121.0517909,14.6223253],[121.0521476,14.6224881],[121.0530425,14.622917],[121.0531634,14.6229584],[121.0571745,14.6248966],[121.0572034,14.6248429],[121.0574312,14.6243904],[121.0576599,14.6239162],[121.0578665,14.6234711],[121.0579601,14.623275],[121.0580894,14.6230153],[121.0581528,14.6228783],[121.0582424,14.6226939],[121.0583173,14.6225353],[121.0583444,14.6224813],[121.0583788,14.6224168],[121.0585013,14.6221691],[121.0585607,14.6220448],[121.0585685,14.6220263],[121.058686,14.621772],[121.0587624,14.6216139],[121.0587955,14.6215488],[121.0589366,14.6212722],[121.0590632,14.6209959],[121.0591885,14.6207365],[121.0594099,14.6202628],[121.0594963,14.6200931],[121.0600673,14.618923],[121.0604844,14.6180513],[121.0611307,14.6167035],[121.0614823,14.6158446],[121.0614978,14.6157915],[121.0616228,14.6154844],[121.0616859,14.6153217],[121.0617538,14.6151663],[121.0618413,14.614955],[121.0618681,14.6148831],[121.0619062,14.6147811],[121.0622034,14.6140901],[121.0622367,14.6140073],[121.0625708,14.613202],[121.0627053,14.6128608],[121.0627345,14.6127492],[121.0626436,14.6127272],[121.0618918,14.612545],[121.0616156,14.6124761],[121.0614284,14.6124294],[121.0610757,14.6123453],[121.0610227,14.6123337],[121.0606289,14.6122365],[121.060171,14.6121293],[121.0599791,14.6120843],[121.0598644,14.6120574],[121.0596846,14.6120153],[121.0594777,14.6119668],[121.0591756,14.611896],[121.0585176,14.6117418],[121.0578829,14.6115931],[121.0576848,14.6115467],[121.0574759,14.6114977],[121.0572248,14.6114389],[121.056597,14.6112811],[121.0561551,14.611174],[121.0561133,14.6111638],[121.0559386,14.6111215],[121.0556709,14.611058],[121.0555553,14.6110306],[121.0553659,14.6109856],[121.0553268,14.6109763],[121.0552822,14.6109652],[121.0552177,14.6109504],[121.0550436,14.6109072],[121.052484,14.6164537],[121.0523435,14.6167391],[121.0513341,14.6189039],[121.0508207,14.620041],[121.0501155,14.6215921]]]}},{"type":"Feature","properties":{"name":"South Triangle","osm_id":104833},"geometry":{"type":"Polygon","coordinates":[[[121.0375322,14.6441894],[121.0348778,14.6425633],[121.0330101,14.6414],[121.0328295,14.6412885],[121.0304465,14.6398173],[121.0302761,14.6397132],[121.0283979,14.6385659],[121.0272331,14.6378452],[121.0270601,14.6377382],[121.0260926,14.6371518],[121.026153,14.6370695],[121.0262804,14.6369328],[121.0263551,14.6368684],[121.0264364,14.6368191],[121.0265418,14.6367729],[121.0266501,14.6367408],[121.0267566,14.6367159],[121.0270601,14.6366694],[121.0271944,14.636643],[121.0272402,14.6366341],[121.0272671,14.6366288],[121.027598,14.6365639],[121.0276901,14.6365459],[121.02801,14.6364832],[121.0287758,14.636323],[121.0290175,14.6362698],[121.0291279,14.6362428],[121.0292743,14.6362113],[121.0297845,14.6361002],[121.0298203,14.6360943],[121.0300397,14.6360451],[121.0311725,14.6357976],[121.0312657,14.635777],[121.0313943,14.6357471],[121.0314861,14.6357292],[121.0321342,14.6355892],[121.0322859,14.6355586],[121.0328891,14.6354216],[121.0329504,14.6354097],[121.0331222,14.6353726],[121.0331635,14.6353652],[121.0332389,14.6353459],[121.0333503,14.635318],[121.0348321,14.6349868],[121.035362,14.6348547],[121.035878,14.6347354],[121.0359285,14.6347279],[121.0361981,14.6346662],[121.036936,14.6345101],[121.0370546,14.6344812],[121.037233,14.6344371],[121.0374841,14.6343882],[121.0377448,14.6343343],[121.0385196,14.6341575],[121.0395659,14.6339272],[121.0398576,14.6338639],[121.0409662,14.6336235],[121.0409969,14.6336142],[121.0411681,14.6335767],[121.0412488,14.6335594],[121.0412818,14.6335532],[121.0413167,14.6335478],[121.0414722,14.6335164],[121.0416488,14.6334763],[121.0418618,14.6334311],[121.0422256,14.6333517],[121.0425291,14.6332877],[121.0427486,14.633242],[121.0430342,14.6331735],[121.0430987,14.6331607],[121.043373,14.6330946],[121.043474,14.6330732],[121.0435113,14.6330673],[121.0441048,14.6329563],[121.0441932,14.6329543],[121.0442669,14.6329601],[121.0443307,14.6329682],[121.0443981,14.6329809],[121.0444562,14.6329933],[121.0447472,14.6331269],[121.044723,14.6331635],[121.0446877,14.6332171],[121.0442809,14.6338343],[121.0436165,14.6348422],[121.0429645,14.6358426],[121.0429117,14.6359222],[121.0429034,14.6359351],[121.0428624,14.6359978],[121.042805,14.6360818],[121.0425518,14.6364649],[121.0423894,14.6367099],[121.0421523,14.6370674],[121.0397623,14.6407414],[121.0389671,14.6419875],[121.0383073,14.6429971],[121.0375322,14.6441894]]]}},{"type":"Feature","properties":{"name":"Tagumpay","osm_id":555347},"geometry":{"type":"Polygon","coordinates":[[[121.0650054,14.6221198],[121.0649666,14.6221444],[121.0648724,14.6221663],[121.0647031,14.6222369],[121.0645894,14.6223511],[121.0644317,14.6227011],[121.0642855,14.6230386],[121.0637099,14.6242265],[121.0635657,14.6244059],[121.0632231,14.6245933],[121.0629296,14.6248487],[121.0629483,14.6247963],[121.0630262,14.6245777],[121.0628785,14.6244933],[121.0627535,14.624451],[121.0626336,14.6242625],[121.0625411,14.623889],[121.0620655,14.6233077],[121.0619882,14.6232536],[121.0620069,14.6232146],[121.0620677,14.6230881],[121.0621377,14.6229413],[121.0624393,14.6223169],[121.0625063,14.6221719],[121.0627302,14.6217081],[121.0627981,14.6215625],[121.0629711,14.6211903],[121.0630409,14.6210341],[121.0631988,14.6206666],[121.0632949,14.6204506],[121.0633163,14.620402],[121.0634106,14.6201825],[121.0634963,14.6199855],[121.0635691,14.6198256],[121.0645674,14.6202618],[121.0655731,14.6206919],[121.0654906,14.6208921],[121.0654862,14.6209735],[121.065515,14.6210295],[121.0658426,14.62138],[121.0657507,14.6214727],[121.065717,14.6214617],[121.0655884,14.6214199],[121.0654461,14.6214279],[121.0653525,14.6214578],[121.0653035,14.6215232],[121.065174,14.6218274],[121.0651058,14.6219863],[121.0651021,14.6219959],[121.0650054,14.6221198]]]}},{"type":"Feature","properties":{"name":"Talayan","osm_id":1552372},"geometry":{"type":"Polygon","coordinates":[[[121.0068343,14.639137],[121.0070406,14.6388924],[121.0072496,14.6387198],[121.0076507,14.6383937],[121.0078535,14.6382372],[121.0081555,14.6379709],[121.0083046,14.6378112],[121.0084171,14.6376484],[121.0084961,14.6375022],[121.0085318,14.6373515],[121.0085928,14.6371651],[121.0086477,14.6369505],[121.0088034,14.6358797],[121.0089403,14.634242],[121.0090686,14.6331748],[121.0091049,14.6329613],[121.009179,14.6327343],[121.0092827,14.6325127],[121.0094558,14.6322185],[121.0096325,14.6319746],[121.0099159,14.6315876],[121.0102018,14.6313024],[121.0110491,14.6305924],[121.011114,14.6305429],[121.0113963,14.6302689],[121.0116858,14.630009],[121.0118206,14.6299695],[121.0120123,14.6300031],[121.0136819,14.6308335],[121.0139785,14.6308084],[121.0147702,14.6306487],[121.0148638,14.6306238],[121.0150497,14.6308846],[121.0152662,14.6311521],[121.0154224,14.631469],[121.0152593,14.6321002],[121.0150843,14.632489],[121.0147117,14.6326856],[121.0146095,14.6327987],[121.0144748,14.6328739],[121.014384,14.6329311],[121.0142819,14.6329693],[121.0141004,14.6330427],[121.0139399,14.6331074],[121.0138087,14.633213],[121.01368,14.6333376],[121.0136199,14.633512],[121.01368,14.6336615],[121.0138571,14.6339237],[121.0139373,14.6340662],[121.0139938,14.634165],[121.014019,14.634249],[121.0140663,14.6344031],[121.0140511,14.6345266],[121.0139805,14.6347386],[121.0136587,14.6353742],[121.0128673,14.6356359],[121.0122682,14.6358392],[121.0121463,14.6359431],[121.0118974,14.6363251],[121.0114601,14.6369522],[121.0113996,14.6371722],[121.0114424,14.6373876],[121.0115236,14.6375706],[121.0117876,14.6378655],[121.0120262,14.6385258],[121.0121821,14.6390875],[121.0125331,14.6393437],[121.012643,14.6396029],[121.0126274,14.6398936],[121.0119947,14.639821],[121.0115404,14.6397583],[121.0113886,14.6397362],[121.0113469,14.6397284],[121.011291,14.6397219],[121.0112211,14.6397123],[121.0111543,14.6397031],[121.0105961,14.6396209],[121.0105192,14.6396128],[121.0102827,14.6395865],[121.0101754,14.6395685],[121.0099768,14.6395464],[121.0097531,14.6395183],[121.0096557,14.6395078],[121.008088,14.6393042],[121.007869,14.6392763],[121.007774,14.6392602],[121.007586,14.6392359],[121.0072376,14.6391929],[121.0071627,14.6391837],[121.0071133,14.639178],[121.0070534,14.6391706],[121.0069299,14.6391611],[121.0068343,14.639137]]]}},{"type":"Feature","properties":{"name":"Talipapa","osm_id":1751071},"geometry":{"type":"Polygon","coordinates":[[[121.0302277,14.6932702],[121.0245497,14.6934197],[121.0245146,14.6932933],[121.0244686,14.693196],[121.0243684,14.6930177],[121.0242836,14.6928724],[121.0241839,14.692687],[121.0240682,14.6924433],[121.0239012,14.691906],[121.0238923,14.6911428],[121.0237582,14.6909064],[121.0235056,14.6907147],[121.0229565,14.6905977],[121.0221324,14.6903954],[121.0216672,14.6903804],[121.0223396,14.6884807],[121.0192022,14.6851812],[121.014895,14.6806545],[121.0150779,14.6806487],[121.0152166,14.6806469],[121.015324,14.6806459],[121.0155874,14.6806459],[121.0157121,14.6806459],[121.0158596,14.6806435],[121.0161739,14.6806369],[121.0165152,14.6806083],[121.016649,14.680587],[121.0169165,14.6805413],[121.0171838,14.6804975],[121.0175671,14.6804174],[121.0176276,14.6804045],[121.0178833,14.6803252],[121.0181688,14.6802155],[121.0183648,14.6801445],[121.0184569,14.6801316],[121.0187694,14.6801049],[121.018905,14.6800915],[121.0190676,14.6800701],[121.0191609,14.6800579],[121.0192235,14.6800468],[121.0193552,14.6800256],[121.0193609,14.6800247],[121.0194718,14.6800069],[121.0195974,14.6799867],[121.0197968,14.6799551],[121.0199641,14.6799286],[121.0200894,14.6799077],[121.0204229,14.6798541],[121.0206138,14.679822],[121.0208399,14.679784],[121.0208582,14.6797809],[121.021042,14.6797568],[121.0212471,14.6797234],[121.0215598,14.6796666],[121.0217002,14.679644],[121.0221626,14.6796009],[121.0224056,14.6795744],[121.0225563,14.6795615],[121.0228597,14.6795341],[121.0229305,14.6795314],[121.0231999,14.6794995],[121.0233871,14.6794733],[121.0234318,14.6794689],[121.0234825,14.6794617],[121.0237646,14.6793868],[121.0239588,14.6793294],[121.0241044,14.6792824],[121.0244921,14.6791776],[121.0247169,14.6791159],[121.0247901,14.679097],[121.0248409,14.6790832],[121.0250119,14.6790233],[121.0250305,14.679082],[121.0250708,14.6793318],[121.0251192,14.6794794],[121.0251346,14.6796883],[121.0250896,14.6797767],[121.0250578,14.6798903],[121.0250554,14.680004],[121.0250899,14.68007],[121.0251531,14.6801115],[121.0255256,14.6802029],[121.0258868,14.6803189],[121.0261773,14.6806976],[121.0262351,14.6807067],[121.026385,14.6806584],[121.0264565,14.6806659],[121.0265164,14.6807164],[121.0267827,14.6812489],[121.0268447,14.6813806],[121.0269688,14.6815247],[121.0273417,14.6816122],[121.0276507,14.6816545],[121.0278217,14.681667],[121.0280319,14.6818787],[121.0281982,14.6820273],[121.0285161,14.6817197],[121.0287206,14.6815575],[121.0288284,14.6815151],[121.0290363,14.6819616],[121.0292125,14.6821522],[121.0294149,14.6821925],[121.0295702,14.6822274],[121.029741,14.682234],[121.029945,14.6822137],[121.030171,14.6822021],[121.0303082,14.6822074],[121.0304074,14.6823391],[121.0305357,14.682437],[121.0311094,14.6820944],[121.0313761,14.6819429],[121.0316002,14.6819401],[121.0318001,14.6820597],[121.0320059,14.6821607],[121.0319539,14.6843177],[121.031808,14.6857789],[121.030502,14.6919077],[121.0303733,14.6925938],[121.0302277,14.6932702]]]}},{"type":"Feature","properties":{"name":"Tandang Sora","osm_id":1751072},"geometry":{"type":"Polygon","coordinates":[[[121.0393295,14.6712223],[121.039554,14.6713919],[121.0397485,14.6714555],[121.0398262,14.6715216],[121.0398316,14.6718784],[121.0398329,14.6719588],[121.0398249,14.6720289],[121.0398108,14.6721067],[121.0398215,14.6722371],[121.0398875,14.672329],[121.0398764,14.672418],[121.0402527,14.6724979],[121.0402869,14.6725206],[121.0404979,14.6725814],[121.0406701,14.6726242],[121.040812,14.6726296],[121.0408482,14.6726588],[121.0409092,14.6726802],[121.0409649,14.67269],[121.0410246,14.6726828],[121.0410675,14.6727029],[121.041101,14.6727081],[121.0411533,14.6727075],[121.0411788,14.6726913],[121.0412022,14.6726893],[121.0412277,14.6726913],[121.0412659,14.6726925],[121.0413015,14.6727016],[121.0413256,14.6726958],[121.0413688,14.672718],[121.0413704,14.6727189],[121.041506,14.6728164],[121.0416348,14.6729306],[121.0417561,14.6729721],[121.0419452,14.6730402],[121.042019,14.6730681],[121.0422684,14.6731207],[121.0423207,14.6731226],[121.042375,14.6731142],[121.0423938,14.673096],[121.0424186,14.6730805],[121.0425259,14.6730785],[121.0426553,14.6731103],[121.042764,14.6731946],[121.0429209,14.6733166],[121.0429859,14.673349],[121.0430543,14.6733749],[121.0434856,14.6733737],[121.0435052,14.6736793],[121.0435083,14.6737252],[121.0436189,14.6753372],[121.0436609,14.6759695],[121.0436846,14.6761099],[121.0438767,14.6768407],[121.0441252,14.6772051],[121.0443548,14.6774545],[121.0447086,14.6779436],[121.0449486,14.6782575],[121.0455324,14.6790409],[121.0461825,14.6798912],[121.0474411,14.6813764],[121.0481289,14.682567],[121.048856,14.6835595],[121.0497957,14.6845336],[121.051048,14.6859005],[121.0514008,14.686218],[121.0518505,14.6864473],[121.0522386,14.6866148],[121.0536408,14.6866854],[121.0543375,14.6868],[121.0548842,14.6871881],[121.0553605,14.6876026],[121.0558631,14.6880788],[121.0563041,14.6887226],[121.0564187,14.6891635],[121.0564141,14.6932779],[121.0477592,14.6930677],[121.0461821,14.6930294],[121.0461635,14.692951],[121.0459644,14.6921134],[121.0460239,14.6916565],[121.0460275,14.6916105],[121.0460599,14.6911958],[121.0460141,14.6905159],[121.0461864,14.6903182],[121.0460964,14.6898694],[121.0458072,14.6897741],[121.0455528,14.689558],[121.0453791,14.6894325],[121.0452764,14.6891435],[121.0450047,14.6891229],[121.0448919,14.6894932],[121.0447443,14.6894809],[121.0445518,14.6893354],[121.0443745,14.6892123],[121.0440894,14.6891832],[121.0437811,14.6891001],[121.0435289,14.6890791],[121.043243,14.6890164],[121.0430081,14.6889347],[121.0428694,14.6888024],[121.0425649,14.6885422],[121.0423175,14.6884923],[121.0422343,14.6885638],[121.0420699,14.6885958],[121.0418016,14.6884727],[121.0416279,14.6882451],[121.0412303,14.6880369],[121.040789,14.6878318],[121.0407101,14.6878602],[121.0406469,14.6879266],[121.0405396,14.6881134],[121.0402606,14.6882068],[121.0400728,14.6881535],[121.039865,14.6880918],[121.0396384,14.6880096],[121.039519,14.6881311],[121.039395,14.6882574],[121.0392681,14.6882335],[121.039149,14.6881534],[121.039097,14.6880019],[121.0389009,14.6878252],[121.0387644,14.6877644],[121.0386662,14.6877188],[121.0385871,14.6877085],[121.0385005,14.6877085],[121.038246,14.6877084],[121.038159,14.6876991],[121.0380546,14.687686],[121.0379776,14.687612],[121.0378951,14.6875678],[121.0377287,14.687513],[121.0375891,14.6873856],[121.0372673,14.6873143],[121.0370969,14.6871975],[121.0367308,14.6871586],[121.0366288,14.6871564],[121.0363698,14.6871507],[121.0362588,14.6871482],[121.0360461,14.6869877],[121.0356427,14.6865726],[121.0355052,14.6862129],[121.0352738,14.686046],[121.0347218,14.6858447],[121.0344069,14.6857359],[121.0340881,14.6855925],[121.0340954,14.6852916],[121.0341199,14.6851612],[121.0341594,14.6850399],[121.034257,14.6848978],[121.0338133,14.6843199],[121.0335384,14.6839717],[121.0331264,14.6838208],[121.032764,14.6838313],[121.0330103,14.683537],[121.0330038,14.6832911],[121.0328869,14.6829305],[121.0325477,14.6826906],[121.0323396,14.6823259],[121.0320059,14.6821607],[121.0318001,14.6820597],[121.0316002,14.6819401],[121.0313761,14.6819429],[121.0311094,14.6820944],[121.0305357,14.682437],[121.0304074,14.6823391],[121.0303082,14.6822074],[121.030171,14.6822021],[121.029945,14.6822137],[121.029741,14.682234],[121.0295702,14.6822274],[121.0294149,14.6821925],[121.0292125,14.6821522],[121.0290363,14.6819616],[121.0288284,14.6815151],[121.0287206,14.6815575],[121.0285161,14.6817197],[121.0281982,14.6820273],[121.0280319,14.6818787],[121.0278217,14.681667],[121.0276507,14.6816545],[121.0273417,14.6816122],[121.0269688,14.6815247],[121.0268447,14.6813806],[121.0267827,14.6812489],[121.0265164,14.6807164],[121.0264565,14.6806659],[121.026385,14.6806584],[121.0262351,14.6807067],[121.0261773,14.6806976],[121.0258868,14.6803189],[121.0255256,14.6802029],[121.0251531,14.6801115],[121.0250899,14.68007],[121.0250554,14.680004],[121.0250578,14.6798903],[121.0250896,14.6797767],[121.0251346,14.6796883],[121.0251192,14.6794794],[121.0250708,14.6793318],[121.0250305,14.679082],[121.0250119,14.6790233],[121.0249528,14.6789172],[121.0248783,14.6788202],[121.0245425,14.6783992],[121.0244795,14.6782738],[121.0244309,14.678177],[121.0243613,14.6779401],[121.0243112,14.6777837],[121.0242976,14.6776306],[121.0242894,14.6775391],[121.0242859,14.677295],[121.0243289,14.6771716],[121.0244037,14.6769806],[121.0244746,14.6767683],[121.0245328,14.6765057],[121.0246051,14.6764183],[121.0248657,14.6762494],[121.0249179,14.6761448],[121.0247892,14.6759414],[121.0246076,14.6757678],[121.0244911,14.67569],[121.0239561,14.6754512],[121.0239028,14.6754253],[121.0237361,14.6753443],[121.0236923,14.6752631],[121.0237437,14.6751289],[121.0238601,14.674937],[121.0240186,14.6747333],[121.0241917,14.6745092],[121.0242862,14.6743383],[121.0243888,14.6742724],[121.024657,14.6742734],[121.0247844,14.6742682],[121.0248488,14.6742267],[121.0249289,14.6742093],[121.0250688,14.674202],[121.0251573,14.6741203],[121.0252042,14.6740152],[121.0252623,14.6739753],[121.025292,14.6739128],[121.0253527,14.6738082],[121.0255363,14.6739982],[121.0258041,14.6738593],[121.025934,14.6741714],[121.0263482,14.6741592],[121.0265627,14.6742085],[121.0267006,14.6742807],[121.0279807,14.6744654],[121.0280996,14.6743512],[121.0282096,14.6742228],[121.0282733,14.6740739],[121.0285746,14.6738251],[121.0287722,14.6737073],[121.0290182,14.6738887],[121.0294811,14.6742444],[121.029658,14.6741722],[121.0297787,14.6741229],[121.0297652,14.6740683],[121.0298895,14.6740057],[121.0301653,14.6739893],[121.0303553,14.6740436],[121.0304931,14.6740919],[121.0305445,14.6740879],[121.0307106,14.6739596],[121.0310355,14.6741388],[121.0311223,14.674219],[121.0311892,14.6742555],[121.0312292,14.6742956],[121.0315108,14.6744583],[121.0315701,14.6746029],[121.0315776,14.6746157],[121.0315925,14.674623],[121.031929,14.6747089],[121.0320043,14.6747281],[121.0325581,14.6742727],[121.0328432,14.6740275],[121.0331779,14.6739393],[121.0334082,14.6739064],[121.0336809,14.6738669],[121.0339364,14.6737323],[121.034153,14.6739539],[121.0346161,14.6735543],[121.0349269,14.6732837],[121.0351013,14.6730273],[121.0356674,14.6718726],[121.0361734,14.6721099],[121.0366065,14.6723082],[121.0369902,14.6724487],[121.0371236,14.6724975],[121.0376295,14.67268],[121.0376992,14.672704],[121.0378215,14.6727464],[121.0379473,14.6727938],[121.0379769,14.6727983],[121.0379889,14.6727563],[121.0381581,14.6722222],[121.0385571,14.6720041],[121.0390891,14.6715189],[121.0393295,14.6712223]]]}},{"type":"Feature","properties":{"name":"Tatalon","osm_id":1552387},"geometry":{"type":"Polygon","coordinates":[[[121.0148561,14.6297799],[121.0150786,14.6294279],[121.0155704,14.6291094],[121.0161103,14.6288237],[121.0162286,14.62874],[121.016383,14.6286306],[121.0165819,14.6284986],[121.0170042,14.6279084],[121.0172596,14.6275469],[121.0177125,14.6268244],[121.0180751,14.626563],[121.0186435,14.6265472],[121.0189319,14.6265842],[121.0193284,14.6264969],[121.0193645,14.626489],[121.019578,14.6263575],[121.019652,14.626252],[121.0198081,14.6260438],[121.0199374,14.6258044],[121.0200389,14.6256163],[121.020076,14.6254073],[121.019892,14.6250112],[121.0196133,14.6246121],[121.0192357,14.6244792],[121.0191384,14.6244729],[121.0184031,14.6243962],[121.0178452,14.6241221],[121.0177079,14.623956],[121.0176907,14.6236321],[121.0178796,14.6230923],[121.0182658,14.6221621],[121.0181714,14.6217967],[121.0178184,14.6215241],[121.0173817,14.6212486],[121.0165959,14.6205032],[121.0164179,14.6201863],[121.0163002,14.6197545],[121.0162371,14.6194335],[121.0162538,14.6192791],[121.0160787,14.6192247],[121.0160636,14.6192201],[121.0160229,14.6192078],[121.016001,14.6192012],[121.0158022,14.6191409],[121.015592,14.6190772],[121.0150628,14.6189003],[121.0147087,14.6188542],[121.014697,14.6188532],[121.0117251,14.6186101],[121.0104911,14.6185092],[121.0103026,14.6184941],[121.0101359,14.6184802],[121.009947,14.6184683],[121.0098313,14.6184641],[121.0098267,14.6185439],[121.0097709,14.6193603],[121.0096934,14.6202169],[121.0096671,14.6204467],[121.0096573,14.6205417],[121.0096352,14.6207664],[121.0096104,14.6210658],[121.0095332,14.6218501],[121.0095127,14.621943],[121.0088951,14.6225873],[121.0081295,14.6233998],[121.0080737,14.6234568],[121.0080124,14.6235279],[121.01328,14.6283278],[121.0145757,14.6294953],[121.0148561,14.6297799]]]}},{"type":"Feature","properties":{"name":"Teachers Village East","osm_id":1553813},"geometry":{"type":"Polygon","coordinates":[[[121.0608423,14.6468628],[121.0600306,14.6468682],[121.0599428,14.6468931],[121.0598125,14.6468709],[121.0596187,14.6468731],[121.0595324,14.6468568],[121.0594467,14.6468288],[121.0593317,14.6467761],[121.0592153,14.6466959],[121.0591321,14.6466155],[121.0590215,14.6464776],[121.058544,14.646609],[121.0583877,14.646665],[121.0583023,14.6466963],[121.0582273,14.6467281],[121.0580875,14.646795],[121.0578595,14.6469366],[121.057748,14.6470236],[121.0576696,14.6470934],[121.0575929,14.6471699],[121.057501,14.6472602],[121.0573949,14.6471445],[121.0573409,14.6470601],[121.0572945,14.6469652],[121.0572684,14.6468943],[121.0572532,14.6468412],[121.0572382,14.6467693],[121.0572291,14.6466943],[121.0572272,14.6465892],[121.0572293,14.6465095],[121.0572341,14.6463022],[121.057237,14.646158],[121.0572421,14.6455767],[121.0572991,14.6450275],[121.0574546,14.6444823],[121.057677,14.643933],[121.0579084,14.6434044],[121.0579768,14.6430865],[121.058014,14.6427614],[121.0580769,14.6421265],[121.0581206,14.6415597],[121.0581764,14.6410121],[121.0587722,14.6410517],[121.0594081,14.6411011],[121.0599739,14.6411423],[121.059931,14.6417005],[121.0598918,14.6422476],[121.0598457,14.6428994],[121.0604097,14.6429384],[121.0610603,14.6429798],[121.0614785,14.6429569],[121.0612995,14.6448275],[121.0611532,14.6468688],[121.0608423,14.6468628]]]}},{"type":"Feature","properties":{"name":"Teachers Village West","osm_id":1379854},"geometry":{"type":"Polygon","coordinates":[[[121.0575598,14.6407727],[121.05752,14.6406847],[121.0574976,14.6405803],[121.0574957,14.6403382],[121.0575251,14.6397516],[121.0575361,14.6395308],[121.0575445,14.6394128],[121.0571564,14.6394036],[121.0569762,14.6393993],[121.0563952,14.6393778],[121.055739,14.6393631],[121.05498,14.6393375],[121.0549139,14.6393362],[121.0548639,14.639912],[121.0548259,14.6406074],[121.0547126,14.6412659],[121.0545396,14.6420751],[121.0545966,14.6421083],[121.0547582,14.6421456],[121.054841,14.6421666],[121.0549134,14.6421824],[121.0553611,14.6423037],[121.0551906,14.6429704],[121.0548717,14.6438942],[121.0544537,14.6448784],[121.0540347,14.6456189],[121.0540012,14.645685],[121.0545751,14.6459809],[121.0550285,14.6462197],[121.0550792,14.6462399],[121.0551205,14.6461527],[121.0553361,14.6457378],[121.0556681,14.6458548],[121.0559805,14.645953],[121.0565243,14.6460486],[121.057104,14.6461376],[121.057237,14.646158],[121.0572421,14.6455767],[121.0572991,14.6450275],[121.0574546,14.6444823],[121.057677,14.643933],[121.0579084,14.6434044],[121.0579768,14.6430865],[121.058014,14.6427614],[121.0580769,14.6421265],[121.0581206,14.6415597],[121.0581764,14.6410121],[121.0581376,14.6410042],[121.0580463,14.6409856],[121.0579726,14.6409706],[121.0578773,14.6409437],[121.0578212,14.6409244],[121.0577202,14.6408833],[121.0576387,14.640847],[121.0575598,14.6407727]]]}},{"type":"Feature","properties":{"name":"Ugong Norte","osm_id":131709},"geometry":{"type":"Polygon","coordinates":[[[121.0596867,14.5996641],[121.060053,14.5997439],[121.0687879,14.6018077],[121.0689443,14.6018345],[121.0690509,14.6019693],[121.0691157,14.6019722],[121.069177,14.6019718],[121.0702308,14.6020354],[121.0709797,14.6020666],[121.072784,14.6021556],[121.073355,14.6021769],[121.0739654,14.6021985],[121.0741542,14.6021891],[121.0741421,14.6017797],[121.0741285,14.60132],[121.074064,14.6011959],[121.0751147,14.601246],[121.0754265,14.6012609],[121.0755696,14.6012677],[121.0756793,14.6012729],[121.075855,14.6012813],[121.077532,14.6013612],[121.0784956,14.6014071],[121.0787837,14.6014199],[121.0788071,14.601421],[121.0788539,14.601423],[121.0789124,14.6014252],[121.0791314,14.6014355],[121.0792417,14.6014407],[121.0793238,14.6014446],[121.0793139,14.6016388],[121.0794756,14.6016483],[121.0796389,14.6016569],[121.0798049,14.6016657],[121.079872,14.6016693],[121.0800311,14.6016782],[121.0801883,14.6016862],[121.0803259,14.6016935],[121.0804503,14.6017002],[121.0812935,14.6017534],[121.0814173,14.6017594],[121.0820122,14.6017832],[121.0823531,14.6017929],[121.082531,14.5989494],[121.0824407,14.5972293],[121.0823855,14.596288],[121.0823165,14.5951453],[121.0825605,14.5933792],[121.0827285,14.5921634],[121.0830518,14.5903997],[121.0826503,14.5905369],[121.0799433,14.5915772],[121.0798384,14.5916175],[121.0797276,14.5916496],[121.0796285,14.5916782],[121.0785544,14.5920822],[121.07788,14.5923335],[121.0774771,14.5924751],[121.0760398,14.5926956],[121.0738133,14.5930164],[121.0723414,14.5932389],[121.0706848,14.593464],[121.0704484,14.5934856],[121.0698755,14.5933839],[121.0695316,14.5930667],[121.0680469,14.5919521],[121.0617941,14.5905758],[121.0616432,14.5905503],[121.0614237,14.5904899],[121.0596451,14.5900235],[121.0582621,14.5896463],[121.0572211,14.589369],[121.0577585,14.5911365],[121.0578276,14.591349],[121.0581667,14.592365],[121.0583341,14.5927896],[121.058484,14.5932156],[121.0587576,14.5940416],[121.0592133,14.5953564],[121.0594743,14.5962171],[121.0595967,14.5969132],[121.0596363,14.5971525],[121.0596703,14.5973922],[121.0596993,14.5976371],[121.0597212,14.5978708],[121.0597365,14.5981082],[121.0597432,14.5983444],[121.0597438,14.5986502],[121.0597399,14.5988943],[121.0597277,14.5991796],[121.0597074,14.599452],[121.0596867,14.5996641]]]}},{"type":"Feature","properties":{"name":"Unang Sigaw","osm_id":1751073},"geometry":{"type":"Polygon","coordinates":[[[121.0037376,14.6574195],[121.0003891,14.6573497],[120.999978,14.657345],[120.9991025,14.6573354],[120.9992982,14.6581072],[120.999302,14.6581224],[120.9993861,14.661943],[120.9994033,14.6634339],[121.0007386,14.662611],[121.0009226,14.6612092],[121.0013298,14.6604891],[121.0018077,14.6601894],[121.0021073,14.6596711],[121.0023908,14.65942],[121.002982,14.6592985],[121.0037029,14.6593147],[121.0038736,14.6592027],[121.0037613,14.6589164],[121.0037848,14.658851],[121.003937,14.6584282],[121.0038972,14.6583509],[121.0038179,14.6582025],[121.0037303,14.6580421],[121.0036803,14.6579505],[121.0036493,14.6576879],[121.0037376,14.6574195]]]}},{"type":"Feature","properties":{"name":"UP Campus","osm_id":401155},"geometry":{"type":"Polygon","coordinates":[[[121.0608423,14.6468628],[121.0600306,14.6468682],[121.0599428,14.6468931],[121.0598125,14.6468709],[121.0598179,14.6472507],[121.0595202,14.6483024],[121.0588866,14.6512228],[121.0586866,14.6514701],[121.0586079,14.6515628],[121.0583987,14.651758],[121.0583141,14.6518312],[121.0582251,14.6518619],[121.0581732,14.6521527],[121.0581529,14.6521981],[121.0581448,14.6522163],[121.058109,14.6522964],[121.0579876,14.6525685],[121.0579446,14.6527777],[121.0579272,14.6530008],[121.0579216,14.6530724],[121.0577304,14.6532857],[121.0576135,14.6539559],[121.0575614,14.6541218],[121.0559553,14.6547077],[121.0551055,14.6546247],[121.0539629,14.6544013],[121.0532579,14.6539216],[121.0527342,14.6536001],[121.0524821,14.6538972],[121.0523984,14.6540647],[121.0524003,14.6541929],[121.0523507,14.6543402],[121.0522688,14.6544278],[121.0515507,14.6546549],[121.0514302,14.6546811],[121.0512871,14.6547561],[121.0510853,14.655074],[121.0508835,14.6553918],[121.050508,14.6557967],[121.050455,14.6558413],[121.0502612,14.6560043],[121.0497074,14.6562326],[121.0492107,14.6565713],[121.0488244,14.6568796],[121.0487319,14.6569672],[121.0486326,14.6570424],[121.0485301,14.6572718],[121.0482351,14.6575892],[121.0480555,14.6577825],[121.0478874,14.6580795],[121.0478532,14.6581448],[121.0477463,14.658191],[121.0475297,14.6583402],[121.0474932,14.658402],[121.0473001,14.6585992],[121.047107,14.6586926],[121.0467744,14.6586926],[121.0466698,14.6589936],[121.0465464,14.6592829],[121.0463909,14.6596474],[121.0462057,14.6597306],[121.0460702,14.659628],[121.04592,14.6597111],[121.0460019,14.6598655],[121.046081,14.6599913],[121.0462446,14.660195],[121.0463206,14.6605715],[121.0461843,14.6608204],[121.0459951,14.6610189],[121.0458844,14.6612556],[121.0456658,14.6612678],[121.0454785,14.6611438],[121.045321,14.6609474],[121.0450992,14.6610248],[121.044921,14.6612919],[121.0447564,14.6616008],[121.0447813,14.6616052],[121.0454651,14.6617499],[121.0464268,14.6619462],[121.0466726,14.6619909],[121.0468751,14.6620415],[121.0470328,14.6620914],[121.04727,14.6621767],[121.0473621,14.6621865],[121.0474373,14.6621898],[121.0477026,14.6621811],[121.0478352,14.6621767],[121.0478588,14.6621761],[121.0480726,14.662171],[121.0482567,14.6621692],[121.048357,14.6621676],[121.048583,14.6621641],[121.0487567,14.6621622],[121.0490366,14.6621579],[121.049377,14.6621538],[121.0494066,14.6621538],[121.0498696,14.6621456],[121.0505917,14.6621272],[121.0510311,14.6621184],[121.0514393,14.6621088],[121.0521,14.662097],[121.0528196,14.6620842],[121.0533928,14.6620747],[121.0541781,14.6620577],[121.0547002,14.6620473],[121.0547876,14.6620453],[121.0548018,14.662045],[121.0548798,14.6620425],[121.0550822,14.6620381],[121.0556101,14.6620266],[121.0556492,14.6620257],[121.0557197,14.6620242],[121.0560282,14.6620175],[121.0565459,14.6620063],[121.0568617,14.6619995],[121.0571647,14.6619929],[121.05723,14.6620212],[121.0576025,14.6620109],[121.0579911,14.6620087],[121.0580746,14.6620057],[121.0583477,14.6619979],[121.0589698,14.66198],[121.0591098,14.6619372],[121.0593762,14.6619306],[121.0594022,14.6619304],[121.0594541,14.66193],[121.059749,14.6619242],[121.0598543,14.6619229],[121.0602521,14.6619174],[121.0605796,14.6619073],[121.0612285,14.6618645],[121.061329,14.6618587],[121.0616932,14.6618318],[121.0620683,14.6618154],[121.0624738,14.6618081],[121.0625591,14.6618056],[121.0629867,14.6618055],[121.0634158,14.6618195],[121.0635463,14.6618195],[121.0636045,14.661821],[121.064055,14.66183],[121.064091,14.6618312],[121.0641996,14.6618366],[121.0642766,14.6618747],[121.064337,14.6618806],[121.0647103,14.6619029],[121.0647923,14.6619078],[121.0648865,14.6618944],[121.0649955,14.6618283],[121.0650543,14.6617676],[121.0657811,14.6622625],[121.0663191,14.6623241],[121.0668787,14.6624533],[121.0675204,14.6625333],[121.0677067,14.6625565],[121.068278,14.6626195],[121.0686233,14.6626511],[121.0691503,14.6627344],[121.0723078,14.6631414],[121.0738905,14.6633595],[121.0740553,14.6633979],[121.0741278,14.6633241],[121.0741769,14.6632747],[121.0744743,14.6629161],[121.0745669,14.6628034],[121.07465,14.6626971],[121.0747347,14.6625885],[121.07481,14.6624906],[121.0748854,14.6623895],[121.0749877,14.6622372],[121.0750115,14.6621992],[121.075034,14.6621583],[121.075598,14.6610082],[121.0760429,14.6600817],[121.0761934,14.6596882],[121.0762104,14.6595715],[121.0761837,14.6594549],[121.0761416,14.6593586],[121.076099,14.6592863],[121.0760363,14.6591939],[121.0759393,14.65912],[121.0746818,14.6579868],[121.0745011,14.65779],[121.0744293,14.6576824],[121.0743639,14.6574462],[121.0744175,14.654981],[121.0744178,14.6549274],[121.0744164,14.6548596],[121.0743831,14.6529602],[121.0745921,14.6529699],[121.07618,14.652964],[121.0761811,14.6522741],[121.0762037,14.6514037],[121.0762038,14.6508123],[121.0762245,14.6508105],[121.0762358,14.6503807],[121.0762382,14.6502623],[121.0762148,14.6501337],[121.0762181,14.6500383],[121.0762237,14.6499623],[121.0762234,14.649911],[121.076226,14.6498127],[121.0762255,14.6497422],[121.0762264,14.6495293],[121.0761935,14.6494893],[121.076024,14.6493308],[121.0754726,14.6487689],[121.0747662,14.6480743],[121.0742564,14.6475639],[121.0726838,14.645814],[121.072214,14.6453696],[121.0707155,14.6438476],[121.0667836,14.6399441],[121.0645524,14.637789],[121.062311,14.6405742],[121.0632368,14.6408144],[121.0632996,14.6408457],[121.0633552,14.6408826],[121.0634207,14.6409907],[121.0634283,14.6410503],[121.0633881,14.6411928],[121.0631189,14.641521],[121.0630102,14.6416859],[121.0626336,14.6422474],[121.062643,14.6422968],[121.0630757,14.642629],[121.0636609,14.6430443],[121.0641902,14.6434211],[121.0642736,14.6434914],[121.0643253,14.6435444],[121.0643614,14.6435959],[121.0644952,14.6438579],[121.0645133,14.6439676],[121.0645148,14.6440732],[121.0645271,14.6444085],[121.0645328,14.6445225],[121.064566,14.6451548],[121.0646487,14.6473976],[121.0646545,14.6476832],[121.0645687,14.647676],[121.0644594,14.6476718],[121.0643844,14.6476804],[121.0642629,14.6475864],[121.0642111,14.6475538],[121.0641869,14.6475386],[121.0640866,14.6475035],[121.0640051,14.6474783],[121.0639594,14.647456],[121.0639156,14.6474223],[121.0638748,14.6473746],[121.0638217,14.6473057],[121.0633937,14.6471478],[121.0626856,14.6469021],[121.0626556,14.646898],[121.0624072,14.6468707],[121.0620769,14.6468579],[121.061337,14.6468642],[121.0611532,14.6468688],[121.0608423,14.6468628]]]}},{"type":"Feature","properties":{"name":"UP Village","osm_id":1553814},"geometry":{"type":"Polygon","coordinates":[[[121.0570454,14.6521997],[121.0569554,14.6521827],[121.0566232,14.6521702],[121.0564875,14.6521546],[121.0561851,14.6520887],[121.0557921,14.6520802],[121.0556315,14.6521141],[121.0556102,14.6521272],[121.055564,14.6521731],[121.0553819,14.6524374],[121.0554917,14.6519648],[121.0554731,14.6516278],[121.0550599,14.6516781],[121.0550011,14.6516839],[121.0544674,14.6517102],[121.0544006,14.6517121],[121.0541768,14.6517125],[121.0538567,14.6516819],[121.0536162,14.6516526],[121.0535338,14.6516519],[121.053561,14.651434],[121.0535809,14.6512154],[121.0535847,14.6511499],[121.0535863,14.6511218],[121.0535935,14.6509962],[121.0535953,14.6509216],[121.0535988,14.6507768],[121.0535966,14.6505519],[121.0535867,14.6503271],[121.0535841,14.6502867],[121.0535752,14.6501709],[121.0535739,14.6501545],[121.0538062,14.6501196],[121.0541063,14.6500745],[121.0541846,14.6500627],[121.0541778,14.6500212],[121.054171,14.6499798],[121.05416,14.649897],[121.0541479,14.6498317],[121.0541278,14.6497423],[121.0540053,14.6493108],[121.0539051,14.6490469],[121.0538418,14.6488994],[121.0536461,14.6485228],[121.0534737,14.6482662],[121.0533004,14.6480295],[121.0528325,14.6475309],[121.0528611,14.6474884],[121.0528846,14.6474536],[121.0533172,14.6468115],[121.0536578,14.6462864],[121.053942,14.6457784],[121.0540012,14.645685],[121.0545751,14.6459809],[121.0550285,14.6462197],[121.0550792,14.6462399],[121.0551205,14.6461527],[121.0553361,14.6457378],[121.0556681,14.6458548],[121.0559805,14.645953],[121.0565243,14.6460486],[121.057104,14.6461376],[121.057237,14.646158],[121.0572341,14.6463022],[121.0572293,14.6465095],[121.0572272,14.6465892],[121.0572291,14.6466943],[121.0572382,14.6467693],[121.0572532,14.6468412],[121.0572684,14.6468943],[121.0572945,14.6469652],[121.0573409,14.6470601],[121.0573949,14.6471445],[121.057501,14.6472602],[121.0575929,14.6471699],[121.0576696,14.6470934],[121.057748,14.6470236],[121.0578595,14.6469366],[121.0580875,14.646795],[121.0582273,14.6467281],[121.0583023,14.6466963],[121.0583877,14.646665],[121.058544,14.646609],[121.0590215,14.6464776],[121.0591321,14.6466155],[121.0592153,14.6466959],[121.0593317,14.6467761],[121.0594467,14.6468288],[121.0595324,14.6468568],[121.0596187,14.6468731],[121.0598125,14.6468709],[121.0598179,14.6472507],[121.0595202,14.6483024],[121.0588866,14.6512228],[121.0586866,14.6514701],[121.0586079,14.6515628],[121.0583987,14.651758],[121.0583141,14.6518312],[121.0582251,14.6518619],[121.0581381,14.6519012],[121.0581071,14.651931],[121.0580845,14.6519641],[121.0580593,14.6520368],[121.0579894,14.6521182],[121.0579418,14.6521452],[121.0578635,14.6521702],[121.0577581,14.6522038],[121.0576027,14.652209],[121.0572132,14.652211],[121.0571283,14.6522155],[121.0570454,14.6521997]]]}},{"type":"Feature","properties":{"name":"Valencia","osm_id":1586846},"geometry":{"type":"Polygon","coordinates":[[[121.0391963,14.6075688],[121.0388707,14.6073116],[121.0387118,14.6071739],[121.0386948,14.607157],[121.038653,14.607123],[121.0384989,14.60699],[121.0380917,14.6066262],[121.0380345,14.6065754],[121.0378182,14.6063977],[121.0377321,14.6063141],[121.0376133,14.6064446],[121.0372834,14.6067543],[121.0370345,14.6076347],[121.0368916,14.6079957],[121.0368975,14.608417],[121.0368149,14.608499],[121.0363622,14.6086678],[121.0362119,14.6086815],[121.0359383,14.6086822],[121.0355505,14.6086707],[121.0353238,14.6088145],[121.0352143,14.6089671],[121.0348568,14.6094131],[121.0346766,14.609438],[121.0343474,14.6094571],[121.0339011,14.6095485],[121.0336672,14.6096889],[121.0334107,14.6099756],[121.0328741,14.6107088],[121.0327126,14.6108919],[121.0325136,14.6110659],[121.0320248,14.6115037],[121.0316733,14.611683],[121.0314635,14.6118989],[121.0313434,14.6121154],[121.0312621,14.6122656],[121.0327057,14.6127576],[121.0332168,14.6129749],[121.0369187,14.6151253],[121.0369355,14.6150931],[121.0369762,14.6150258],[121.0369862,14.6150119],[121.0373345,14.6144285],[121.0374144,14.6142926],[121.0377342,14.6137835],[121.0377725,14.6137256],[121.0379185,14.6134831],[121.0380334,14.6132932],[121.0383649,14.6127592],[121.0382401,14.6127277],[121.0381366,14.6126981],[121.0379649,14.6126651],[121.0375967,14.6125958],[121.0373494,14.6125257],[121.0373727,14.6124555],[121.0375738,14.6119693],[121.0377782,14.6115937],[121.037831,14.6114918],[121.0378387,14.6112759],[121.0378333,14.6112612],[121.0378768,14.6109374],[121.0380023,14.6106022],[121.0383673,14.609687],[121.0385637,14.6097222],[121.0387934,14.6096184],[121.0389191,14.6096214],[121.0390248,14.609702],[121.0392327,14.6100582],[121.0392794,14.6101482],[121.0393902,14.6102391],[121.0396801,14.6102791],[121.0401257,14.6102144],[121.040301,14.6102393],[121.0407362,14.6100926],[121.0409684,14.6100999],[121.041191,14.6102183],[121.0413226,14.610317],[121.0414314,14.6104426],[121.0414978,14.6103762],[121.041893,14.609721],[121.0421068,14.6093665],[121.0421317,14.6093009],[121.0413743,14.609006],[121.0410549,14.6088794],[121.0409096,14.6088153],[121.0407497,14.6087073],[121.040243,14.6083622],[121.0396159,14.6078858],[121.0393201,14.6076583],[121.0391963,14.6075688]]]}},{"type":"Feature","properties":{"name":"Vasra","osm_id":1552384},"geometry":{"type":"Polygon","coordinates":[[[121.043853,14.6587261],[121.0440436,14.6586855],[121.0444053,14.6586084],[121.0443956,14.658561],[121.0440192,14.656884],[121.043428,14.6545344],[121.0432063,14.6534842],[121.0431088,14.6531248],[121.0430749,14.6529752],[121.0430717,14.6527845],[121.0465084,14.6520263],[121.0465056,14.6521645],[121.0465096,14.6523026],[121.0465202,14.6524404],[121.0465373,14.6525776],[121.0465608,14.6527139],[121.0465907,14.652849],[121.0466141,14.6529246],[121.0466808,14.6530909],[121.0467648,14.6532497],[121.0468651,14.6533994],[121.0469762,14.6535406],[121.0470085,14.6535818],[121.047092,14.6536805],[121.0471781,14.6537838],[121.0472773,14.6538793],[121.0473836,14.6539673],[121.0474963,14.6540474],[121.0476149,14.6541192],[121.0477387,14.6541823],[121.047867,14.6542363],[121.0479995,14.6542794],[121.0481219,14.6543095],[121.0482455,14.6543342],[121.0483657,14.6543529],[121.0484866,14.6543665],[121.0486081,14.654375],[121.0487297,14.6543784],[121.0488515,14.6543766],[121.048973,14.6543697],[121.0490941,14.6543578],[121.0492146,14.6543407],[121.0492942,14.6543265],[121.0493733,14.6543101],[121.049559,14.6542624],[121.0497409,14.6542025],[121.0499181,14.6541306],[121.0500897,14.6540471],[121.0501673,14.6540045],[121.0502434,14.6539596],[121.0503918,14.6538622],[121.0505333,14.6537559],[121.0506676,14.653641],[121.050794,14.653518],[121.0508164,14.653497],[121.0509349,14.6533838],[121.0510504,14.6532676],[121.0511626,14.6531486],[121.0512433,14.6530663],[121.0513183,14.6529791],[121.0513872,14.6528873],[121.0514497,14.6527913],[121.0515737,14.6528648],[121.052096,14.6531863],[121.0527342,14.6536001],[121.0524821,14.6538972],[121.0523984,14.6540647],[121.0524003,14.6541929],[121.0523507,14.6543402],[121.0522688,14.6544278],[121.0515507,14.6546549],[121.0514302,14.6546811],[121.0512871,14.6547561],[121.0510853,14.655074],[121.0508835,14.6553918],[121.050508,14.6557967],[121.050455,14.6558413],[121.0502612,14.6560043],[121.0497074,14.6562326],[121.0492107,14.6565713],[121.0488244,14.6568796],[121.0487319,14.6569672],[121.0486326,14.6570424],[121.0485301,14.6572718],[121.0482351,14.6575892],[121.0480555,14.6577825],[121.0478874,14.6580795],[121.0478532,14.6581448],[121.0477463,14.658191],[121.0475297,14.6583402],[121.0474932,14.658402],[121.0473001,14.6585992],[121.047107,14.6586926],[121.0467744,14.6586926],[121.0466698,14.6589936],[121.0465464,14.6592829],[121.0463909,14.6596474],[121.0462057,14.6597306],[121.0460702,14.659628],[121.04592,14.6597111],[121.0460019,14.6598655],[121.046081,14.6599913],[121.0462446,14.660195],[121.0463206,14.6605715],[121.0461843,14.6608204],[121.0459951,14.6610189],[121.0458844,14.6612556],[121.0456658,14.6612678],[121.0454785,14.6611438],[121.045321,14.6609474],[121.0450992,14.6610248],[121.044921,14.6612919],[121.0447564,14.6616008],[121.0447548,14.6618294],[121.044785,14.6619721],[121.0448274,14.6620385],[121.0450043,14.6623168],[121.0453603,14.6627843],[121.0453254,14.6629999],[121.0450902,14.6632418],[121.0450533,14.6636249],[121.0450291,14.6637801],[121.045019,14.6638612],[121.0449996,14.6639235],[121.0449808,14.6639682],[121.0449178,14.6640448],[121.0448712,14.6640937],[121.0448494,14.6641349],[121.0448393,14.664181],[121.044834,14.6642965],[121.0447977,14.6644729],[121.0448326,14.6645715],[121.0448179,14.664652],[121.0448105,14.6646681],[121.0447615,14.6647155],[121.0447173,14.6647415],[121.0446328,14.6647778],[121.0445697,14.6647937],[121.0444638,14.6648012],[121.0443874,14.664796],[121.0443364,14.664796],[121.0443042,14.6648083],[121.0442713,14.6648186],[121.0442432,14.6648491],[121.0442036,14.6648978],[121.0441712,14.6649388],[121.0440943,14.6650243],[121.0440649,14.6650483],[121.044029,14.6650684],[121.0439784,14.6650841],[121.0438831,14.665119],[121.043745,14.6651657],[121.0434792,14.665219],[121.0433421,14.6652057],[121.0438592,14.6629414],[121.0431941,14.6627968],[121.0435285,14.6613937],[121.0437955,14.6601933],[121.0440104,14.6593799],[121.043853,14.6587261]]]}},{"type":"Feature","properties":{"name":"Veterans Village","osm_id":913944},"geometry":{"type":"Polygon","coordinates":[[[121.0288787,14.655868],[121.0284879,14.6559561],[121.0281126,14.6560375],[121.0265891,14.656368],[121.026461,14.6563959],[121.0259905,14.6564988],[121.0258624,14.6565279],[121.0249966,14.6567247],[121.0236185,14.6570366],[121.0222457,14.6573526],[121.0218338,14.6574386],[121.0216344,14.6574735],[121.0205936,14.6576165],[121.0205204,14.6576204],[121.0202593,14.6576446],[121.01996,14.6576544],[121.0196921,14.6576553],[121.0195538,14.6573877],[121.0192902,14.6566905],[121.0192272,14.6565085],[121.0191642,14.6563108],[121.0189498,14.6557483],[121.0188073,14.6553491],[121.0187444,14.6551282],[121.0187236,14.6550647],[121.0186734,14.6548425],[121.0186671,14.6548192],[121.0187493,14.654833],[121.0189026,14.6548223],[121.0190519,14.6547822],[121.0191672,14.6547323],[121.0193503,14.6546551],[121.019416,14.6545734],[121.0194844,14.6545033],[121.019581,14.6543801],[121.0196292,14.6543282],[121.0197121,14.6541741],[121.0197163,14.6541111],[121.0197155,14.6540465],[121.0197383,14.6540008],[121.01977,14.653959],[121.0198237,14.6539084],[121.0198746,14.6538039],[121.0199122,14.6537696],[121.0199323,14.6537592],[121.0199651,14.6537657],[121.0201347,14.6538345],[121.020222,14.6539097],[121.0202911,14.6539519],[121.0203923,14.6538792],[121.0204647,14.6537936],[121.0205405,14.6536762],[121.0204151,14.6535867],[121.0204782,14.6534997],[121.0205754,14.6534342],[121.0206659,14.6533933],[121.0207564,14.6532389],[121.0208751,14.6531157],[121.0209663,14.6530456],[121.0210736,14.6529476],[121.0211621,14.6528932],[121.0211968,14.6528737],[121.0212292,14.6528386],[121.0231879,14.6523471],[121.0239118,14.6521928],[121.0241142,14.652371],[121.0241863,14.6524345],[121.0243484,14.6524109],[121.0245363,14.652427],[121.0248369,14.6521607],[121.0250219,14.6520194],[121.0252088,14.6519481],[121.0255018,14.6519052],[121.0257049,14.6516705],[121.0259393,14.6514163],[121.0263843,14.6511908],[121.0265161,14.651175],[121.0266586,14.6509166],[121.0268062,14.6505788],[121.027298,14.6506192],[121.0277315,14.6506286],[121.0288787,14.655868]]]}},{"type":"Feature","properties":{"name":"Villa Maria Clara","osm_id":555343},"geometry":{"type":"Polygon","coordinates":[[[121.067139,14.6148364],[121.0671704,14.6148286],[121.0673615,14.6148251],[121.0675783,14.614842],[121.0678687,14.6149165],[121.0684467,14.6150452],[121.0689669,14.6151685],[121.0690334,14.6151843],[121.0694696,14.6152865],[121.0695229,14.6153111],[121.0695655,14.6153669],[121.0696249,14.6157128],[121.069722,14.6161144],[121.069799,14.6163291],[121.0698488,14.6164482],[121.0703378,14.6175018],[121.070467,14.6177834],[121.0699397,14.6180012],[121.0694463,14.618214],[121.0689425,14.6184338],[121.0686183,14.6185756],[121.0680726,14.6173527],[121.0675524,14.6162102],[121.067488,14.6159963],[121.0672911,14.6153407],[121.0671542,14.6148867],[121.067139,14.6148364]]]}},{"type":"Feature","properties":{"name":"West Crame","osm_id":131820},"geometry":{"type":"Polygon","coordinates":[[[121.0500481,14.6096889],[121.0499506,14.6096662],[121.0494174,14.6095353],[121.0493489,14.6095176],[121.0489874,14.6094296],[121.0488039,14.609382],[121.0484539,14.6093052],[121.0483294,14.6092755],[121.048233,14.6092525],[121.0480342,14.6092028],[121.0477992,14.6091441],[121.0477546,14.6091336],[121.0475866,14.609092],[121.0471288,14.6089875],[121.0470529,14.6089712],[121.0469987,14.6089577],[121.0469243,14.608939],[121.0466595,14.6088721],[121.0462786,14.6087713],[121.046206,14.6087541],[121.046149,14.6087406],[121.0459282,14.6086828],[121.0458646,14.6086757],[121.0458196,14.6086706],[121.0457618,14.6086687],[121.045746,14.6086009],[121.0459832,14.6073778],[121.0461255,14.6067563],[121.0462531,14.6065149],[121.0470857,14.6070313],[121.0479306,14.6075461],[121.048491,14.6078312],[121.0486946,14.6073055],[121.0487424,14.6071767],[121.0488383,14.606897],[121.0493938,14.6054545],[121.0499848,14.6039792],[121.0500143,14.603918],[121.0501168,14.6036481],[121.050946,14.6040193],[121.0517929,14.6043748],[121.0516597,14.6046499],[121.051977,14.6048031],[121.0514962,14.6058821],[121.051396,14.6062072],[121.0513718,14.6063175],[121.0510734,14.607049],[121.0500481,14.6096889]]]}},{"type":"Feature","properties":{"name":"West Kamias","osm_id":556084},"geometry":{"type":"Polygon","coordinates":[[[121.0467003,14.6290091],[121.0469044,14.6285633],[121.0471497,14.6286187],[121.0472533,14.6286198],[121.0473554,14.6286158],[121.0474451,14.628599],[121.0475401,14.6285693],[121.047734,14.6285003],[121.0478232,14.6284741],[121.0479548,14.6284533],[121.0484038,14.6284112],[121.0485709,14.6284603],[121.0486537,14.6284626],[121.0487537,14.628514],[121.0488763,14.62861],[121.0491678,14.6289207],[121.0493846,14.629135],[121.0496191,14.6294474],[121.049784,14.6297733],[121.0498602,14.629836],[121.0501936,14.6299199],[121.0506356,14.6300527],[121.0509049,14.6300997],[121.050939,14.6301057],[121.0511707,14.630031],[121.0516514,14.629923],[121.0518659,14.6298399],[121.0520805,14.6299728],[121.0522267,14.6301509],[121.0524399,14.6302998],[121.0527778,14.6304621],[121.0526355,14.6307449],[121.0525159,14.6311689],[121.0524804,14.6312647],[121.0524769,14.6312749],[121.0523929,14.6315195],[121.0523724,14.6315864],[121.0523618,14.6316214],[121.0522349,14.6320419],[121.0520719,14.6325515],[121.0519744,14.6325233],[121.0499137,14.6319279],[121.0498081,14.6318953],[121.0497227,14.6318707],[121.0488679,14.6316244],[121.0474721,14.6312223],[121.0473796,14.6311956],[121.0473446,14.6311855],[121.0470933,14.6311131],[121.0469595,14.6310745],[121.046646,14.6309842],[121.0461577,14.6308435],[121.0461471,14.6308404],[121.0461324,14.6308362],[121.0460206,14.630804],[121.0458928,14.6307641],[121.0459623,14.6306224],[121.0467003,14.6290091]]]}},{"type":"Feature","properties":{"name":"West Triangle","osm_id":104866},"geometry":{"type":"Polygon","coordinates":[[[121.0277551,14.6456501],[121.027734,14.6455416],[121.0276899,14.6453321],[121.027659,14.6452018],[121.027613,14.6450051],[121.0275624,14.6447824],[121.027546,14.644713],[121.0274414,14.6442603],[121.0273755,14.6439633],[121.0273333,14.6437866],[121.0273173,14.6437097],[121.0271263,14.6428933],[121.0271003,14.6427818],[121.0270851,14.6427077],[121.0270752,14.6426689],[121.0270646,14.6426304],[121.0270556,14.6425943],[121.0270282,14.6424763],[121.0269954,14.6423282],[121.0269812,14.6422705],[121.0269509,14.6421217],[121.0269113,14.6419592],[121.0266576,14.6408629],[121.0265986,14.6405948],[121.0265446,14.6403635],[121.0265045,14.6401865],[121.0264449,14.6399223],[121.0264225,14.6398249],[121.0262911,14.639262],[121.0262319,14.6389859],[121.0262022,14.6388479],[121.02617,14.6387121],[121.0261115,14.638456],[121.0260082,14.6380164],[121.0259525,14.6378746],[121.0259381,14.637798],[121.0259321,14.6377159],[121.0259318,14.6376414],[121.0259345,14.6376],[121.0259367,14.6375482],[121.0259473,14.6374777],[121.0259697,14.6373824],[121.0260357,14.6372282],[121.0260926,14.6371518],[121.0270601,14.6377382],[121.0272331,14.6378452],[121.0283979,14.6385659],[121.0302761,14.6397132],[121.0304465,14.6398173],[121.0328295,14.6412885],[121.0330101,14.6414],[121.0348778,14.6425633],[121.0375322,14.6441894],[121.03566,14.6470696],[121.0353921,14.6474816],[121.0353354,14.6475689],[121.0352751,14.6476617],[121.0351029,14.6479266],[121.0348862,14.6477527],[121.0348536,14.6477313],[121.0348178,14.647712],[121.0347896,14.6477007],[121.0347573,14.6476908],[121.0347197,14.647693],[121.0346713,14.6477022],[121.0345846,14.6477301],[121.0344989,14.6477512],[121.0344552,14.6477607],[121.0344185,14.6477612],[121.0343782,14.6477511],[121.0343314,14.6477334],[121.0342523,14.6476901],[121.0340288,14.6475625],[121.0338459,14.6474516],[121.0337388,14.6474107],[121.0336595,14.6473907],[121.0334679,14.6473597],[121.0333988,14.647353],[121.0333387,14.647348],[121.0333046,14.6473477],[121.0330989,14.647364],[121.0329392,14.6473695],[121.0329093,14.6473621],[121.0328954,14.6473561],[121.0328807,14.6473462],[121.0328708,14.6473327],[121.0328625,14.6473184],[121.0328484,14.6472897],[121.0328299,14.6472401],[121.0328021,14.6471666],[121.0327601,14.6469673],[121.0326997,14.64665],[121.0325837,14.6464497],[121.0324857,14.646343],[121.0323876,14.6462556],[121.0322577,14.6461608],[121.0321291,14.6460703],[121.0319357,14.6459618],[121.0317086,14.6458679],[121.0316355,14.6457614],[121.031535,14.6455802],[121.031438,14.6454941],[121.0313175,14.6454308],[121.0312327,14.6453943],[121.0310685,14.6453754],[121.0309568,14.645435],[121.0308194,14.6453957],[121.0307071,14.6453901],[121.0306525,14.6454078],[121.0305944,14.6454384],[121.0304994,14.6454763],[121.0304495,14.6455081],[121.0303994,14.6455321],[121.0302345,14.6456068],[121.0301671,14.6456318],[121.0299735,14.6457096],[121.0298829,14.6457941],[121.0297602,14.6458279],[121.0296431,14.6458453],[121.0295133,14.6458412],[121.0293954,14.6458216],[121.0292657,14.6457628],[121.0291269,14.6456647],[121.0290667,14.6456038],[121.0289862,14.6455803],[121.0288907,14.6455903],[121.0287605,14.6456142],[121.0285964,14.645714],[121.0284088,14.6457853],[121.0282332,14.645831],[121.0280576,14.6458494],[121.0279766,14.6458616],[121.0278742,14.6458731],[121.0277996,14.6458797],[121.0277551,14.6456501]]]}},{"type":"Feature","properties":{"name":"White Plains","osm_id":106629},"geometry":{"type":"Polygon","coordinates":[[[121.0705654,14.6108169],[121.0708655,14.6108188],[121.0720127,14.610753],[121.0753769,14.6107365],[121.0754248,14.610432],[121.075467,14.6100892],[121.075535,14.60886],[121.0752713,14.6080154],[121.0752084,14.6078029],[121.075133,14.6073692],[121.0760876,14.6072125],[121.0760207,14.6068874],[121.0759993,14.606758],[121.0759769,14.6066646],[121.0759259,14.6066041],[121.0758768,14.6065626],[121.0758795,14.6063116],[121.0758079,14.6062206],[121.0758371,14.6060192],[121.0757633,14.6058824],[121.0756586,14.6057719],[121.0755598,14.6057521],[121.0753634,14.6042589],[121.075312,14.6037702],[121.075225,14.6030561],[121.0753753,14.6030445],[121.0753974,14.6029332],[121.0754723,14.6028998],[121.0754526,14.6027534],[121.07534,14.6027265],[121.0752356,14.6024481],[121.0752106,14.6024006],[121.0751451,14.6024241],[121.075025,14.6024656],[121.0748361,14.6024324],[121.0746473,14.6023659],[121.0745652,14.6022494],[121.0743752,14.6021654],[121.0741542,14.6021891],[121.0739654,14.6021985],[121.073355,14.6021769],[121.072784,14.6021556],[121.0709797,14.6020666],[121.0702308,14.6020354],[121.069177,14.6019718],[121.0691157,14.6019722],[121.0690509,14.6019693],[121.0689443,14.6018345],[121.0687879,14.6018077],[121.0687138,14.601924],[121.0699216,14.604979],[121.0703162,14.6082686],[121.0705654,14.6108169]]]}}]}